relative_path,filename,asset_type,size_bytes,size_mb
README_APP_BUNDLE.txt,README_APP_BUNDLE.txt,text,2582,0.0024623870849609375
data/anova/01_AUC_long_for_ANOVA_ALL.csv,01_AUC_long_for_ANOVA_ALL.csv,csv,41261243,39.34978771209717
data/anova/02_group_descriptives_ALL.csv,02_group_descriptives_ALL.csv,csv,1949004,1.8587150573730469
data/anova/03_ANOVA_across_modularity_ALL.csv,03_ANOVA_across_modularity_ALL.csv,csv,333424,0.3179779052734375
data/anova/04_TUKEY_posthoc_ALL.csv,04_TUKEY_posthoc_ALL.csv,csv,4579806,4.367643356323242
data/anova/05_GAMES_HOWELL_posthoc_ALL.csv,05_GAMES_HOWELL_posthoc_ALL.csv,csv,6162407,5.87692928314209
data/anova/10_PRIMARY_WD_ASSORTATIVITY_AUC_long.csv,10_PRIMARY_WD_ASSORTATIVITY_AUC_long.csv,csv,489927,0.46723079681396484
data/anova/11_PRIMARY_WD_ASSORTATIVITY_descriptives.csv,11_PRIMARY_WD_ASSORTATIVITY_descriptives.csv,csv,22410,0.021371841430664062
data/anova/12_PRIMARY_WD_ASSORTATIVITY_ANOVA.csv,12_PRIMARY_WD_ASSORTATIVITY_ANOVA.csv,csv,4690,0.0044727325439453125
data/anova/13_PRIMARY_WD_ASSORTATIVITY_TUKEY.csv,13_PRIMARY_WD_ASSORTATIVITY_TUKEY.csv,csv,52345,0.049920082092285156
data/anova/14_PRIMARY_WD_ASSORTATIVITY_GAMES_HOWELL.csv,14_PRIMARY_WD_ASSORTATIVITY_GAMES_HOWELL.csv,csv,70225,0.0669717788696289
data/anova/20_SIGNIFICANT_PRIMARY_OMNIBUS.csv,20_SIGNIFICANT_PRIMARY_OMNIBUS.csv,csv,3100,0.002956390380859375
data/anova/21_SIGNIFICANT_PRIMARY_TUKEY.csv,21_SIGNIFICANT_PRIMARY_TUKEY.csv,csv,10696,0.01020050048828125
data/anova/22_SIGNIFICANT_PRIMARY_GAMES_HOWELL.csv,22_SIGNIFICANT_PRIMARY_GAMES_HOWELL.csv,csv,14561,0.013886451721191406
data/manifests/figure_manifest.csv,figure_manifest.csv,csv,112662,0.10744285583496094
data/manifests/gif_manifest_disruption.csv,gif_manifest_disruption.csv,csv,2517,0.0024003982543945312
data/manifests/gif_manifest_raw_Y.csv,gif_manifest_raw_Y.csv,csv,1987,0.0018949508666992188
data/network/modularity_regime_summary.csv,modularity_regime_summary.csv,csv,2850,0.0027179718017578125
data/network/network_characteristics.csv,network_characteristics.csv,csv,179682,0.1713581085205078
data/paired_tests/auc_for_boxplot.csv,auc_for_boxplot.csv,csv,17993344,17.1597900390625
data/paired_tests/auc_summary.csv,auc_summary.csv,csv,44138781,42.094021797180176
data/paired_tests/paired_auc_deltas.csv,paired_auc_deltas.csv,csv,12704430,12.115888595581055
data/paired_tests/paired_auc_ttests.csv,paired_auc_ttests.csv,csv,1434045,1.3676118850708008
data/paired_tests/primary_paired_auc_ttests.csv,primary_paired_auc_ttests.csv,csv,142180,0.13559341430664062
data/visual_summary/ALL_OUTCOMES_curve_summary_40runs.csv,ALL_OUTCOMES_curve_summary_40runs.csv,csv,42206596,40.251346588134766
data/visual_summary/paired_auc_deltas_rebuilt.csv,paired_auc_deltas_rebuilt.csv,csv,7632652,7.279064178466797
data/visual_summary/paired_auc_ttests_rebuilt.csv,paired_auc_ttests_rebuilt.csv,csv,413037,0.3939027786254883
data/visual_summary/resolved_attack_ranking_configurations.csv,resolved_attack_ranking_configurations.csv,csv,613,0.0005846023559570312
data/visual_summary/timing_by_run.csv,timing_by_run.csv,csv,96754,0.09227180480957031
metadata/README_FINAL_VISUALS.txt,README_FINAL_VISUALS.txt,text,1577,0.0015039443969726562
metadata/asset_inventory.csv,asset_inventory.csv,csv,113318,0.10806846618652344
metadata/missing_expected_files.csv,missing_expected_files.csv,csv,1,9.5367431640625e-07
metadata/source_paths.txt,source_paths.txt,text,599,0.0005712509155273438
visuals/01_dashboard_panels/louvain_dynamic/absolute_delta/01_Y1L_weighted_directed_community_assortativity_louvain_dynamic_node_removal_absolute_delta.png,01_Y1L_weighted_directed_community_assortativity_louvain_dynamic_node_removal_absolute_delta.png,png,1259974,1.2016048431396484
visuals/01_dashboard_panels/louvain_dynamic/absolute_delta/02_Y1L_weighted_directed_community_assortativity_louvain_dynamic_node_redistribution_absolute_delta.png,02_Y1L_weighted_directed_community_assortativity_louvain_dynamic_node_redistribution_absolute_delta.png,png,1310527,1.2498159408569336
visuals/01_dashboard_panels/louvain_dynamic/absolute_delta/03_Y1L_weighted_directed_community_assortativity_louvain_dynamic_edge_weakening_absolute_delta.png,03_Y1L_weighted_directed_community_assortativity_louvain_dynamic_edge_weakening_absolute_delta.png,png,1719278,1.6396312713623047
visuals/01_dashboard_panels/louvain_dynamic/absolute_delta/04_Y1L_weighted_directed_community_assortativity_louvain_dynamic_edge_weakening_random_subset_absolute_delta.png,04_Y1L_weighted_directed_community_assortativity_louvain_dynamic_edge_weakening_random_subset_absolute_delta.png,png,641937,0.6121988296508789
visuals/01_dashboard_panels/louvain_dynamic/absolute_delta/05_Y2L_community_assortativity_louvain_dynamic_node_removal_absolute_delta.png,05_Y2L_community_assortativity_louvain_dynamic_node_removal_absolute_delta.png,png,1298932,1.2387580871582031
visuals/01_dashboard_panels/louvain_dynamic/absolute_delta/06_Y2L_community_assortativity_louvain_dynamic_node_redistribution_absolute_delta.png,06_Y2L_community_assortativity_louvain_dynamic_node_redistribution_absolute_delta.png,png,1356526,1.2936840057373047
visuals/01_dashboard_panels/louvain_dynamic/absolute_delta/07_Y2L_community_assortativity_louvain_dynamic_edge_weakening_absolute_delta.png,07_Y2L_community_assortativity_louvain_dynamic_edge_weakening_absolute_delta.png,png,1424041,1.3580713272094727
visuals/01_dashboard_panels/louvain_dynamic/absolute_delta/08_Y2L_community_assortativity_louvain_dynamic_edge_weakening_random_subset_absolute_delta.png,08_Y2L_community_assortativity_louvain_dynamic_edge_weakening_random_subset_absolute_delta.png,png,546562,0.5212421417236328
visuals/01_dashboard_panels/louvain_dynamic/raw/01_Y1L_weighted_directed_community_assortativity_louvain_dynamic_node_removal_raw.png,01_Y1L_weighted_directed_community_assortativity_louvain_dynamic_node_removal_raw.png,png,1279070,1.2198162078857422
visuals/01_dashboard_panels/louvain_dynamic/raw/02_Y1L_weighted_directed_community_assortativity_louvain_dynamic_node_redistribution_raw.png,02_Y1L_weighted_directed_community_assortativity_louvain_dynamic_node_redistribution_raw.png,png,1342960,1.2807464599609375
visuals/01_dashboard_panels/louvain_dynamic/raw/03_Y1L_weighted_directed_community_assortativity_louvain_dynamic_edge_weakening_raw.png,03_Y1L_weighted_directed_community_assortativity_louvain_dynamic_edge_weakening_raw.png,png,1555042,1.4830036163330078
visuals/01_dashboard_panels/louvain_dynamic/raw/04_Y1L_weighted_directed_community_assortativity_louvain_dynamic_edge_weakening_random_subset_raw.png,04_Y1L_weighted_directed_community_assortativity_louvain_dynamic_edge_weakening_random_subset_raw.png,png,661525,0.6308794021606445
visuals/01_dashboard_panels/louvain_dynamic/raw/05_Y2L_community_assortativity_louvain_dynamic_node_removal_raw.png,05_Y2L_community_assortativity_louvain_dynamic_node_removal_raw.png,png,1332531,1.2708005905151367
visuals/01_dashboard_panels/louvain_dynamic/raw/06_Y2L_community_assortativity_louvain_dynamic_node_redistribution_raw.png,06_Y2L_community_assortativity_louvain_dynamic_node_redistribution_raw.png,png,1367683,1.3043241500854492
visuals/01_dashboard_panels/louvain_dynamic/raw/07_Y2L_community_assortativity_louvain_dynamic_edge_weakening_raw.png,07_Y2L_community_assortativity_louvain_dynamic_edge_weakening_raw.png,png,1294330,1.2343692779541016
visuals/01_dashboard_panels/louvain_dynamic/raw/08_Y2L_community_assortativity_louvain_dynamic_edge_weakening_random_subset_raw.png,08_Y2L_community_assortativity_louvain_dynamic_edge_weakening_random_subset_raw.png,png,576579,0.5498685836791992
visuals/01_dashboard_panels/louvain_dynamic/signed_delta/01_Y1L_weighted_directed_community_assortativity_louvain_dynamic_node_removal_signed_delta.png,01_Y1L_weighted_directed_community_assortativity_louvain_dynamic_node_removal_signed_delta.png,png,1262811,1.204310417175293
visuals/01_dashboard_panels/louvain_dynamic/signed_delta/02_Y1L_weighted_directed_community_assortativity_louvain_dynamic_node_redistribution_signed_delta.png,02_Y1L_weighted_directed_community_assortativity_louvain_dynamic_node_redistribution_signed_delta.png,png,1311968,1.251190185546875
visuals/01_dashboard_panels/louvain_dynamic/signed_delta/03_Y1L_weighted_directed_community_assortativity_louvain_dynamic_edge_weakening_signed_delta.png,03_Y1L_weighted_directed_community_assortativity_louvain_dynamic_edge_weakening_signed_delta.png,png,1573570,1.5006732940673828
visuals/01_dashboard_panels/louvain_dynamic/signed_delta/04_Y1L_weighted_directed_community_assortativity_louvain_dynamic_edge_weakening_random_subset_signed_delta.png,04_Y1L_weighted_directed_community_assortativity_louvain_dynamic_edge_weakening_random_subset_signed_delta.png,png,646616,0.6166610717773438
visuals/01_dashboard_panels/louvain_dynamic/signed_delta/05_Y2L_community_assortativity_louvain_dynamic_node_removal_signed_delta.png,05_Y2L_community_assortativity_louvain_dynamic_node_removal_signed_delta.png,png,1309251,1.2485990524291992
visuals/01_dashboard_panels/louvain_dynamic/signed_delta/06_Y2L_community_assortativity_louvain_dynamic_node_redistribution_signed_delta.png,06_Y2L_community_assortativity_louvain_dynamic_node_redistribution_signed_delta.png,png,1339292,1.2772483825683594
visuals/01_dashboard_panels/louvain_dynamic/signed_delta/07_Y2L_community_assortativity_louvain_dynamic_edge_weakening_signed_delta.png,07_Y2L_community_assortativity_louvain_dynamic_edge_weakening_signed_delta.png,png,1316852,1.2558479309082031
visuals/01_dashboard_panels/louvain_dynamic/signed_delta/08_Y2L_community_assortativity_louvain_dynamic_edge_weakening_random_subset_signed_delta.png,08_Y2L_community_assortativity_louvain_dynamic_edge_weakening_random_subset_signed_delta.png,png,570784,0.544342041015625
visuals/01_dashboard_panels/standard_groundtruth/absolute_delta/01_Y1_weighted_directed_community_assortativity_node_removal_absolute_delta.png,01_Y1_weighted_directed_community_assortativity_node_removal_absolute_delta.png,png,1175190,1.120748519897461
visuals/01_dashboard_panels/standard_groundtruth/absolute_delta/02_Y1_weighted_directed_community_assortativity_node_redistribution_absolute_delta.png,02_Y1_weighted_directed_community_assortativity_node_redistribution_absolute_delta.png,png,1241714,1.1841907501220703
visuals/01_dashboard_panels/standard_groundtruth/absolute_delta/03_Y1_weighted_directed_community_assortativity_edge_weakening_absolute_delta.png,03_Y1_weighted_directed_community_assortativity_edge_weakening_absolute_delta.png,png,1602518,1.528280258178711
visuals/01_dashboard_panels/standard_groundtruth/absolute_delta/04_Y1_weighted_directed_community_assortativity_edge_weakening_random_subset_absolute_delta.png,04_Y1_weighted_directed_community_assortativity_edge_weakening_random_subset_absolute_delta.png,png,606109,0.5780305862426758
visuals/01_dashboard_panels/standard_groundtruth/absolute_delta/05_Y2_community_assortativity_node_removal_absolute_delta.png,05_Y2_community_assortativity_node_removal_absolute_delta.png,png,1237626,1.1802921295166016
visuals/01_dashboard_panels/standard_groundtruth/absolute_delta/06_Y3_yuan_out_in_strength_assortativity_node_removal_absolute_delta.png,06_Y3_yuan_out_in_strength_assortativity_node_removal_absolute_delta.png,png,1625353,1.5500574111938477
visuals/01_dashboard_panels/standard_groundtruth/absolute_delta/07_Y3_yuan_out_in_strength_assortativity_node_redistribution_absolute_delta.png,07_Y3_yuan_out_in_strength_assortativity_node_redistribution_absolute_delta.png,png,1429481,1.3632593154907227
visuals/01_dashboard_panels/standard_groundtruth/absolute_delta/08_Y3_yuan_out_in_strength_assortativity_edge_weakening_absolute_delta.png,08_Y3_yuan_out_in_strength_assortativity_edge_weakening_absolute_delta.png,png,1463791,1.395979881286621
visuals/01_dashboard_panels/standard_groundtruth/absolute_delta/09_Y3_yuan_out_in_strength_assortativity_edge_weakening_random_subset_absolute_delta.png,09_Y3_yuan_out_in_strength_assortativity_edge_weakening_random_subset_absolute_delta.png,png,611686,0.5833492279052734
visuals/01_dashboard_panels/standard_groundtruth/absolute_delta/10_Y4_spectral_kappa_node_removal_absolute_delta.png,10_Y4_spectral_kappa_node_removal_absolute_delta.png,png,1463110,1.3953304290771484
visuals/01_dashboard_panels/standard_groundtruth/absolute_delta/11_Y4_spectral_kappa_node_redistribution_absolute_delta.png,11_Y4_spectral_kappa_node_redistribution_absolute_delta.png,png,1580065,1.5068674087524414
visuals/01_dashboard_panels/standard_groundtruth/absolute_delta/12_Y4_spectral_kappa_edge_weakening_absolute_delta.png,12_Y4_spectral_kappa_edge_weakening_absolute_delta.png,png,1149398,1.096151351928711
visuals/01_dashboard_panels/standard_groundtruth/absolute_delta/13_Y4_spectral_kappa_edge_weakening_random_subset_absolute_delta.png,13_Y4_spectral_kappa_edge_weakening_random_subset_absolute_delta.png,png,650334,0.6202068328857422
visuals/01_dashboard_panels/standard_groundtruth/raw/01_Y1_weighted_directed_community_assortativity_node_removal_raw.png,01_Y1_weighted_directed_community_assortativity_node_removal_raw.png,png,1057658,1.0086612701416016
visuals/01_dashboard_panels/standard_groundtruth/raw/02_Y1_weighted_directed_community_assortativity_node_redistribution_raw.png,02_Y1_weighted_directed_community_assortativity_node_redistribution_raw.png,png,1149496,1.0962448120117188
visuals/01_dashboard_panels/standard_groundtruth/raw/03_Y1_weighted_directed_community_assortativity_edge_weakening_raw.png,03_Y1_weighted_directed_community_assortativity_edge_weakening_raw.png,png,1127600,1.0753631591796875
visuals/01_dashboard_panels/standard_groundtruth/raw/04_Y1_weighted_directed_community_assortativity_edge_weakening_random_subset_raw.png,04_Y1_weighted_directed_community_assortativity_edge_weakening_random_subset_raw.png,png,487711,0.4651174545288086
visuals/01_dashboard_panels/standard_groundtruth/raw/05_Y2_community_assortativity_node_removal_raw.png,05_Y2_community_assortativity_node_removal_raw.png,png,1136956,1.0842857360839844
visuals/01_dashboard_panels/standard_groundtruth/raw/06_Y3_yuan_out_in_strength_assortativity_node_removal_raw.png,06_Y3_yuan_out_in_strength_assortativity_node_removal_raw.png,png,1443594,1.376718521118164
visuals/01_dashboard_panels/standard_groundtruth/raw/07_Y3_yuan_out_in_strength_assortativity_node_redistribution_raw.png,07_Y3_yuan_out_in_strength_assortativity_node_redistribution_raw.png,png,1300954,1.2406864166259766
visuals/01_dashboard_panels/standard_groundtruth/raw/08_Y3_yuan_out_in_strength_assortativity_edge_weakening_raw.png,08_Y3_yuan_out_in_strength_assortativity_edge_weakening_raw.png,png,1303131,1.242762565612793
visuals/01_dashboard_panels/standard_groundtruth/raw/09_Y3_yuan_out_in_strength_assortativity_edge_weakening_random_subset_raw.png,09_Y3_yuan_out_in_strength_assortativity_edge_weakening_random_subset_raw.png,png,565854,0.5396404266357422
visuals/01_dashboard_panels/standard_groundtruth/raw/10_Y4_spectral_kappa_node_removal_raw.png,10_Y4_spectral_kappa_node_removal_raw.png,png,1562011,1.489649772644043
visuals/01_dashboard_panels/standard_groundtruth/raw/11_Y4_spectral_kappa_node_redistribution_raw.png,11_Y4_spectral_kappa_node_redistribution_raw.png,png,1740284,1.6596641540527344
visuals/01_dashboard_panels/standard_groundtruth/raw/12_Y4_spectral_kappa_edge_weakening_raw.png,12_Y4_spectral_kappa_edge_weakening_raw.png,png,1305298,1.2448291778564453
visuals/01_dashboard_panels/standard_groundtruth/raw/13_Y4_spectral_kappa_edge_weakening_random_subset_raw.png,13_Y4_spectral_kappa_edge_weakening_random_subset_raw.png,png,779408,0.7433013916015625
visuals/01_dashboard_panels/standard_groundtruth/signed_delta/01_Y1_weighted_directed_community_assortativity_node_removal_signed_delta.png,01_Y1_weighted_directed_community_assortativity_node_removal_signed_delta.png,png,1069740,1.0201835632324219
visuals/01_dashboard_panels/standard_groundtruth/signed_delta/02_Y1_weighted_directed_community_assortativity_node_redistribution_signed_delta.png,02_Y1_weighted_directed_community_assortativity_node_redistribution_signed_delta.png,png,1131698,1.0792713165283203
visuals/01_dashboard_panels/standard_groundtruth/signed_delta/03_Y1_weighted_directed_community_assortativity_edge_weakening_signed_delta.png,03_Y1_weighted_directed_community_assortativity_edge_weakening_signed_delta.png,png,1425981,1.3599214553833008
visuals/01_dashboard_panels/standard_groundtruth/signed_delta/04_Y1_weighted_directed_community_assortativity_edge_weakening_random_subset_signed_delta.png,04_Y1_weighted_directed_community_assortativity_edge_weakening_random_subset_signed_delta.png,png,550900,0.5253791809082031
visuals/01_dashboard_panels/standard_groundtruth/signed_delta/05_Y2_community_assortativity_node_removal_signed_delta.png,05_Y2_community_assortativity_node_removal_signed_delta.png,png,1151614,1.0982646942138672
visuals/01_dashboard_panels/standard_groundtruth/signed_delta/06_Y3_yuan_out_in_strength_assortativity_node_removal_signed_delta.png,06_Y3_yuan_out_in_strength_assortativity_node_removal_signed_delta.png,png,1418742,1.353017807006836
visuals/01_dashboard_panels/standard_groundtruth/signed_delta/07_Y3_yuan_out_in_strength_assortativity_node_redistribution_signed_delta.png,07_Y3_yuan_out_in_strength_assortativity_node_redistribution_signed_delta.png,png,1294087,1.2341375350952148
visuals/01_dashboard_panels/standard_groundtruth/signed_delta/08_Y3_yuan_out_in_strength_assortativity_edge_weakening_signed_delta.png,08_Y3_yuan_out_in_strength_assortativity_edge_weakening_signed_delta.png,png,1295225,1.2352228164672852
visuals/01_dashboard_panels/standard_groundtruth/signed_delta/09_Y3_yuan_out_in_strength_assortativity_edge_weakening_random_subset_signed_delta.png,09_Y3_yuan_out_in_strength_assortativity_edge_weakening_random_subset_signed_delta.png,png,559203,0.5332975387573242
visuals/01_dashboard_panels/standard_groundtruth/signed_delta/10_Y4_spectral_kappa_node_removal_signed_delta.png,10_Y4_spectral_kappa_node_removal_signed_delta.png,png,1611174,1.5365352630615234
visuals/01_dashboard_panels/standard_groundtruth/signed_delta/11_Y4_spectral_kappa_node_redistribution_signed_delta.png,11_Y4_spectral_kappa_node_redistribution_signed_delta.png,png,1683434,1.605447769165039
visuals/01_dashboard_panels/standard_groundtruth/signed_delta/12_Y4_spectral_kappa_edge_weakening_signed_delta.png,12_Y4_spectral_kappa_edge_weakening_signed_delta.png,png,1362863,1.299727439880371
visuals/01_dashboard_panels/standard_groundtruth/signed_delta/13_Y4_spectral_kappa_edge_weakening_random_subset_signed_delta.png,13_Y4_spectral_kappa_edge_weakening_random_subset_signed_delta.png,png,770686,0.7349834442138672
visuals/02_luisa_style/louvain_dynamic/community_assortativity_louvain_dynamic/071_community_assortativity_louvain_dynamic_node_removal_random_raw_signed_delta.png,071_community_assortativity_louvain_dynamic_node_removal_random_raw_signed_delta.png,png,627820,0.5987358093261719
visuals/02_luisa_style/louvain_dynamic/community_assortativity_louvain_dynamic/072_community_assortativity_louvain_dynamic_node_removal_weighted_slack_raw_signed_delta.png,072_community_assortativity_louvain_dynamic_node_removal_weighted_slack_raw_signed_delta.png,png,683718,0.6520442962646484
visuals/02_luisa_style/louvain_dynamic/community_assortativity_louvain_dynamic/073_community_assortativity_louvain_dynamic_node_removal_out_strength_raw_signed_delta.png,073_community_assortativity_louvain_dynamic_node_removal_out_strength_raw_signed_delta.png,png,714524,0.6814231872558594
visuals/02_luisa_style/louvain_dynamic/community_assortativity_louvain_dynamic/074_community_assortativity_louvain_dynamic_node_redistribution_random_raw_signed_delta.png,074_community_assortativity_louvain_dynamic_node_redistribution_random_raw_signed_delta.png,png,621174,0.5923976898193359
visuals/02_luisa_style/louvain_dynamic/community_assortativity_louvain_dynamic/075_community_assortativity_louvain_dynamic_node_redistribution_weighted_slack_raw_signed_delta.png,075_community_assortativity_louvain_dynamic_node_redistribution_weighted_slack_raw_signed_delta.png,png,724541,0.6909761428833008
visuals/02_luisa_style/louvain_dynamic/community_assortativity_louvain_dynamic/076_community_assortativity_louvain_dynamic_node_redistribution_out_strength_raw_signed_delta.png,076_community_assortativity_louvain_dynamic_node_redistribution_out_strength_raw_signed_delta.png,png,746535,0.7119512557983398
visuals/02_luisa_style/louvain_dynamic/community_assortativity_louvain_dynamic/077_community_assortativity_louvain_dynamic_edge_weakening_random_edge_raw_signed_delta.png,077_community_assortativity_louvain_dynamic_edge_weakening_random_edge_raw_signed_delta.png,png,557541,0.531712532043457
visuals/02_luisa_style/louvain_dynamic/community_assortativity_louvain_dynamic/078_community_assortativity_louvain_dynamic_edge_weakening_weighted_edge_betweenness_raw_signed_delta.png,078_community_assortativity_louvain_dynamic_edge_weakening_weighted_edge_betweenness_raw_signed_delta.png,png,562607,0.5365438461303711
visuals/02_luisa_style/louvain_dynamic/community_assortativity_louvain_dynamic/079_community_assortativity_louvain_dynamic_edge_weakening_random_subset_random_fixed_10pct_raw_signed_delta.png,079_community_assortativity_louvain_dynamic_edge_weakening_random_subset_random_fixed_10pct_raw_signed_delta.png,png,442964,0.4224433898925781
visuals/02_luisa_style/louvain_dynamic/community_assortativity_louvain_dynamic/080_community_assortativity_louvain_dynamic_edge_weakening_random_subset_weighted_edge_betweenness_fixed_10pct_raw_signed_delta.png,080_community_assortativity_louvain_dynamic_edge_weakening_random_subset_weighted_edge_betweenness_fixed_10pct_raw_signed_delta.png,png,398479,0.3800191879272461
visuals/02_luisa_style/louvain_dynamic/weighted_directed_community_assortativity_louvain_dynamic/081_weighted_directed_community_assortativity_louvain_dynamic_node_removal_random_raw_signed_delta.png,081_weighted_directed_community_assortativity_louvain_dynamic_node_removal_random_raw_signed_delta.png,png,622835,0.5939817428588867
visuals/02_luisa_style/louvain_dynamic/weighted_directed_community_assortativity_louvain_dynamic/082_weighted_directed_community_assortativity_louvain_dynamic_node_removal_weighted_slack_raw_signed_delta.png,082_weighted_directed_community_assortativity_louvain_dynamic_node_removal_weighted_slack_raw_signed_delta.png,png,692063,0.6600027084350586
visuals/02_luisa_style/louvain_dynamic/weighted_directed_community_assortativity_louvain_dynamic/083_weighted_directed_community_assortativity_louvain_dynamic_node_removal_out_strength_raw_signed_delta.png,083_weighted_directed_community_assortativity_louvain_dynamic_node_removal_out_strength_raw_signed_delta.png,png,705273,0.6726007461547852
visuals/02_luisa_style/louvain_dynamic/weighted_directed_community_assortativity_louvain_dynamic/084_weighted_directed_community_assortativity_louvain_dynamic_node_redistribution_random_raw_signed_delta.png,084_weighted_directed_community_assortativity_louvain_dynamic_node_redistribution_random_raw_signed_delta.png,png,589234,0.5619373321533203
visuals/02_luisa_style/louvain_dynamic/weighted_directed_community_assortativity_louvain_dynamic/085_weighted_directed_community_assortativity_louvain_dynamic_node_redistribution_weighted_slack_raw_signed_delta.png,085_weighted_directed_community_assortativity_louvain_dynamic_node_redistribution_weighted_slack_raw_signed_delta.png,png,700252,0.6678123474121094
visuals/02_luisa_style/louvain_dynamic/weighted_directed_community_assortativity_louvain_dynamic/086_weighted_directed_community_assortativity_louvain_dynamic_node_redistribution_out_strength_raw_signed_delta.png,086_weighted_directed_community_assortativity_louvain_dynamic_node_redistribution_out_strength_raw_signed_delta.png,png,682227,0.6506223678588867
visuals/02_luisa_style/louvain_dynamic/weighted_directed_community_assortativity_louvain_dynamic/087_weighted_directed_community_assortativity_louvain_dynamic_edge_weakening_random_edge_raw_signed_delta.png,087_weighted_directed_community_assortativity_louvain_dynamic_edge_weakening_random_edge_raw_signed_delta.png,png,572809,0.5462732315063477
visuals/02_luisa_style/louvain_dynamic/weighted_directed_community_assortativity_louvain_dynamic/088_weighted_directed_community_assortativity_louvain_dynamic_edge_weakening_weighted_edge_betweenness_raw_signed_delta.png,088_weighted_directed_community_assortativity_louvain_dynamic_edge_weakening_weighted_edge_betweenness_raw_signed_delta.png,png,644352,0.614501953125
visuals/02_luisa_style/louvain_dynamic/weighted_directed_community_assortativity_louvain_dynamic/089_weighted_directed_community_assortativity_louvain_dynamic_edge_weakening_random_subset_random_fixed_10pct_raw_signed_delta.png,089_weighted_directed_community_assortativity_louvain_dynamic_edge_weakening_random_subset_random_fixed_10pct_raw_signed_delta.png,png,405599,0.3868093490600586
visuals/02_luisa_style/louvain_dynamic/weighted_directed_community_assortativity_louvain_dynamic/090_weighted_directed_community_assortativity_louvain_dynamic_edge_weakening_random_subset_weighted_edge_betweenness_fixed_10pct_raw_signed_delta.png,090_weighted_directed_community_assortativity_louvain_dynamic_edge_weakening_random_subset_weighted_edge_betweenness_fixed_10pct_raw_signed_delta.png,png,500552,0.47736358642578125
visuals/02_luisa_style/standard_groundtruth/community_assortativity/001_community_assortativity_node_removal_random_raw_signed_delta.png,001_community_assortativity_node_removal_random_raw_signed_delta.png,png,550467,0.5249662399291992
visuals/02_luisa_style/standard_groundtruth/community_assortativity/002_community_assortativity_node_removal_weighted_slack_raw_signed_delta.png,002_community_assortativity_node_removal_weighted_slack_raw_signed_delta.png,png,527594,0.5031528472900391
visuals/02_luisa_style/standard_groundtruth/community_assortativity/003_community_assortativity_node_removal_out_strength_raw_signed_delta.png,003_community_assortativity_node_removal_out_strength_raw_signed_delta.png,png,519186,0.4951343536376953
visuals/02_luisa_style/standard_groundtruth/community_assortativity/004_community_assortativity_node_redistribution_random_raw_signed_delta.png,004_community_assortativity_node_redistribution_random_raw_signed_delta.png,png,558627,0.5327482223510742
visuals/02_luisa_style/standard_groundtruth/community_assortativity/005_community_assortativity_node_redistribution_weighted_slack_raw_signed_delta.png,005_community_assortativity_node_redistribution_weighted_slack_raw_signed_delta.png,png,535498,0.5106906890869141
visuals/02_luisa_style/standard_groundtruth/community_assortativity/006_community_assortativity_node_redistribution_out_strength_raw_signed_delta.png,006_community_assortativity_node_redistribution_out_strength_raw_signed_delta.png,png,527992,0.5035324096679688
visuals/02_luisa_style/standard_groundtruth/community_assortativity/007_community_assortativity_edge_weakening_random_edge_raw_signed_delta.png,007_community_assortativity_edge_weakening_random_edge_raw_signed_delta.png,png,245573,0.23419666290283203
visuals/02_luisa_style/standard_groundtruth/community_assortativity/008_community_assortativity_edge_weakening_weighted_edge_betweenness_raw_signed_delta.png,008_community_assortativity_edge_weakening_weighted_edge_betweenness_raw_signed_delta.png,png,247966,0.2364788055419922
visuals/02_luisa_style/standard_groundtruth/community_assortativity/009_community_assortativity_edge_weakening_random_subset_random_fixed_10pct_raw_signed_delta.png,009_community_assortativity_edge_weakening_random_subset_random_fixed_10pct_raw_signed_delta.png,png,236934,0.22595787048339844
visuals/02_luisa_style/standard_groundtruth/community_assortativity/010_community_assortativity_edge_weakening_random_subset_weighted_edge_betweenness_fixed_10pct_raw_signed_delta.png,010_community_assortativity_edge_weakening_random_subset_weighted_edge_betweenness_fixed_10pct_raw_signed_delta.png,png,237522,0.2265186309814453
visuals/02_luisa_style/standard_groundtruth/gscc_ratio/041_gscc_ratio_node_removal_random_raw_signed_delta.png,041_gscc_ratio_node_removal_random_raw_signed_delta.png,png,587784,0.5605545043945312
visuals/02_luisa_style/standard_groundtruth/gscc_ratio/042_gscc_ratio_node_removal_weighted_slack_raw_signed_delta.png,042_gscc_ratio_node_removal_weighted_slack_raw_signed_delta.png,png,646979,0.6170072555541992
visuals/02_luisa_style/standard_groundtruth/gscc_ratio/043_gscc_ratio_node_removal_out_strength_raw_signed_delta.png,043_gscc_ratio_node_removal_out_strength_raw_signed_delta.png,png,640327,0.6106634140014648
visuals/02_luisa_style/standard_groundtruth/gscc_ratio/044_gscc_ratio_node_redistribution_random_raw_signed_delta.png,044_gscc_ratio_node_redistribution_random_raw_signed_delta.png,png,597387,0.5697126388549805
visuals/02_luisa_style/standard_groundtruth/gscc_ratio/045_gscc_ratio_node_redistribution_weighted_slack_raw_signed_delta.png,045_gscc_ratio_node_redistribution_weighted_slack_raw_signed_delta.png,png,655293,0.6249361038208008
visuals/02_luisa_style/standard_groundtruth/gscc_ratio/046_gscc_ratio_node_redistribution_out_strength_raw_signed_delta.png,046_gscc_ratio_node_redistribution_out_strength_raw_signed_delta.png,png,649067,0.6189985275268555
visuals/02_luisa_style/standard_groundtruth/gscc_ratio/047_gscc_ratio_edge_weakening_random_edge_raw_signed_delta.png,047_gscc_ratio_edge_weakening_random_edge_raw_signed_delta.png,png,235916,0.22498703002929688
visuals/02_luisa_style/standard_groundtruth/gscc_ratio/048_gscc_ratio_edge_weakening_weighted_edge_betweenness_raw_signed_delta.png,048_gscc_ratio_edge_weakening_weighted_edge_betweenness_raw_signed_delta.png,png,238307,0.22726726531982422
visuals/02_luisa_style/standard_groundtruth/gscc_ratio/049_gscc_ratio_edge_weakening_random_subset_random_fixed_10pct_raw_signed_delta.png,049_gscc_ratio_edge_weakening_random_subset_random_fixed_10pct_raw_signed_delta.png,png,227784,0.21723175048828125
visuals/02_luisa_style/standard_groundtruth/gscc_ratio/050_gscc_ratio_edge_weakening_random_subset_weighted_edge_betweenness_fixed_10pct_raw_signed_delta.png,050_gscc_ratio_edge_weakening_random_subset_weighted_edge_betweenness_fixed_10pct_raw_signed_delta.png,png,228418,0.2178363800048828
visuals/02_luisa_style/standard_groundtruth/reachability/051_reachability_node_removal_random_raw_signed_delta.png,051_reachability_node_removal_random_raw_signed_delta.png,png,523398,0.49915122985839844
visuals/02_luisa_style/standard_groundtruth/reachability/052_reachability_node_removal_weighted_slack_raw_signed_delta.png,052_reachability_node_removal_weighted_slack_raw_signed_delta.png,png,561083,0.535090446472168
visuals/02_luisa_style/standard_groundtruth/reachability/053_reachability_node_removal_out_strength_raw_signed_delta.png,053_reachability_node_removal_out_strength_raw_signed_delta.png,png,570015,0.5436086654663086
visuals/02_luisa_style/standard_groundtruth/reachability/054_reachability_node_redistribution_random_raw_signed_delta.png,054_reachability_node_redistribution_random_raw_signed_delta.png,png,533369,0.5086603164672852
visuals/02_luisa_style/standard_groundtruth/reachability/055_reachability_node_redistribution_weighted_slack_raw_signed_delta.png,055_reachability_node_redistribution_weighted_slack_raw_signed_delta.png,png,568315,0.541987419128418
visuals/02_luisa_style/standard_groundtruth/reachability/056_reachability_node_redistribution_out_strength_raw_signed_delta.png,056_reachability_node_redistribution_out_strength_raw_signed_delta.png,png,577616,0.5508575439453125
visuals/02_luisa_style/standard_groundtruth/reachability/057_reachability_edge_weakening_random_edge_raw_signed_delta.png,057_reachability_edge_weakening_random_edge_raw_signed_delta.png,png,234869,0.22398853302001953
visuals/02_luisa_style/standard_groundtruth/reachability/058_reachability_edge_weakening_weighted_edge_betweenness_raw_signed_delta.png,058_reachability_edge_weakening_weighted_edge_betweenness_raw_signed_delta.png,png,237113,0.22612857818603516
visuals/02_luisa_style/standard_groundtruth/reachability/059_reachability_edge_weakening_random_subset_random_fixed_10pct_raw_signed_delta.png,059_reachability_edge_weakening_random_subset_random_fixed_10pct_raw_signed_delta.png,png,226998,0.21648216247558594
visuals/02_luisa_style/standard_groundtruth/reachability/060_reachability_edge_weakening_random_subset_weighted_edge_betweenness_fixed_10pct_raw_signed_delta.png,060_reachability_edge_weakening_random_subset_weighted_edge_betweenness_fixed_10pct_raw_signed_delta.png,png,227584,0.217041015625
visuals/02_luisa_style/standard_groundtruth/spectral_kappa/031_spectral_kappa_node_removal_random_raw_signed_delta.png,031_spectral_kappa_node_removal_random_raw_signed_delta.png,png,679620,0.6481361389160156
visuals/02_luisa_style/standard_groundtruth/spectral_kappa/032_spectral_kappa_node_removal_weighted_slack_raw_signed_delta.png,032_spectral_kappa_node_removal_weighted_slack_raw_signed_delta.png,png,677299,0.6459226608276367
visuals/02_luisa_style/standard_groundtruth/spectral_kappa/033_spectral_kappa_node_removal_out_strength_raw_signed_delta.png,033_spectral_kappa_node_removal_out_strength_raw_signed_delta.png,png,692929,0.6608285903930664
visuals/02_luisa_style/standard_groundtruth/spectral_kappa/034_spectral_kappa_node_redistribution_random_raw_signed_delta.png,034_spectral_kappa_node_redistribution_random_raw_signed_delta.png,png,713591,0.6805334091186523
visuals/02_luisa_style/standard_groundtruth/spectral_kappa/035_spectral_kappa_node_redistribution_weighted_slack_raw_signed_delta.png,035_spectral_kappa_node_redistribution_weighted_slack_raw_signed_delta.png,png,716524,0.6833305358886719
visuals/02_luisa_style/standard_groundtruth/spectral_kappa/036_spectral_kappa_node_redistribution_out_strength_raw_signed_delta.png,036_spectral_kappa_node_redistribution_out_strength_raw_signed_delta.png,png,737311,0.7031545639038086
visuals/02_luisa_style/standard_groundtruth/spectral_kappa/037_spectral_kappa_edge_weakening_random_edge_raw_signed_delta.png,037_spectral_kappa_edge_weakening_random_edge_raw_signed_delta.png,png,582698,0.5557041168212891
visuals/02_luisa_style/standard_groundtruth/spectral_kappa/038_spectral_kappa_edge_weakening_weighted_edge_betweenness_raw_signed_delta.png,038_spectral_kappa_edge_weakening_weighted_edge_betweenness_raw_signed_delta.png,png,577037,0.5503053665161133
visuals/02_luisa_style/standard_groundtruth/spectral_kappa/039_spectral_kappa_edge_weakening_random_subset_random_fixed_10pct_raw_signed_delta.png,039_spectral_kappa_edge_weakening_random_subset_random_fixed_10pct_raw_signed_delta.png,png,524643,0.5003385543823242
visuals/02_luisa_style/standard_groundtruth/spectral_kappa/040_spectral_kappa_edge_weakening_random_subset_weighted_edge_betweenness_fixed_10pct_raw_signed_delta.png,040_spectral_kappa_edge_weakening_random_subset_weighted_edge_betweenness_fixed_10pct_raw_signed_delta.png,png,572404,0.5458869934082031
visuals/02_luisa_style/standard_groundtruth/weighted_directed_community_assortativity/011_weighted_directed_community_assortativity_node_removal_random_raw_signed_delta.png,011_weighted_directed_community_assortativity_node_removal_random_raw_signed_delta.png,png,548057,0.5226678848266602
visuals/02_luisa_style/standard_groundtruth/weighted_directed_community_assortativity/012_weighted_directed_community_assortativity_node_removal_weighted_slack_raw_signed_delta.png,012_weighted_directed_community_assortativity_node_removal_weighted_slack_raw_signed_delta.png,png,539008,0.5140380859375
visuals/02_luisa_style/standard_groundtruth/weighted_directed_community_assortativity/013_weighted_directed_community_assortativity_node_removal_out_strength_raw_signed_delta.png,013_weighted_directed_community_assortativity_node_removal_out_strength_raw_signed_delta.png,png,527107,0.5026884078979492
visuals/02_luisa_style/standard_groundtruth/weighted_directed_community_assortativity/014_weighted_directed_community_assortativity_node_redistribution_random_raw_signed_delta.png,014_weighted_directed_community_assortativity_node_redistribution_random_raw_signed_delta.png,png,525331,0.5009946823120117
visuals/02_luisa_style/standard_groundtruth/weighted_directed_community_assortativity/015_weighted_directed_community_assortativity_node_redistribution_weighted_slack_raw_signed_delta.png,015_weighted_directed_community_assortativity_node_redistribution_weighted_slack_raw_signed_delta.png,png,555803,0.530055046081543
visuals/02_luisa_style/standard_groundtruth/weighted_directed_community_assortativity/016_weighted_directed_community_assortativity_node_redistribution_out_strength_raw_signed_delta.png,016_weighted_directed_community_assortativity_node_redistribution_out_strength_raw_signed_delta.png,png,542182,0.5170650482177734
visuals/02_luisa_style/standard_groundtruth/weighted_directed_community_assortativity/017_weighted_directed_community_assortativity_edge_weakening_random_edge_raw_signed_delta.png,017_weighted_directed_community_assortativity_edge_weakening_random_edge_raw_signed_delta.png,png,532780,0.5080986022949219
visuals/02_luisa_style/standard_groundtruth/weighted_directed_community_assortativity/018_weighted_directed_community_assortativity_edge_weakening_weighted_edge_betweenness_raw_signed_delta.png,018_weighted_directed_community_assortativity_edge_weakening_weighted_edge_betweenness_raw_signed_delta.png,png,549013,0.5235795974731445
visuals/02_luisa_style/standard_groundtruth/weighted_directed_community_assortativity/019_weighted_directed_community_assortativity_edge_weakening_random_subset_random_fixed_10pct_raw_signed_delta.png,019_weighted_directed_community_assortativity_edge_weakening_random_subset_random_fixed_10pct_raw_signed_delta.png,png,406050,0.3872394561767578
visuals/02_luisa_style/standard_groundtruth/weighted_directed_community_assortativity/020_weighted_directed_community_assortativity_edge_weakening_random_subset_weighted_edge_betweenness_fixed_10pct_raw_signed_delta.png,020_weighted_directed_community_assortativity_edge_weakening_random_subset_weighted_edge_betweenness_fixed_10pct_raw_signed_delta.png,png,449850,0.42901039123535156
visuals/02_luisa_style/standard_groundtruth/weighted_efficiency/061_weighted_efficiency_node_removal_random_raw_signed_delta.png,061_weighted_efficiency_node_removal_random_raw_signed_delta.png,png,706498,0.6737689971923828
visuals/02_luisa_style/standard_groundtruth/weighted_efficiency/062_weighted_efficiency_node_removal_weighted_slack_raw_signed_delta.png,062_weighted_efficiency_node_removal_weighted_slack_raw_signed_delta.png,png,724279,0.6907262802124023
visuals/02_luisa_style/standard_groundtruth/weighted_efficiency/063_weighted_efficiency_node_removal_out_strength_raw_signed_delta.png,063_weighted_efficiency_node_removal_out_strength_raw_signed_delta.png,png,729659,0.695857048034668
visuals/02_luisa_style/standard_groundtruth/weighted_efficiency/064_weighted_efficiency_node_redistribution_random_raw_signed_delta.png,064_weighted_efficiency_node_redistribution_random_raw_signed_delta.png,png,789397,0.7528276443481445
visuals/02_luisa_style/standard_groundtruth/weighted_efficiency/065_weighted_efficiency_node_redistribution_weighted_slack_raw_signed_delta.png,065_weighted_efficiency_node_redistribution_weighted_slack_raw_signed_delta.png,png,794300,0.7575035095214844
visuals/02_luisa_style/standard_groundtruth/weighted_efficiency/066_weighted_efficiency_node_redistribution_out_strength_raw_signed_delta.png,066_weighted_efficiency_node_redistribution_out_strength_raw_signed_delta.png,png,798338,0.7613544464111328
visuals/02_luisa_style/standard_groundtruth/weighted_efficiency/067_weighted_efficiency_edge_weakening_random_edge_raw_signed_delta.png,067_weighted_efficiency_edge_weakening_random_edge_raw_signed_delta.png,png,777492,0.7414741516113281
visuals/02_luisa_style/standard_groundtruth/weighted_efficiency/068_weighted_efficiency_edge_weakening_weighted_edge_betweenness_raw_signed_delta.png,068_weighted_efficiency_edge_weakening_weighted_edge_betweenness_raw_signed_delta.png,png,766566,0.7310543060302734
visuals/02_luisa_style/standard_groundtruth/weighted_efficiency/069_weighted_efficiency_edge_weakening_random_subset_random_fixed_10pct_raw_signed_delta.png,069_weighted_efficiency_edge_weakening_random_subset_random_fixed_10pct_raw_signed_delta.png,png,639432,0.6098098754882812
visuals/02_luisa_style/standard_groundtruth/weighted_efficiency/070_weighted_efficiency_edge_weakening_random_subset_weighted_edge_betweenness_fixed_10pct_raw_signed_delta.png,070_weighted_efficiency_edge_weakening_random_subset_weighted_edge_betweenness_fixed_10pct_raw_signed_delta.png,png,699458,0.6670551300048828
visuals/02_luisa_style/standard_groundtruth/yuan_out_in_strength_assortativity/021_yuan_out_in_strength_assortativity_node_removal_random_raw_signed_delta.png,021_yuan_out_in_strength_assortativity_node_removal_random_raw_signed_delta.png,png,719958,0.6866054534912109
visuals/02_luisa_style/standard_groundtruth/yuan_out_in_strength_assortativity/022_yuan_out_in_strength_assortativity_node_removal_weighted_slack_raw_signed_delta.png,022_yuan_out_in_strength_assortativity_node_removal_weighted_slack_raw_signed_delta.png,png,736826,0.7026920318603516
visuals/02_luisa_style/standard_groundtruth/yuan_out_in_strength_assortativity/023_yuan_out_in_strength_assortativity_node_removal_out_strength_raw_signed_delta.png,023_yuan_out_in_strength_assortativity_node_removal_out_strength_raw_signed_delta.png,png,753551,0.7186422348022461
visuals/02_luisa_style/standard_groundtruth/yuan_out_in_strength_assortativity/024_yuan_out_in_strength_assortativity_node_redistribution_random_raw_signed_delta.png,024_yuan_out_in_strength_assortativity_node_redistribution_random_raw_signed_delta.png,png,698402,0.6660480499267578
visuals/02_luisa_style/standard_groundtruth/yuan_out_in_strength_assortativity/025_yuan_out_in_strength_assortativity_node_redistribution_weighted_slack_raw_signed_delta.png,025_yuan_out_in_strength_assortativity_node_redistribution_weighted_slack_raw_signed_delta.png,png,767572,0.7320137023925781
visuals/02_luisa_style/standard_groundtruth/yuan_out_in_strength_assortativity/026_yuan_out_in_strength_assortativity_node_redistribution_out_strength_raw_signed_delta.png,026_yuan_out_in_strength_assortativity_node_redistribution_out_strength_raw_signed_delta.png,png,762141,0.7268342971801758
visuals/02_luisa_style/standard_groundtruth/yuan_out_in_strength_assortativity/027_yuan_out_in_strength_assortativity_edge_weakening_random_edge_raw_signed_delta.png,027_yuan_out_in_strength_assortativity_edge_weakening_random_edge_raw_signed_delta.png,png,646437,0.616490364074707
visuals/02_luisa_style/standard_groundtruth/yuan_out_in_strength_assortativity/028_yuan_out_in_strength_assortativity_edge_weakening_weighted_edge_betweenness_raw_signed_delta.png,028_yuan_out_in_strength_assortativity_edge_weakening_weighted_edge_betweenness_raw_signed_delta.png,png,636517,0.607029914855957
visuals/02_luisa_style/standard_groundtruth/yuan_out_in_strength_assortativity/029_yuan_out_in_strength_assortativity_edge_weakening_random_subset_random_fixed_10pct_raw_signed_delta.png,029_yuan_out_in_strength_assortativity_edge_weakening_random_subset_random_fixed_10pct_raw_signed_delta.png,png,500125,0.4769563674926758
visuals/02_luisa_style/standard_groundtruth/yuan_out_in_strength_assortativity/030_yuan_out_in_strength_assortativity_edge_weakening_random_subset_weighted_edge_betweenness_fixed_10pct_raw_signed_delta.png,030_yuan_out_in_strength_assortativity_edge_weakening_random_subset_weighted_edge_betweenness_fixed_10pct_raw_signed_delta.png,png,558742,0.5328578948974609
visuals/03_paired_delta_auc/community_assortativity/001_community_assortativity_node_removal_random_paired_delta_auc.png,001_community_assortativity_node_removal_random_paired_delta_auc.png,png,181061,0.17267322540283203
visuals/03_paired_delta_auc/community_assortativity/002_community_assortativity_node_removal_weighted_slack_paired_delta_auc.png,002_community_assortativity_node_removal_weighted_slack_paired_delta_auc.png,png,181910,0.17348289489746094
visuals/03_paired_delta_auc/community_assortativity/003_community_assortativity_node_removal_out_strength_paired_delta_auc.png,003_community_assortativity_node_removal_out_strength_paired_delta_auc.png,png,180992,0.172607421875
visuals/03_paired_delta_auc/community_assortativity/004_community_assortativity_node_redistribution_random_paired_delta_auc.png,004_community_assortativity_node_redistribution_random_paired_delta_auc.png,png,187760,0.1790618896484375
visuals/03_paired_delta_auc/community_assortativity/005_community_assortativity_node_redistribution_weighted_slack_paired_delta_auc.png,005_community_assortativity_node_redistribution_weighted_slack_paired_delta_auc.png,png,188486,0.17975425720214844
visuals/03_paired_delta_auc/community_assortativity/006_community_assortativity_node_redistribution_out_strength_paired_delta_auc.png,006_community_assortativity_node_redistribution_out_strength_paired_delta_auc.png,png,188095,0.1793813705444336
visuals/03_paired_delta_auc/community_assortativity/007_community_assortativity_edge_weakening_random_edge_paired_delta_auc.png,007_community_assortativity_edge_weakening_random_edge_paired_delta_auc.png,png,134308,0.12808609008789062
visuals/03_paired_delta_auc/community_assortativity/008_community_assortativity_edge_weakening_weighted_edge_betweenness_paired_delta_auc.png,008_community_assortativity_edge_weakening_weighted_edge_betweenness_paired_delta_auc.png,png,137164,0.13080978393554688
visuals/03_paired_delta_auc/community_assortativity/009_community_assortativity_edge_weakening_random_subset_random_fixed_10pct_paired_delta_auc.png,009_community_assortativity_edge_weakening_random_subset_random_fixed_10pct_paired_delta_auc.png,png,135839,0.1295461654663086
visuals/03_paired_delta_auc/community_assortativity/010_community_assortativity_edge_weakening_random_subset_weighted_edge_betweenness_fixed_10pct_paired_delta_auc.png,010_community_assortativity_edge_weakening_random_subset_weighted_edge_betweenness_fixed_10pct_paired_delta_auc.png,png,137587,0.13121318817138672
visuals/03_paired_delta_auc/community_assortativity_louvain_dynamic/071_community_assortativity_louvain_dynamic_node_removal_random_paired_delta_auc.png,071_community_assortativity_louvain_dynamic_node_removal_random_paired_delta_auc.png,png,164281,0.15667057037353516
visuals/03_paired_delta_auc/community_assortativity_louvain_dynamic/072_community_assortativity_louvain_dynamic_node_removal_weighted_slack_paired_delta_auc.png,072_community_assortativity_louvain_dynamic_node_removal_weighted_slack_paired_delta_auc.png,png,171449,0.16350650787353516
visuals/03_paired_delta_auc/community_assortativity_louvain_dynamic/073_community_assortativity_louvain_dynamic_node_removal_out_strength_paired_delta_auc.png,073_community_assortativity_louvain_dynamic_node_removal_out_strength_paired_delta_auc.png,png,164576,0.156951904296875
visuals/03_paired_delta_auc/community_assortativity_louvain_dynamic/074_community_assortativity_louvain_dynamic_node_redistribution_random_paired_delta_auc.png,074_community_assortativity_louvain_dynamic_node_redistribution_random_paired_delta_auc.png,png,177174,0.16896629333496094
visuals/03_paired_delta_auc/community_assortativity_louvain_dynamic/075_community_assortativity_louvain_dynamic_node_redistribution_weighted_slack_paired_delta_auc.png,075_community_assortativity_louvain_dynamic_node_redistribution_weighted_slack_paired_delta_auc.png,png,173042,0.1650257110595703
visuals/03_paired_delta_auc/community_assortativity_louvain_dynamic/076_community_assortativity_louvain_dynamic_node_redistribution_out_strength_paired_delta_auc.png,076_community_assortativity_louvain_dynamic_node_redistribution_out_strength_paired_delta_auc.png,png,187103,0.1784353256225586
visuals/03_paired_delta_auc/community_assortativity_louvain_dynamic/077_community_assortativity_louvain_dynamic_edge_weakening_random_edge_paired_delta_auc.png,077_community_assortativity_louvain_dynamic_edge_weakening_random_edge_paired_delta_auc.png,png,179869,0.17153644561767578
visuals/03_paired_delta_auc/community_assortativity_louvain_dynamic/078_community_assortativity_louvain_dynamic_edge_weakening_weighted_edge_betweenness_paired_delta_auc.png,078_community_assortativity_louvain_dynamic_edge_weakening_weighted_edge_betweenness_paired_delta_auc.png,png,176563,0.16838359832763672
visuals/03_paired_delta_auc/community_assortativity_louvain_dynamic/079_community_assortativity_louvain_dynamic_edge_weakening_random_subset_random_fixed_10pct_paired_delta_auc.png,079_community_assortativity_louvain_dynamic_edge_weakening_random_subset_random_fixed_10pct_paired_delta_auc.png,png,178940,0.17065048217773438
visuals/03_paired_delta_auc/community_assortativity_louvain_dynamic/080_community_assortativity_louvain_dynamic_edge_weakening_random_subset_weighted_edge_betweenness_fixed_10pct_paired_delta_auc.png,080_community_assortativity_louvain_dynamic_edge_weakening_random_subset_weighted_edge_betweenness_fixed_10pct_paired_delta_auc.png,png,181509,0.17310047149658203
visuals/03_paired_delta_auc/gscc_ratio/041_gscc_ratio_node_removal_random_paired_delta_auc.png,041_gscc_ratio_node_removal_random_paired_delta_auc.png,png,144916,0.13820266723632812
visuals/03_paired_delta_auc/gscc_ratio/042_gscc_ratio_node_removal_weighted_slack_paired_delta_auc.png,042_gscc_ratio_node_removal_weighted_slack_paired_delta_auc.png,png,161317,0.15384387969970703
visuals/03_paired_delta_auc/gscc_ratio/043_gscc_ratio_node_removal_out_strength_paired_delta_auc.png,043_gscc_ratio_node_removal_out_strength_paired_delta_auc.png,png,162440,0.15491485595703125
visuals/03_paired_delta_auc/gscc_ratio/044_gscc_ratio_node_redistribution_random_paired_delta_auc.png,044_gscc_ratio_node_redistribution_random_paired_delta_auc.png,png,151804,0.14477157592773438
visuals/03_paired_delta_auc/gscc_ratio/045_gscc_ratio_node_redistribution_weighted_slack_paired_delta_auc.png,045_gscc_ratio_node_redistribution_weighted_slack_paired_delta_auc.png,png,167773,0.16000080108642578
visuals/03_paired_delta_auc/gscc_ratio/046_gscc_ratio_node_redistribution_out_strength_paired_delta_auc.png,046_gscc_ratio_node_redistribution_out_strength_paired_delta_auc.png,png,169517,0.16166400909423828
visuals/03_paired_delta_auc/gscc_ratio/047_gscc_ratio_edge_weakening_random_edge_paired_delta_auc.png,047_gscc_ratio_edge_weakening_random_edge_paired_delta_auc.png,png,123592,0.11786651611328125
visuals/03_paired_delta_auc/gscc_ratio/048_gscc_ratio_edge_weakening_weighted_edge_betweenness_paired_delta_auc.png,048_gscc_ratio_edge_weakening_weighted_edge_betweenness_paired_delta_auc.png,png,126946,0.12106513977050781
visuals/03_paired_delta_auc/gscc_ratio/049_gscc_ratio_edge_weakening_random_subset_random_fixed_10pct_paired_delta_auc.png,049_gscc_ratio_edge_weakening_random_subset_random_fixed_10pct_paired_delta_auc.png,png,125597,0.11977863311767578
visuals/03_paired_delta_auc/gscc_ratio/050_gscc_ratio_edge_weakening_random_subset_weighted_edge_betweenness_fixed_10pct_paired_delta_auc.png,050_gscc_ratio_edge_weakening_random_subset_weighted_edge_betweenness_fixed_10pct_paired_delta_auc.png,png,127599,0.1216878890991211
visuals/03_paired_delta_auc/reachability/051_reachability_node_removal_random_paired_delta_auc.png,051_reachability_node_removal_random_paired_delta_auc.png,png,154690,0.1475238800048828
visuals/03_paired_delta_auc/reachability/052_reachability_node_removal_weighted_slack_paired_delta_auc.png,052_reachability_node_removal_weighted_slack_paired_delta_auc.png,png,155775,0.1485586166381836
visuals/03_paired_delta_auc/reachability/053_reachability_node_removal_out_strength_paired_delta_auc.png,053_reachability_node_removal_out_strength_paired_delta_auc.png,png,157410,0.1501178741455078
visuals/03_paired_delta_auc/reachability/054_reachability_node_redistribution_random_paired_delta_auc.png,054_reachability_node_redistribution_random_paired_delta_auc.png,png,161258,0.15378761291503906
visuals/03_paired_delta_auc/reachability/055_reachability_node_redistribution_weighted_slack_paired_delta_auc.png,055_reachability_node_redistribution_weighted_slack_paired_delta_auc.png,png,161927,0.15442562103271484
visuals/03_paired_delta_auc/reachability/056_reachability_node_redistribution_out_strength_paired_delta_auc.png,056_reachability_node_redistribution_out_strength_paired_delta_auc.png,png,164209,0.1566019058227539
visuals/03_paired_delta_auc/reachability/057_reachability_edge_weakening_random_edge_paired_delta_auc.png,057_reachability_edge_weakening_random_edge_paired_delta_auc.png,png,128053,0.12212085723876953
visuals/03_paired_delta_auc/reachability/058_reachability_edge_weakening_weighted_edge_betweenness_paired_delta_auc.png,058_reachability_edge_weakening_weighted_edge_betweenness_paired_delta_auc.png,png,131427,0.12533855438232422
visuals/03_paired_delta_auc/reachability/059_reachability_edge_weakening_random_subset_random_fixed_10pct_paired_delta_auc.png,059_reachability_edge_weakening_random_subset_random_fixed_10pct_paired_delta_auc.png,png,130082,0.12405586242675781
visuals/03_paired_delta_auc/reachability/060_reachability_edge_weakening_random_subset_weighted_edge_betweenness_fixed_10pct_paired_delta_auc.png,060_reachability_edge_weakening_random_subset_weighted_edge_betweenness_fixed_10pct_paired_delta_auc.png,png,132058,0.12594032287597656
visuals/03_paired_delta_auc/spectral_kappa/031_spectral_kappa_node_removal_random_paired_delta_auc.png,031_spectral_kappa_node_removal_random_paired_delta_auc.png,png,154666,0.14750099182128906
visuals/03_paired_delta_auc/spectral_kappa/032_spectral_kappa_node_removal_weighted_slack_paired_delta_auc.png,032_spectral_kappa_node_removal_weighted_slack_paired_delta_auc.png,png,160762,0.15331459045410156
visuals/03_paired_delta_auc/spectral_kappa/033_spectral_kappa_node_removal_out_strength_paired_delta_auc.png,033_spectral_kappa_node_removal_out_strength_paired_delta_auc.png,png,154903,0.14772701263427734
visuals/03_paired_delta_auc/spectral_kappa/034_spectral_kappa_node_redistribution_random_paired_delta_auc.png,034_spectral_kappa_node_redistribution_random_paired_delta_auc.png,png,167612,0.15984725952148438
visuals/03_paired_delta_auc/spectral_kappa/035_spectral_kappa_node_redistribution_weighted_slack_paired_delta_auc.png,035_spectral_kappa_node_redistribution_weighted_slack_paired_delta_auc.png,png,169888,0.162017822265625
visuals/03_paired_delta_auc/spectral_kappa/036_spectral_kappa_node_redistribution_out_strength_paired_delta_auc.png,036_spectral_kappa_node_redistribution_out_strength_paired_delta_auc.png,png,161840,0.1543426513671875
visuals/03_paired_delta_auc/spectral_kappa/037_spectral_kappa_edge_weakening_random_edge_paired_delta_auc.png,037_spectral_kappa_edge_weakening_random_edge_paired_delta_auc.png,png,165247,0.1575918197631836
visuals/03_paired_delta_auc/spectral_kappa/038_spectral_kappa_edge_weakening_weighted_edge_betweenness_paired_delta_auc.png,038_spectral_kappa_edge_weakening_weighted_edge_betweenness_paired_delta_auc.png,png,169203,0.16136455535888672
visuals/03_paired_delta_auc/spectral_kappa/039_spectral_kappa_edge_weakening_random_subset_random_fixed_10pct_paired_delta_auc.png,039_spectral_kappa_edge_weakening_random_subset_random_fixed_10pct_paired_delta_auc.png,png,158796,0.15143966674804688
visuals/03_paired_delta_auc/spectral_kappa/040_spectral_kappa_edge_weakening_random_subset_weighted_edge_betweenness_fixed_10pct_paired_delta_auc.png,040_spectral_kappa_edge_weakening_random_subset_weighted_edge_betweenness_fixed_10pct_paired_delta_auc.png,png,167234,0.1594867706298828
visuals/03_paired_delta_auc/weighted_directed_community_assortativity/011_weighted_directed_community_assortativity_node_removal_random_paired_delta_auc.png,011_weighted_directed_community_assortativity_node_removal_random_paired_delta_auc.png,png,181600,0.173187255859375
visuals/03_paired_delta_auc/weighted_directed_community_assortativity/012_weighted_directed_community_assortativity_node_removal_weighted_slack_paired_delta_auc.png,012_weighted_directed_community_assortativity_node_removal_weighted_slack_paired_delta_auc.png,png,181821,0.17339801788330078
visuals/03_paired_delta_auc/weighted_directed_community_assortativity/013_weighted_directed_community_assortativity_node_removal_out_strength_paired_delta_auc.png,013_weighted_directed_community_assortativity_node_removal_out_strength_paired_delta_auc.png,png,177345,0.1691293716430664
visuals/03_paired_delta_auc/weighted_directed_community_assortativity/014_weighted_directed_community_assortativity_node_redistribution_random_paired_delta_auc.png,014_weighted_directed_community_assortativity_node_redistribution_random_paired_delta_auc.png,png,179042,0.1707477569580078
visuals/03_paired_delta_auc/weighted_directed_community_assortativity/015_weighted_directed_community_assortativity_node_redistribution_weighted_slack_paired_delta_auc.png,015_weighted_directed_community_assortativity_node_redistribution_weighted_slack_paired_delta_auc.png,png,168358,0.16055870056152344
visuals/03_paired_delta_auc/weighted_directed_community_assortativity/016_weighted_directed_community_assortativity_node_redistribution_out_strength_paired_delta_auc.png,016_weighted_directed_community_assortativity_node_redistribution_out_strength_paired_delta_auc.png,png,184300,0.17576217651367188
visuals/03_paired_delta_auc/weighted_directed_community_assortativity/017_weighted_directed_community_assortativity_edge_weakening_random_edge_paired_delta_auc.png,017_weighted_directed_community_assortativity_edge_weakening_random_edge_paired_delta_auc.png,png,178944,0.170654296875
visuals/03_paired_delta_auc/weighted_directed_community_assortativity/018_weighted_directed_community_assortativity_edge_weakening_weighted_edge_betweenness_paired_delta_auc.png,018_weighted_directed_community_assortativity_edge_weakening_weighted_edge_betweenness_paired_delta_auc.png,png,190505,0.18167972564697266
visuals/03_paired_delta_auc/weighted_directed_community_assortativity/019_weighted_directed_community_assortativity_edge_weakening_random_subset_random_fixed_10pct_paired_delta_auc.png,019_weighted_directed_community_assortativity_edge_weakening_random_subset_random_fixed_10pct_paired_delta_auc.png,png,181852,0.17342758178710938
visuals/03_paired_delta_auc/weighted_directed_community_assortativity/020_weighted_directed_community_assortativity_edge_weakening_random_subset_weighted_edge_betweenness_fixed_10pct_paired_delta_auc.png,020_weighted_directed_community_assortativity_edge_weakening_random_subset_weighted_edge_betweenness_fixed_10pct_paired_delta_auc.png,png,181783,0.17336177825927734
visuals/03_paired_delta_auc/weighted_directed_community_assortativity_louvain_dynamic/081_weighted_directed_community_assortativity_louvain_dynamic_node_removal_random_paired_delta_auc.png,081_weighted_directed_community_assortativity_louvain_dynamic_node_removal_random_paired_delta_auc.png,png,162706,0.1551685333251953
visuals/03_paired_delta_auc/weighted_directed_community_assortativity_louvain_dynamic/082_weighted_directed_community_assortativity_louvain_dynamic_node_removal_weighted_slack_paired_delta_auc.png,082_weighted_directed_community_assortativity_louvain_dynamic_node_removal_weighted_slack_paired_delta_auc.png,png,173913,0.16585636138916016
visuals/03_paired_delta_auc/weighted_directed_community_assortativity_louvain_dynamic/083_weighted_directed_community_assortativity_louvain_dynamic_node_removal_out_strength_paired_delta_auc.png,083_weighted_directed_community_assortativity_louvain_dynamic_node_removal_out_strength_paired_delta_auc.png,png,166603,0.15888500213623047
visuals/03_paired_delta_auc/weighted_directed_community_assortativity_louvain_dynamic/084_weighted_directed_community_assortativity_louvain_dynamic_node_redistribution_random_paired_delta_auc.png,084_weighted_directed_community_assortativity_louvain_dynamic_node_redistribution_random_paired_delta_auc.png,png,160739,0.15329265594482422
visuals/03_paired_delta_auc/weighted_directed_community_assortativity_louvain_dynamic/085_weighted_directed_community_assortativity_louvain_dynamic_node_redistribution_weighted_slack_paired_delta_auc.png,085_weighted_directed_community_assortativity_louvain_dynamic_node_redistribution_weighted_slack_paired_delta_auc.png,png,169864,0.16199493408203125
visuals/03_paired_delta_auc/weighted_directed_community_assortativity_louvain_dynamic/086_weighted_directed_community_assortativity_louvain_dynamic_node_redistribution_out_strength_paired_delta_auc.png,086_weighted_directed_community_assortativity_louvain_dynamic_node_redistribution_out_strength_paired_delta_auc.png,png,177302,0.16908836364746094
visuals/03_paired_delta_auc/weighted_directed_community_assortativity_louvain_dynamic/087_weighted_directed_community_assortativity_louvain_dynamic_edge_weakening_random_edge_paired_delta_auc.png,087_weighted_directed_community_assortativity_louvain_dynamic_edge_weakening_random_edge_paired_delta_auc.png,png,176027,0.16787242889404297
visuals/03_paired_delta_auc/weighted_directed_community_assortativity_louvain_dynamic/088_weighted_directed_community_assortativity_louvain_dynamic_edge_weakening_weighted_edge_betweenness_paired_delta_auc.png,088_weighted_directed_community_assortativity_louvain_dynamic_edge_weakening_weighted_edge_betweenness_paired_delta_auc.png,png,195435,0.18638134002685547
visuals/03_paired_delta_auc/weighted_directed_community_assortativity_louvain_dynamic/089_weighted_directed_community_assortativity_louvain_dynamic_edge_weakening_random_subset_random_fixed_10pct_paired_delta_auc.png,089_weighted_directed_community_assortativity_louvain_dynamic_edge_weakening_random_subset_random_fixed_10pct_paired_delta_auc.png,png,175545,0.16741275787353516
visuals/03_paired_delta_auc/weighted_directed_community_assortativity_louvain_dynamic/090_weighted_directed_community_assortativity_louvain_dynamic_edge_weakening_random_subset_weighted_edge_betweenness_fixed_10pct_paired_delta_auc.png,090_weighted_directed_community_assortativity_louvain_dynamic_edge_weakening_random_subset_weighted_edge_betweenness_fixed_10pct_paired_delta_auc.png,png,184925,0.17635822296142578
visuals/03_paired_delta_auc/weighted_efficiency/061_weighted_efficiency_node_removal_random_paired_delta_auc.png,061_weighted_efficiency_node_removal_random_paired_delta_auc.png,png,165227,0.15757274627685547
visuals/03_paired_delta_auc/weighted_efficiency/062_weighted_efficiency_node_removal_weighted_slack_paired_delta_auc.png,062_weighted_efficiency_node_removal_weighted_slack_paired_delta_auc.png,png,170154,0.16227149963378906
visuals/03_paired_delta_auc/weighted_efficiency/063_weighted_efficiency_node_removal_out_strength_paired_delta_auc.png,063_weighted_efficiency_node_removal_out_strength_paired_delta_auc.png,png,163889,0.1562967300415039
visuals/03_paired_delta_auc/weighted_efficiency/064_weighted_efficiency_node_redistribution_random_paired_delta_auc.png,064_weighted_efficiency_node_redistribution_random_paired_delta_auc.png,png,180359,0.17200374603271484
visuals/03_paired_delta_auc/weighted_efficiency/065_weighted_efficiency_node_redistribution_weighted_slack_paired_delta_auc.png,065_weighted_efficiency_node_redistribution_weighted_slack_paired_delta_auc.png,png,169851,0.16198253631591797
visuals/03_paired_delta_auc/weighted_efficiency/066_weighted_efficiency_node_redistribution_out_strength_paired_delta_auc.png,066_weighted_efficiency_node_redistribution_out_strength_paired_delta_auc.png,png,176701,0.16851520538330078
visuals/03_paired_delta_auc/weighted_efficiency/067_weighted_efficiency_edge_weakening_random_edge_paired_delta_auc.png,067_weighted_efficiency_edge_weakening_random_edge_paired_delta_auc.png,png,182394,0.17394447326660156
visuals/03_paired_delta_auc/weighted_efficiency/068_weighted_efficiency_edge_weakening_weighted_edge_betweenness_paired_delta_auc.png,068_weighted_efficiency_edge_weakening_weighted_edge_betweenness_paired_delta_auc.png,png,178633,0.17035770416259766
visuals/03_paired_delta_auc/weighted_efficiency/069_weighted_efficiency_edge_weakening_random_subset_random_fixed_10pct_paired_delta_auc.png,069_weighted_efficiency_edge_weakening_random_subset_random_fixed_10pct_paired_delta_auc.png,png,183406,0.1749095916748047
visuals/03_paired_delta_auc/weighted_efficiency/070_weighted_efficiency_edge_weakening_random_subset_weighted_edge_betweenness_fixed_10pct_paired_delta_auc.png,070_weighted_efficiency_edge_weakening_random_subset_weighted_edge_betweenness_fixed_10pct_paired_delta_auc.png,png,187179,0.17850780487060547
visuals/03_paired_delta_auc/yuan_out_in_strength_assortativity/021_yuan_out_in_strength_assortativity_node_removal_random_paired_delta_auc.png,021_yuan_out_in_strength_assortativity_node_removal_random_paired_delta_auc.png,png,169684,0.16182327270507812
visuals/03_paired_delta_auc/yuan_out_in_strength_assortativity/022_yuan_out_in_strength_assortativity_node_removal_weighted_slack_paired_delta_auc.png,022_yuan_out_in_strength_assortativity_node_removal_weighted_slack_paired_delta_auc.png,png,165011,0.15736675262451172
visuals/03_paired_delta_auc/yuan_out_in_strength_assortativity/023_yuan_out_in_strength_assortativity_node_removal_out_strength_paired_delta_auc.png,023_yuan_out_in_strength_assortativity_node_removal_out_strength_paired_delta_auc.png,png,165601,0.1579294204711914
visuals/03_paired_delta_auc/yuan_out_in_strength_assortativity/024_yuan_out_in_strength_assortativity_node_redistribution_random_paired_delta_auc.png,024_yuan_out_in_strength_assortativity_node_redistribution_random_paired_delta_auc.png,png,152884,0.14580154418945312
visuals/03_paired_delta_auc/yuan_out_in_strength_assortativity/025_yuan_out_in_strength_assortativity_node_redistribution_weighted_slack_paired_delta_auc.png,025_yuan_out_in_strength_assortativity_node_redistribution_weighted_slack_paired_delta_auc.png,png,166482,0.1587696075439453
visuals/03_paired_delta_auc/yuan_out_in_strength_assortativity/026_yuan_out_in_strength_assortativity_node_redistribution_out_strength_paired_delta_auc.png,026_yuan_out_in_strength_assortativity_node_redistribution_out_strength_paired_delta_auc.png,png,182397,0.17394733428955078
visuals/03_paired_delta_auc/yuan_out_in_strength_assortativity/027_yuan_out_in_strength_assortativity_edge_weakening_random_edge_paired_delta_auc.png,027_yuan_out_in_strength_assortativity_edge_weakening_random_edge_paired_delta_auc.png,png,174034,0.1659717559814453
visuals/03_paired_delta_auc/yuan_out_in_strength_assortativity/028_yuan_out_in_strength_assortativity_edge_weakening_weighted_edge_betweenness_paired_delta_auc.png,028_yuan_out_in_strength_assortativity_edge_weakening_weighted_edge_betweenness_paired_delta_auc.png,png,172885,0.16487598419189453
visuals/03_paired_delta_auc/yuan_out_in_strength_assortativity/029_yuan_out_in_strength_assortativity_edge_weakening_random_subset_random_fixed_10pct_paired_delta_auc.png,029_yuan_out_in_strength_assortativity_edge_weakening_random_subset_random_fixed_10pct_paired_delta_auc.png,png,175862,0.16771507263183594
visuals/03_paired_delta_auc/yuan_out_in_strength_assortativity/030_yuan_out_in_strength_assortativity_edge_weakening_random_subset_weighted_edge_betweenness_fixed_10pct_paired_delta_auc.png,030_yuan_out_in_strength_assortativity_edge_weakening_random_subset_weighted_edge_betweenness_fixed_10pct_paired_delta_auc.png,png,178239,0.1699819564819336
visuals/04_anova_boxplots_posthoc/community_assortativity/001_community_assortativity_node_removal_random_anova_boxplot_posthoc.png,001_community_assortativity_node_removal_random_anova_boxplot_posthoc.png,png,459139,0.4378690719604492
visuals/04_anova_boxplots_posthoc/community_assortativity/002_community_assortativity_node_removal_weighted_slack_anova_boxplot_posthoc.png,002_community_assortativity_node_removal_weighted_slack_anova_boxplot_posthoc.png,png,453604,0.4325904846191406
visuals/04_anova_boxplots_posthoc/community_assortativity/003_community_assortativity_node_removal_out_strength_anova_boxplot_posthoc.png,003_community_assortativity_node_removal_out_strength_anova_boxplot_posthoc.png,png,456808,0.43564605712890625
visuals/04_anova_boxplots_posthoc/community_assortativity/004_community_assortativity_node_redistribution_random_anova_boxplot_posthoc.png,004_community_assortativity_node_redistribution_random_anova_boxplot_posthoc.png,png,468907,0.44718456268310547
visuals/04_anova_boxplots_posthoc/community_assortativity/005_community_assortativity_node_redistribution_weighted_slack_anova_boxplot_posthoc.png,005_community_assortativity_node_redistribution_weighted_slack_anova_boxplot_posthoc.png,png,461617,0.4402322769165039
visuals/04_anova_boxplots_posthoc/community_assortativity/006_community_assortativity_node_redistribution_out_strength_anova_boxplot_posthoc.png,006_community_assortativity_node_redistribution_out_strength_anova_boxplot_posthoc.png,png,464872,0.44333648681640625
visuals/04_anova_boxplots_posthoc/community_assortativity/007_community_assortativity_edge_weakening_random_edge_anova_boxplot_posthoc.png,007_community_assortativity_edge_weakening_random_edge_anova_boxplot_posthoc.png,png,216250,0.20623207092285156
visuals/04_anova_boxplots_posthoc/community_assortativity/008_community_assortativity_edge_weakening_weighted_edge_betweenness_anova_boxplot_posthoc.png,008_community_assortativity_edge_weakening_weighted_edge_betweenness_anova_boxplot_posthoc.png,png,218717,0.20858478546142578
visuals/04_anova_boxplots_posthoc/community_assortativity/009_community_assortativity_edge_weakening_random_subset_random_fixed_10pct_anova_boxplot_posthoc.png,009_community_assortativity_edge_weakening_random_subset_random_fixed_10pct_anova_boxplot_posthoc.png,png,215923,0.20592021942138672
visuals/04_anova_boxplots_posthoc/community_assortativity/010_community_assortativity_edge_weakening_random_subset_weighted_edge_betweenness_fixed_10pct_anova_boxplot_posthoc.png,010_community_assortativity_edge_weakening_random_subset_weighted_edge_betweenness_fixed_10pct_anova_boxplot_posthoc.png,png,216943,0.2068929672241211
visuals/04_anova_boxplots_posthoc/community_assortativity_louvain_dynamic/071_community_assortativity_louvain_dynamic_node_removal_random_anova_boxplot_posthoc.png,071_community_assortativity_louvain_dynamic_node_removal_random_anova_boxplot_posthoc.png,png,448747,0.42795848846435547
visuals/04_anova_boxplots_posthoc/community_assortativity_louvain_dynamic/072_community_assortativity_louvain_dynamic_node_removal_weighted_slack_anova_boxplot_posthoc.png,072_community_assortativity_louvain_dynamic_node_removal_weighted_slack_anova_boxplot_posthoc.png,png,465626,0.44405555725097656
visuals/04_anova_boxplots_posthoc/community_assortativity_louvain_dynamic/073_community_assortativity_louvain_dynamic_node_removal_out_strength_anova_boxplot_posthoc.png,073_community_assortativity_louvain_dynamic_node_removal_out_strength_anova_boxplot_posthoc.png,png,462706,0.4412708282470703
visuals/04_anova_boxplots_posthoc/community_assortativity_louvain_dynamic/074_community_assortativity_louvain_dynamic_node_redistribution_random_anova_boxplot_posthoc.png,074_community_assortativity_louvain_dynamic_node_redistribution_random_anova_boxplot_posthoc.png,png,456581,0.43542957305908203
visuals/04_anova_boxplots_posthoc/community_assortativity_louvain_dynamic/075_community_assortativity_louvain_dynamic_node_redistribution_weighted_slack_anova_boxplot_posthoc.png,075_community_assortativity_louvain_dynamic_node_redistribution_weighted_slack_anova_boxplot_posthoc.png,png,473895,0.45194149017333984
visuals/04_anova_boxplots_posthoc/community_assortativity_louvain_dynamic/076_community_assortativity_louvain_dynamic_node_redistribution_out_strength_anova_boxplot_posthoc.png,076_community_assortativity_louvain_dynamic_node_redistribution_out_strength_anova_boxplot_posthoc.png,png,465966,0.4443798065185547
visuals/04_anova_boxplots_posthoc/community_assortativity_louvain_dynamic/077_community_assortativity_louvain_dynamic_edge_weakening_random_edge_anova_boxplot_posthoc.png,077_community_assortativity_louvain_dynamic_edge_weakening_random_edge_anova_boxplot_posthoc.png,png,391066,0.37294960021972656
visuals/04_anova_boxplots_posthoc/community_assortativity_louvain_dynamic/078_community_assortativity_louvain_dynamic_edge_weakening_weighted_edge_betweenness_anova_boxplot_posthoc.png,078_community_assortativity_louvain_dynamic_edge_weakening_weighted_edge_betweenness_anova_boxplot_posthoc.png,png,383317,0.36555957794189453
visuals/04_anova_boxplots_posthoc/community_assortativity_louvain_dynamic/079_community_assortativity_louvain_dynamic_edge_weakening_random_subset_random_fixed_10pct_anova_boxplot_posthoc.png,079_community_assortativity_louvain_dynamic_edge_weakening_random_subset_random_fixed_10pct_anova_boxplot_posthoc.png,png,398991,0.3805074691772461
visuals/04_anova_boxplots_posthoc/community_assortativity_louvain_dynamic/080_community_assortativity_louvain_dynamic_edge_weakening_random_subset_weighted_edge_betweenness_fixed_10pct_anova_boxplot_posthoc.png,080_community_assortativity_louvain_dynamic_edge_weakening_random_subset_weighted_edge_betweenness_fixed_10pct_anova_boxplot_posthoc.png,png,391111,0.37299251556396484
visuals/04_anova_boxplots_posthoc/gscc_ratio/041_gscc_ratio_node_removal_random_anova_boxplot_posthoc.png,041_gscc_ratio_node_removal_random_anova_boxplot_posthoc.png,png,394723,0.3764371871948242
visuals/04_anova_boxplots_posthoc/gscc_ratio/042_gscc_ratio_node_removal_weighted_slack_anova_boxplot_posthoc.png,042_gscc_ratio_node_removal_weighted_slack_anova_boxplot_posthoc.png,png,418866,0.3994617462158203
visuals/04_anova_boxplots_posthoc/gscc_ratio/043_gscc_ratio_node_removal_out_strength_anova_boxplot_posthoc.png,043_gscc_ratio_node_removal_out_strength_anova_boxplot_posthoc.png,png,416987,0.39766979217529297
visuals/04_anova_boxplots_posthoc/gscc_ratio/044_gscc_ratio_node_redistribution_random_anova_boxplot_posthoc.png,044_gscc_ratio_node_redistribution_random_anova_boxplot_posthoc.png,png,404420,0.3856849670410156
visuals/04_anova_boxplots_posthoc/gscc_ratio/045_gscc_ratio_node_redistribution_weighted_slack_anova_boxplot_posthoc.png,045_gscc_ratio_node_redistribution_weighted_slack_anova_boxplot_posthoc.png,png,427184,0.4073944091796875
visuals/04_anova_boxplots_posthoc/gscc_ratio/046_gscc_ratio_node_redistribution_out_strength_anova_boxplot_posthoc.png,046_gscc_ratio_node_redistribution_out_strength_anova_boxplot_posthoc.png,png,425865,0.40613651275634766
visuals/04_anova_boxplots_posthoc/gscc_ratio/047_gscc_ratio_edge_weakening_random_edge_anova_boxplot_posthoc.png,047_gscc_ratio_edge_weakening_random_edge_anova_boxplot_posthoc.png,png,203266,0.1938495635986328
visuals/04_anova_boxplots_posthoc/gscc_ratio/048_gscc_ratio_edge_weakening_weighted_edge_betweenness_anova_boxplot_posthoc.png,048_gscc_ratio_edge_weakening_weighted_edge_betweenness_anova_boxplot_posthoc.png,png,205778,0.1962451934814453
visuals/04_anova_boxplots_posthoc/gscc_ratio/049_gscc_ratio_edge_weakening_random_subset_random_fixed_10pct_anova_boxplot_posthoc.png,049_gscc_ratio_edge_weakening_random_subset_random_fixed_10pct_anova_boxplot_posthoc.png,png,202911,0.1935110092163086
visuals/04_anova_boxplots_posthoc/gscc_ratio/050_gscc_ratio_edge_weakening_random_subset_weighted_edge_betweenness_fixed_10pct_anova_boxplot_posthoc.png,050_gscc_ratio_edge_weakening_random_subset_weighted_edge_betweenness_fixed_10pct_anova_boxplot_posthoc.png,png,203848,0.19440460205078125
visuals/04_anova_boxplots_posthoc/reachability/051_reachability_node_removal_random_anova_boxplot_posthoc.png,051_reachability_node_removal_random_anova_boxplot_posthoc.png,png,386625,0.3687143325805664
visuals/04_anova_boxplots_posthoc/reachability/052_reachability_node_removal_weighted_slack_anova_boxplot_posthoc.png,052_reachability_node_removal_weighted_slack_anova_boxplot_posthoc.png,png,411996,0.3929100036621094
visuals/04_anova_boxplots_posthoc/reachability/053_reachability_node_removal_out_strength_anova_boxplot_posthoc.png,053_reachability_node_removal_out_strength_anova_boxplot_posthoc.png,png,408233,0.38932132720947266
visuals/04_anova_boxplots_posthoc/reachability/054_reachability_node_redistribution_random_anova_boxplot_posthoc.png,054_reachability_node_redistribution_random_anova_boxplot_posthoc.png,png,396678,0.37830162048339844
visuals/04_anova_boxplots_posthoc/reachability/055_reachability_node_redistribution_weighted_slack_anova_boxplot_posthoc.png,055_reachability_node_redistribution_weighted_slack_anova_boxplot_posthoc.png,png,419802,0.40035438537597656
visuals/04_anova_boxplots_posthoc/reachability/056_reachability_node_redistribution_out_strength_anova_boxplot_posthoc.png,056_reachability_node_redistribution_out_strength_anova_boxplot_posthoc.png,png,416036,0.3967628479003906
visuals/04_anova_boxplots_posthoc/reachability/057_reachability_edge_weakening_random_edge_anova_boxplot_posthoc.png,057_reachability_edge_weakening_random_edge_anova_boxplot_posthoc.png,png,204866,0.1953754425048828
visuals/04_anova_boxplots_posthoc/reachability/058_reachability_edge_weakening_weighted_edge_betweenness_anova_boxplot_posthoc.png,058_reachability_edge_weakening_weighted_edge_betweenness_anova_boxplot_posthoc.png,png,207433,0.19782352447509766
visuals/04_anova_boxplots_posthoc/reachability/059_reachability_edge_weakening_random_subset_random_fixed_10pct_anova_boxplot_posthoc.png,059_reachability_edge_weakening_random_subset_random_fixed_10pct_anova_boxplot_posthoc.png,png,204503,0.19502925872802734
visuals/04_anova_boxplots_posthoc/reachability/060_reachability_edge_weakening_random_subset_weighted_edge_betweenness_fixed_10pct_anova_boxplot_posthoc.png,060_reachability_edge_weakening_random_subset_weighted_edge_betweenness_fixed_10pct_anova_boxplot_posthoc.png,png,205464,0.19594573974609375
visuals/04_anova_boxplots_posthoc/spectral_kappa/031_spectral_kappa_node_removal_random_anova_boxplot_posthoc.png,031_spectral_kappa_node_removal_random_anova_boxplot_posthoc.png,png,410913,0.3918771743774414
visuals/04_anova_boxplots_posthoc/spectral_kappa/032_spectral_kappa_node_removal_weighted_slack_anova_boxplot_posthoc.png,032_spectral_kappa_node_removal_weighted_slack_anova_boxplot_posthoc.png,png,413110,0.39397239685058594
visuals/04_anova_boxplots_posthoc/spectral_kappa/033_spectral_kappa_node_removal_out_strength_anova_boxplot_posthoc.png,033_spectral_kappa_node_removal_out_strength_anova_boxplot_posthoc.png,png,409893,0.39090442657470703
visuals/04_anova_boxplots_posthoc/spectral_kappa/034_spectral_kappa_node_redistribution_random_anova_boxplot_posthoc.png,034_spectral_kappa_node_redistribution_random_anova_boxplot_posthoc.png,png,415898,0.39663124084472656
visuals/04_anova_boxplots_posthoc/spectral_kappa/035_spectral_kappa_node_redistribution_weighted_slack_anova_boxplot_posthoc.png,035_spectral_kappa_node_redistribution_weighted_slack_anova_boxplot_posthoc.png,png,416346,0.39705848693847656
visuals/04_anova_boxplots_posthoc/spectral_kappa/036_spectral_kappa_node_redistribution_out_strength_anova_boxplot_posthoc.png,036_spectral_kappa_node_redistribution_out_strength_anova_boxplot_posthoc.png,png,430058,0.41013526916503906
visuals/04_anova_boxplots_posthoc/spectral_kappa/037_spectral_kappa_edge_weakening_random_edge_anova_boxplot_posthoc.png,037_spectral_kappa_edge_weakening_random_edge_anova_boxplot_posthoc.png,png,393692,0.3754539489746094
visuals/04_anova_boxplots_posthoc/spectral_kappa/038_spectral_kappa_edge_weakening_weighted_edge_betweenness_anova_boxplot_posthoc.png,038_spectral_kappa_edge_weakening_weighted_edge_betweenness_anova_boxplot_posthoc.png,png,420713,0.40122318267822266
visuals/04_anova_boxplots_posthoc/spectral_kappa/039_spectral_kappa_edge_weakening_random_subset_random_fixed_10pct_anova_boxplot_posthoc.png,039_spectral_kappa_edge_weakening_random_subset_random_fixed_10pct_anova_boxplot_posthoc.png,png,416157,0.3968782424926758
visuals/04_anova_boxplots_posthoc/spectral_kappa/040_spectral_kappa_edge_weakening_random_subset_weighted_edge_betweenness_fixed_10pct_anova_boxplot_posthoc.png,040_spectral_kappa_edge_weakening_random_subset_weighted_edge_betweenness_fixed_10pct_anova_boxplot_posthoc.png,png,430149,0.41022205352783203
visuals/04_anova_boxplots_posthoc/weighted_directed_community_assortativity/011_weighted_directed_community_assortativity_node_removal_random_anova_boxplot_posthoc.png,011_weighted_directed_community_assortativity_node_removal_random_anova_boxplot_posthoc.png,png,470017,0.4482431411743164
visuals/04_anova_boxplots_posthoc/weighted_directed_community_assortativity/012_weighted_directed_community_assortativity_node_removal_weighted_slack_anova_boxplot_posthoc.png,012_weighted_directed_community_assortativity_node_removal_weighted_slack_anova_boxplot_posthoc.png,png,444128,0.423553466796875
visuals/04_anova_boxplots_posthoc/weighted_directed_community_assortativity/013_weighted_directed_community_assortativity_node_removal_out_strength_anova_boxplot_posthoc.png,013_weighted_directed_community_assortativity_node_removal_out_strength_anova_boxplot_posthoc.png,png,438610,0.4182910919189453
visuals/04_anova_boxplots_posthoc/weighted_directed_community_assortativity/014_weighted_directed_community_assortativity_node_redistribution_random_anova_boxplot_posthoc.png,014_weighted_directed_community_assortativity_node_redistribution_random_anova_boxplot_posthoc.png,png,459959,0.43865108489990234
visuals/04_anova_boxplots_posthoc/weighted_directed_community_assortativity/015_weighted_directed_community_assortativity_node_redistribution_weighted_slack_anova_boxplot_posthoc.png,015_weighted_directed_community_assortativity_node_redistribution_weighted_slack_anova_boxplot_posthoc.png,png,460280,0.43895721435546875
visuals/04_anova_boxplots_posthoc/weighted_directed_community_assortativity/016_weighted_directed_community_assortativity_node_redistribution_out_strength_anova_boxplot_posthoc.png,016_weighted_directed_community_assortativity_node_redistribution_out_strength_anova_boxplot_posthoc.png,png,438705,0.4183816909790039
visuals/04_anova_boxplots_posthoc/weighted_directed_community_assortativity/017_weighted_directed_community_assortativity_edge_weakening_random_edge_anova_boxplot_posthoc.png,017_weighted_directed_community_assortativity_edge_weakening_random_edge_anova_boxplot_posthoc.png,png,458786,0.4375324249267578
visuals/04_anova_boxplots_posthoc/weighted_directed_community_assortativity/018_weighted_directed_community_assortativity_edge_weakening_weighted_edge_betweenness_anova_boxplot_posthoc.png,018_weighted_directed_community_assortativity_edge_weakening_weighted_edge_betweenness_anova_boxplot_posthoc.png,png,458141,0.4369173049926758
visuals/04_anova_boxplots_posthoc/weighted_directed_community_assortativity/019_weighted_directed_community_assortativity_edge_weakening_random_subset_random_fixed_10pct_anova_boxplot_posthoc.png,019_weighted_directed_community_assortativity_edge_weakening_random_subset_random_fixed_10pct_anova_boxplot_posthoc.png,png,457879,0.43666744232177734
visuals/04_anova_boxplots_posthoc/weighted_directed_community_assortativity/020_weighted_directed_community_assortativity_edge_weakening_random_subset_weighted_edge_betweenness_fixed_10pct_anova_boxplot_posthoc.png,020_weighted_directed_community_assortativity_edge_weakening_random_subset_weighted_edge_betweenness_fixed_10pct_anova_boxplot_posthoc.png,png,448653,0.4278688430786133
visuals/04_anova_boxplots_posthoc/weighted_directed_community_assortativity_louvain_dynamic/081_weighted_directed_community_assortativity_louvain_dynamic_node_removal_random_anova_boxplot_posthoc.png,081_weighted_directed_community_assortativity_louvain_dynamic_node_removal_random_anova_boxplot_posthoc.png,png,417874,0.3985157012939453
visuals/04_anova_boxplots_posthoc/weighted_directed_community_assortativity_louvain_dynamic/082_weighted_directed_community_assortativity_louvain_dynamic_node_removal_weighted_slack_anova_boxplot_posthoc.png,082_weighted_directed_community_assortativity_louvain_dynamic_node_removal_weighted_slack_anova_boxplot_posthoc.png,png,448176,0.4274139404296875
visuals/04_anova_boxplots_posthoc/weighted_directed_community_assortativity_louvain_dynamic/083_weighted_directed_community_assortativity_louvain_dynamic_node_removal_out_strength_anova_boxplot_posthoc.png,083_weighted_directed_community_assortativity_louvain_dynamic_node_removal_out_strength_anova_boxplot_posthoc.png,png,464045,0.4425477981567383
visuals/04_anova_boxplots_posthoc/weighted_directed_community_assortativity_louvain_dynamic/084_weighted_directed_community_assortativity_louvain_dynamic_node_redistribution_random_anova_boxplot_posthoc.png,084_weighted_directed_community_assortativity_louvain_dynamic_node_redistribution_random_anova_boxplot_posthoc.png,png,444296,0.42371368408203125
visuals/04_anova_boxplots_posthoc/weighted_directed_community_assortativity_louvain_dynamic/085_weighted_directed_community_assortativity_louvain_dynamic_node_redistribution_weighted_slack_anova_boxplot_posthoc.png,085_weighted_directed_community_assortativity_louvain_dynamic_node_redistribution_weighted_slack_anova_boxplot_posthoc.png,png,465324,0.4437675476074219
visuals/04_anova_boxplots_posthoc/weighted_directed_community_assortativity_louvain_dynamic/086_weighted_directed_community_assortativity_louvain_dynamic_node_redistribution_out_strength_anova_boxplot_posthoc.png,086_weighted_directed_community_assortativity_louvain_dynamic_node_redistribution_out_strength_anova_boxplot_posthoc.png,png,464616,0.44309234619140625
visuals/04_anova_boxplots_posthoc/weighted_directed_community_assortativity_louvain_dynamic/087_weighted_directed_community_assortativity_louvain_dynamic_edge_weakening_random_edge_anova_boxplot_posthoc.png,087_weighted_directed_community_assortativity_louvain_dynamic_edge_weakening_random_edge_anova_boxplot_posthoc.png,png,422596,0.4030189514160156
visuals/04_anova_boxplots_posthoc/weighted_directed_community_assortativity_louvain_dynamic/088_weighted_directed_community_assortativity_louvain_dynamic_edge_weakening_weighted_edge_betweenness_anova_boxplot_posthoc.png,088_weighted_directed_community_assortativity_louvain_dynamic_edge_weakening_weighted_edge_betweenness_anova_boxplot_posthoc.png,png,463143,0.44168758392333984
visuals/04_anova_boxplots_posthoc/weighted_directed_community_assortativity_louvain_dynamic/089_weighted_directed_community_assortativity_louvain_dynamic_edge_weakening_random_subset_random_fixed_10pct_anova_boxplot_posthoc.png,089_weighted_directed_community_assortativity_louvain_dynamic_edge_weakening_random_subset_random_fixed_10pct_anova_boxplot_posthoc.png,png,436057,0.41585636138916016
visuals/04_anova_boxplots_posthoc/weighted_directed_community_assortativity_louvain_dynamic/090_weighted_directed_community_assortativity_louvain_dynamic_edge_weakening_random_subset_weighted_edge_betweenness_fixed_10pct_anova_boxplot_posthoc.png,090_weighted_directed_community_assortativity_louvain_dynamic_edge_weakening_random_subset_weighted_edge_betweenness_fixed_10pct_anova_boxplot_posthoc.png,png,452153,0.43120670318603516
visuals/04_anova_boxplots_posthoc/weighted_efficiency/061_weighted_efficiency_node_removal_random_anova_boxplot_posthoc.png,061_weighted_efficiency_node_removal_random_anova_boxplot_posthoc.png,png,417174,0.39784812927246094
visuals/04_anova_boxplots_posthoc/weighted_efficiency/062_weighted_efficiency_node_removal_weighted_slack_anova_boxplot_posthoc.png,062_weighted_efficiency_node_removal_weighted_slack_anova_boxplot_posthoc.png,png,423164,0.4035606384277344
visuals/04_anova_boxplots_posthoc/weighted_efficiency/063_weighted_efficiency_node_removal_out_strength_anova_boxplot_posthoc.png,063_weighted_efficiency_node_removal_out_strength_anova_boxplot_posthoc.png,png,418282,0.39890480041503906
visuals/04_anova_boxplots_posthoc/weighted_efficiency/064_weighted_efficiency_node_redistribution_random_anova_boxplot_posthoc.png,064_weighted_efficiency_node_redistribution_random_anova_boxplot_posthoc.png,png,429609,0.40970706939697266
visuals/04_anova_boxplots_posthoc/weighted_efficiency/065_weighted_efficiency_node_redistribution_weighted_slack_anova_boxplot_posthoc.png,065_weighted_efficiency_node_redistribution_weighted_slack_anova_boxplot_posthoc.png,png,430170,0.41024208068847656
visuals/04_anova_boxplots_posthoc/weighted_efficiency/066_weighted_efficiency_node_redistribution_out_strength_anova_boxplot_posthoc.png,066_weighted_efficiency_node_redistribution_out_strength_anova_boxplot_posthoc.png,png,444687,0.4240865707397461
visuals/04_anova_boxplots_posthoc/weighted_efficiency/067_weighted_efficiency_edge_weakening_random_edge_anova_boxplot_posthoc.png,067_weighted_efficiency_edge_weakening_random_edge_anova_boxplot_posthoc.png,png,424815,0.4051351547241211
visuals/04_anova_boxplots_posthoc/weighted_efficiency/068_weighted_efficiency_edge_weakening_weighted_edge_betweenness_anova_boxplot_posthoc.png,068_weighted_efficiency_edge_weakening_weighted_edge_betweenness_anova_boxplot_posthoc.png,png,429179,0.40929698944091797
visuals/04_anova_boxplots_posthoc/weighted_efficiency/069_weighted_efficiency_edge_weakening_random_subset_random_fixed_10pct_anova_boxplot_posthoc.png,069_weighted_efficiency_edge_weakening_random_subset_random_fixed_10pct_anova_boxplot_posthoc.png,png,412680,0.39356231689453125
visuals/04_anova_boxplots_posthoc/weighted_efficiency/070_weighted_efficiency_edge_weakening_random_subset_weighted_edge_betweenness_fixed_10pct_anova_boxplot_posthoc.png,070_weighted_efficiency_edge_weakening_random_subset_weighted_edge_betweenness_fixed_10pct_anova_boxplot_posthoc.png,png,429781,0.40987110137939453
visuals/04_anova_boxplots_posthoc/yuan_out_in_strength_assortativity/021_yuan_out_in_strength_assortativity_node_removal_random_anova_boxplot_posthoc.png,021_yuan_out_in_strength_assortativity_node_removal_random_anova_boxplot_posthoc.png,png,443647,0.4230947494506836
visuals/04_anova_boxplots_posthoc/yuan_out_in_strength_assortativity/022_yuan_out_in_strength_assortativity_node_removal_weighted_slack_anova_boxplot_posthoc.png,022_yuan_out_in_strength_assortativity_node_removal_weighted_slack_anova_boxplot_posthoc.png,png,436820,0.4165840148925781
visuals/04_anova_boxplots_posthoc/yuan_out_in_strength_assortativity/023_yuan_out_in_strength_assortativity_node_removal_out_strength_anova_boxplot_posthoc.png,023_yuan_out_in_strength_assortativity_node_removal_out_strength_anova_boxplot_posthoc.png,png,426555,0.40679454803466797
visuals/04_anova_boxplots_posthoc/yuan_out_in_strength_assortativity/024_yuan_out_in_strength_assortativity_node_redistribution_random_anova_boxplot_posthoc.png,024_yuan_out_in_strength_assortativity_node_redistribution_random_anova_boxplot_posthoc.png,png,456349,0.4352083206176758
visuals/04_anova_boxplots_posthoc/yuan_out_in_strength_assortativity/025_yuan_out_in_strength_assortativity_node_redistribution_weighted_slack_anova_boxplot_posthoc.png,025_yuan_out_in_strength_assortativity_node_redistribution_weighted_slack_anova_boxplot_posthoc.png,png,464025,0.44252872467041016
visuals/04_anova_boxplots_posthoc/yuan_out_in_strength_assortativity/026_yuan_out_in_strength_assortativity_node_redistribution_out_strength_anova_boxplot_posthoc.png,026_yuan_out_in_strength_assortativity_node_redistribution_out_strength_anova_boxplot_posthoc.png,png,440907,0.42048168182373047
visuals/04_anova_boxplots_posthoc/yuan_out_in_strength_assortativity/027_yuan_out_in_strength_assortativity_edge_weakening_random_edge_anova_boxplot_posthoc.png,027_yuan_out_in_strength_assortativity_edge_weakening_random_edge_anova_boxplot_posthoc.png,png,442684,0.4221763610839844
visuals/04_anova_boxplots_posthoc/yuan_out_in_strength_assortativity/028_yuan_out_in_strength_assortativity_edge_weakening_weighted_edge_betweenness_anova_boxplot_posthoc.png,028_yuan_out_in_strength_assortativity_edge_weakening_weighted_edge_betweenness_anova_boxplot_posthoc.png,png,459535,0.4382467269897461
visuals/04_anova_boxplots_posthoc/yuan_out_in_strength_assortativity/029_yuan_out_in_strength_assortativity_edge_weakening_random_subset_random_fixed_10pct_anova_boxplot_posthoc.png,029_yuan_out_in_strength_assortativity_edge_weakening_random_subset_random_fixed_10pct_anova_boxplot_posthoc.png,png,452638,0.4316692352294922
visuals/04_anova_boxplots_posthoc/yuan_out_in_strength_assortativity/030_yuan_out_in_strength_assortativity_edge_weakening_random_subset_weighted_edge_betweenness_fixed_10pct_anova_boxplot_posthoc.png,030_yuan_out_in_strength_assortativity_edge_weakening_random_subset_weighted_edge_betweenness_fixed_10pct_anova_boxplot_posthoc.png,png,459082,0.43781471252441406
visuals/05_heatmaps/anova_omega2_lfr.png,anova_omega2_lfr.png,png,436192,0.415985107421875
visuals/05_heatmaps/anova_omega2_null.png,anova_omega2_null.png,png,397655,0.37923336029052734
visuals/05_heatmaps/paired_delta/edge_weakening_random_edge_cohen_dz.png,edge_weakening_random_edge_cohen_dz.png,png,270744,0.25820159912109375
visuals/05_heatmaps/paired_delta/edge_weakening_random_edge_mean_delta_auc.png,edge_weakening_random_edge_mean_delta_auc.png,png,273447,0.26077938079833984
visuals/05_heatmaps/paired_delta/edge_weakening_random_subset_random_fixed_10pct_cohen_dz.png,edge_weakening_random_subset_random_fixed_10pct_cohen_dz.png,png,271997,0.2593965530395508
visuals/05_heatmaps/paired_delta/edge_weakening_random_subset_random_fixed_10pct_mean_delta_auc.png,edge_weakening_random_subset_random_fixed_10pct_mean_delta_auc.png,png,266280,0.25394439697265625
visuals/05_heatmaps/paired_delta/edge_weakening_random_subset_weighted_edge_betweenness_fixed_10pct_cohen_dz.png,edge_weakening_random_subset_weighted_edge_betweenness_fixed_10pct_cohen_dz.png,png,282122,0.26905250549316406
visuals/05_heatmaps/paired_delta/edge_weakening_random_subset_weighted_edge_betweenness_fixed_10pct_mean_delta_auc.png,edge_weakening_random_subset_weighted_edge_betweenness_fixed_10pct_mean_delta_auc.png,png,271160,0.25859832763671875
visuals/05_heatmaps/paired_delta/edge_weakening_weighted_edge_betweenness_cohen_dz.png,edge_weakening_weighted_edge_betweenness_cohen_dz.png,png,279321,0.26638126373291016
visuals/05_heatmaps/paired_delta/edge_weakening_weighted_edge_betweenness_mean_delta_auc.png,edge_weakening_weighted_edge_betweenness_mean_delta_auc.png,png,270081,0.2575693130493164
visuals/05_heatmaps/paired_delta/node_redistribution_out_strength_cohen_dz.png,node_redistribution_out_strength_cohen_dz.png,png,316958,0.3022747039794922
visuals/05_heatmaps/paired_delta/node_redistribution_out_strength_mean_delta_auc.png,node_redistribution_out_strength_mean_delta_auc.png,png,294784,0.2811279296875
visuals/05_heatmaps/paired_delta/node_redistribution_random_cohen_dz.png,node_redistribution_random_cohen_dz.png,png,308724,0.2944221496582031
visuals/05_heatmaps/paired_delta/node_redistribution_random_mean_delta_auc.png,node_redistribution_random_mean_delta_auc.png,png,290015,0.2765798568725586
visuals/05_heatmaps/paired_delta/node_redistribution_weighted_slack_cohen_dz.png,node_redistribution_weighted_slack_cohen_dz.png,png,311073,0.2966623306274414
visuals/05_heatmaps/paired_delta/node_redistribution_weighted_slack_mean_delta_auc.png,node_redistribution_weighted_slack_mean_delta_auc.png,png,295492,0.2818031311035156
visuals/05_heatmaps/paired_delta/node_removal_out_strength_cohen_dz.png,node_removal_out_strength_cohen_dz.png,png,300601,0.28667545318603516
visuals/05_heatmaps/paired_delta/node_removal_out_strength_mean_delta_auc.png,node_removal_out_strength_mean_delta_auc.png,png,287932,0.2745933532714844
visuals/05_heatmaps/paired_delta/node_removal_random_cohen_dz.png,node_removal_random_cohen_dz.png,png,310039,0.29567623138427734
visuals/05_heatmaps/paired_delta/node_removal_random_mean_delta_auc.png,node_removal_random_mean_delta_auc.png,png,286591,0.2733144760131836
visuals/05_heatmaps/paired_delta/node_removal_weighted_slack_cohen_dz.png,node_removal_weighted_slack_cohen_dz.png,png,303943,0.28986263275146484
visuals/05_heatmaps/paired_delta/node_removal_weighted_slack_mean_delta_auc.png,node_removal_weighted_slack_mean_delta_auc.png,png,292489,0.27893924713134766
visuals/06_attack_mechanisms/01_node_removal_random_LFR_NULL_robustness.gif,01_node_removal_random_LFR_NULL_robustness.gif,gif,3169974,3.023122787475586
visuals/06_attack_mechanisms/01_node_removal_random_LFR_NULL_robustness_keyframes/01_node_removal_random_LFR_NULL_robustness_frame_00.png,01_node_removal_random_LFR_NULL_robustness_frame_00.png,png,1185380,1.1304664611816406
visuals/06_attack_mechanisms/01_node_removal_random_LFR_NULL_robustness_keyframes/01_node_removal_random_LFR_NULL_robustness_frame_04.png,01_node_removal_random_LFR_NULL_robustness_frame_04.png,png,1053197,1.0044069290161133
visuals/06_attack_mechanisms/01_node_removal_random_LFR_NULL_robustness_keyframes/01_node_removal_random_LFR_NULL_robustness_frame_08.png,01_node_removal_random_LFR_NULL_robustness_frame_08.png,png,914205,0.8718538284301758
visuals/06_attack_mechanisms/01_node_removal_random_LFR_NULL_robustness_keyframes/01_node_removal_random_LFR_NULL_robustness_frame_12.png,01_node_removal_random_LFR_NULL_robustness_frame_12.png,png,708555,0.6757307052612305
visuals/06_attack_mechanisms/01_node_removal_random_LFR_NULL_robustness_keyframes/01_node_removal_random_LFR_NULL_robustness_frame_16.png,01_node_removal_random_LFR_NULL_robustness_frame_16.png,png,491146,0.46839332580566406
visuals/06_attack_mechanisms/02_node_removal_weighted_slack_LFR_NULL_robustness.gif,02_node_removal_weighted_slack_LFR_NULL_robustness.gif,gif,2467281,2.352982521057129
visuals/06_attack_mechanisms/02_node_removal_weighted_slack_LFR_NULL_robustness_keyframes/02_node_removal_weighted_slack_LFR_NULL_robustness_frame_00.png,02_node_removal_weighted_slack_LFR_NULL_robustness_frame_00.png,png,1167532,1.1134452819824219
visuals/06_attack_mechanisms/02_node_removal_weighted_slack_LFR_NULL_robustness_keyframes/02_node_removal_weighted_slack_LFR_NULL_robustness_frame_04.png,02_node_removal_weighted_slack_LFR_NULL_robustness_frame_04.png,png,1014543,0.9675436019897461
visuals/06_attack_mechanisms/02_node_removal_weighted_slack_LFR_NULL_robustness_keyframes/02_node_removal_weighted_slack_LFR_NULL_robustness_frame_08.png,02_node_removal_weighted_slack_LFR_NULL_robustness_frame_08.png,png,816616,0.7787857055664062
visuals/06_attack_mechanisms/02_node_removal_weighted_slack_LFR_NULL_robustness_keyframes/02_node_removal_weighted_slack_LFR_NULL_robustness_frame_12.png,02_node_removal_weighted_slack_LFR_NULL_robustness_frame_12.png,png,607261,0.5791292190551758
visuals/06_attack_mechanisms/02_node_removal_weighted_slack_LFR_NULL_robustness_keyframes/02_node_removal_weighted_slack_LFR_NULL_robustness_frame_16.png,02_node_removal_weighted_slack_LFR_NULL_robustness_frame_16.png,png,464788,0.4432563781738281
visuals/06_attack_mechanisms/03_node_redistribution_weighted_slack_LFR_NULL_robustness.gif,03_node_redistribution_weighted_slack_LFR_NULL_robustness.gif,gif,3058655,2.9169607162475586
visuals/06_attack_mechanisms/03_node_redistribution_weighted_slack_LFR_NULL_robustness_keyframes/03_node_redistribution_weighted_slack_LFR_NULL_robustness_frame_00.png,03_node_redistribution_weighted_slack_LFR_NULL_robustness_frame_00.png,png,1192107,1.1368818283081055
visuals/06_attack_mechanisms/03_node_redistribution_weighted_slack_LFR_NULL_robustness_keyframes/03_node_redistribution_weighted_slack_LFR_NULL_robustness_frame_04.png,03_node_redistribution_weighted_slack_LFR_NULL_robustness_frame_04.png,png,1105325,1.0541200637817383
visuals/06_attack_mechanisms/03_node_redistribution_weighted_slack_LFR_NULL_robustness_keyframes/03_node_redistribution_weighted_slack_LFR_NULL_robustness_frame_08.png,03_node_redistribution_weighted_slack_LFR_NULL_robustness_frame_08.png,png,988221,0.9424409866333008
visuals/06_attack_mechanisms/03_node_redistribution_weighted_slack_LFR_NULL_robustness_keyframes/03_node_redistribution_weighted_slack_LFR_NULL_robustness_frame_12.png,03_node_redistribution_weighted_slack_LFR_NULL_robustness_frame_12.png,png,770602,0.7349033355712891
visuals/06_attack_mechanisms/03_node_redistribution_weighted_slack_LFR_NULL_robustness_keyframes/03_node_redistribution_weighted_slack_LFR_NULL_robustness_frame_16.png,03_node_redistribution_weighted_slack_LFR_NULL_robustness_frame_16.png,png,617361,0.5887613296508789
visuals/06_attack_mechanisms/04_progressive_edge_weakening_betweenness_LFR_NULL_robustness.gif,04_progressive_edge_weakening_betweenness_LFR_NULL_robustness.gif,gif,3438339,3.279055595397949
visuals/06_attack_mechanisms/04_progressive_edge_weakening_betweenness_LFR_NULL_robustness_keyframes/04_progressive_edge_weakening_betweenness_LFR_NULL_robustness_frame_00.png,04_progressive_edge_weakening_betweenness_LFR_NULL_robustness_frame_00.png,png,1161150,1.1073589324951172
visuals/06_attack_mechanisms/04_progressive_edge_weakening_betweenness_LFR_NULL_robustness_keyframes/04_progressive_edge_weakening_betweenness_LFR_NULL_robustness_frame_04.png,04_progressive_edge_weakening_betweenness_LFR_NULL_robustness_frame_04.png,png,1323789,1.2624635696411133
visuals/06_attack_mechanisms/04_progressive_edge_weakening_betweenness_LFR_NULL_robustness_keyframes/04_progressive_edge_weakening_betweenness_LFR_NULL_robustness_frame_08.png,04_progressive_edge_weakening_betweenness_LFR_NULL_robustness_frame_08.png,png,1415152,1.3495941162109375
visuals/06_attack_mechanisms/04_progressive_edge_weakening_betweenness_LFR_NULL_robustness_keyframes/04_progressive_edge_weakening_betweenness_LFR_NULL_robustness_frame_12.png,04_progressive_edge_weakening_betweenness_LFR_NULL_robustness_frame_12.png,png,1491259,1.422175407409668
visuals/06_attack_mechanisms/04_progressive_edge_weakening_betweenness_LFR_NULL_robustness_keyframes/04_progressive_edge_weakening_betweenness_LFR_NULL_robustness_frame_16.png,04_progressive_edge_weakening_betweenness_LFR_NULL_robustness_frame_16.png,png,1534198,1.463125228881836
visuals/06_attack_mechanisms/05_fixed_random_subset_LFR_NULL_robustness.gif,05_fixed_random_subset_LFR_NULL_robustness.gif,gif,1942980,1.8529701232910156
visuals/06_attack_mechanisms/05_fixed_random_subset_LFR_NULL_robustness_keyframes/05_fixed_random_subset_LFR_NULL_robustness_frame_00.png,05_fixed_random_subset_LFR_NULL_robustness_frame_00.png,png,1178656,1.124053955078125
visuals/06_attack_mechanisms/05_fixed_random_subset_LFR_NULL_robustness_keyframes/05_fixed_random_subset_LFR_NULL_robustness_frame_02.png,05_fixed_random_subset_LFR_NULL_robustness_frame_02.png,png,1249756,1.1918601989746094
visuals/06_attack_mechanisms/05_fixed_random_subset_LFR_NULL_robustness_keyframes/05_fixed_random_subset_LFR_NULL_robustness_frame_04.png,05_fixed_random_subset_LFR_NULL_robustness_frame_04.png,png,1321844,1.2606086730957031
visuals/06_attack_mechanisms/05_fixed_random_subset_LFR_NULL_robustness_keyframes/05_fixed_random_subset_LFR_NULL_robustness_frame_06.png,05_fixed_random_subset_LFR_NULL_robustness_frame_06.png,png,1396303,1.331618309020996
visuals/06_attack_mechanisms/05_fixed_random_subset_LFR_NULL_robustness_keyframes/05_fixed_random_subset_LFR_NULL_robustness_frame_09.png,05_fixed_random_subset_LFR_NULL_robustness_frame_09.png,png,1464022,1.396200180053711
visuals/06_attack_mechanisms/06_fixed_betweenness_subset_LFR_NULL_robustness.gif,06_fixed_betweenness_subset_LFR_NULL_robustness.gif,gif,2175542,2.074758529663086
visuals/06_attack_mechanisms/06_fixed_betweenness_subset_LFR_NULL_robustness_keyframes/06_fixed_betweenness_subset_LFR_NULL_robustness_frame_00.png,06_fixed_betweenness_subset_LFR_NULL_robustness_frame_00.png,png,1251566,1.1935863494873047
visuals/06_attack_mechanisms/06_fixed_betweenness_subset_LFR_NULL_robustness_keyframes/06_fixed_betweenness_subset_LFR_NULL_robustness_frame_02.png,06_fixed_betweenness_subset_LFR_NULL_robustness_frame_02.png,png,1328233,1.2667016983032227
visuals/06_attack_mechanisms/06_fixed_betweenness_subset_LFR_NULL_robustness_keyframes/06_fixed_betweenness_subset_LFR_NULL_robustness_frame_04.png,06_fixed_betweenness_subset_LFR_NULL_robustness_frame_04.png,png,1407023,1.341841697692871
visuals/06_attack_mechanisms/06_fixed_betweenness_subset_LFR_NULL_robustness_keyframes/06_fixed_betweenness_subset_LFR_NULL_robustness_frame_06.png,06_fixed_betweenness_subset_LFR_NULL_robustness_frame_06.png,png,1486786,1.4179096221923828
visuals/06_attack_mechanisms/06_fixed_betweenness_subset_LFR_NULL_robustness_keyframes/06_fixed_betweenness_subset_LFR_NULL_robustness_frame_09.png,06_fixed_betweenness_subset_LFR_NULL_robustness_frame_09.png,png,1549547,1.4777631759643555
visuals/06_attack_mechanisms/gif_manifest.csv,gif_manifest.csv,csv,2517,0.0024003982543945312
visuals/07_attack_mechanisms_raw_Y/01_node_removal_random_LFR_NULL_raw_Y.gif,01_node_removal_random_LFR_NULL_raw_Y.gif,gif,2503567,2.387587547302246
visuals/07_attack_mechanisms_raw_Y/01_node_removal_random_LFR_NULL_raw_Y_keyframes/01_node_removal_random_LFR_NULL_raw_Y_frame_00.png,01_node_removal_random_LFR_NULL_raw_Y_frame_00.png,png,1088263,1.0378484725952148
visuals/07_attack_mechanisms_raw_Y/01_node_removal_random_LFR_NULL_raw_Y_keyframes/01_node_removal_random_LFR_NULL_raw_Y_frame_04.png,01_node_removal_random_LFR_NULL_raw_Y_frame_04.png,png,955610,0.9113407135009766
visuals/07_attack_mechanisms_raw_Y/01_node_removal_random_LFR_NULL_raw_Y_keyframes/01_node_removal_random_LFR_NULL_raw_Y_frame_08.png,01_node_removal_random_LFR_NULL_raw_Y_frame_08.png,png,817866,0.7799777984619141
visuals/07_attack_mechanisms_raw_Y/01_node_removal_random_LFR_NULL_raw_Y_keyframes/01_node_removal_random_LFR_NULL_raw_Y_frame_12.png,01_node_removal_random_LFR_NULL_raw_Y_frame_12.png,png,612259,0.5838956832885742
visuals/07_attack_mechanisms_raw_Y/01_node_removal_random_LFR_NULL_raw_Y_keyframes/01_node_removal_random_LFR_NULL_raw_Y_frame_16.png,01_node_removal_random_LFR_NULL_raw_Y_frame_16.png,png,393554,0.3753223419189453
visuals/07_attack_mechanisms_raw_Y/02_node_removal_weighted_slack_LFR_NULL_raw_Y.gif,02_node_removal_weighted_slack_LFR_NULL_raw_Y.gif,gif,2300665,2.194085121154785
visuals/07_attack_mechanisms_raw_Y/02_node_removal_weighted_slack_LFR_NULL_raw_Y_keyframes/02_node_removal_weighted_slack_LFR_NULL_raw_Y_frame_00.png,02_node_removal_weighted_slack_LFR_NULL_raw_Y_frame_00.png,png,1090949,1.040410041809082
visuals/07_attack_mechanisms_raw_Y/02_node_removal_weighted_slack_LFR_NULL_raw_Y_keyframes/02_node_removal_weighted_slack_LFR_NULL_raw_Y_frame_04.png,02_node_removal_weighted_slack_LFR_NULL_raw_Y_frame_04.png,png,937546,0.8941135406494141
visuals/07_attack_mechanisms_raw_Y/02_node_removal_weighted_slack_LFR_NULL_raw_Y_keyframes/02_node_removal_weighted_slack_LFR_NULL_raw_Y_frame_08.png,02_node_removal_weighted_slack_LFR_NULL_raw_Y_frame_08.png,png,742951,0.7085332870483398
visuals/07_attack_mechanisms_raw_Y/02_node_removal_weighted_slack_LFR_NULL_raw_Y_keyframes/02_node_removal_weighted_slack_LFR_NULL_raw_Y_frame_12.png,02_node_removal_weighted_slack_LFR_NULL_raw_Y_frame_12.png,png,534334,0.5095806121826172
visuals/07_attack_mechanisms_raw_Y/02_node_removal_weighted_slack_LFR_NULL_raw_Y_keyframes/02_node_removal_weighted_slack_LFR_NULL_raw_Y_frame_16.png,02_node_removal_weighted_slack_LFR_NULL_raw_Y_frame_16.png,png,391923,0.3737668991088867
visuals/07_attack_mechanisms_raw_Y/03_node_redistribution_weighted_slack_LFR_NULL_raw_Y.gif,03_node_redistribution_weighted_slack_LFR_NULL_raw_Y.gif,gif,2958920,2.8218460083007812
visuals/07_attack_mechanisms_raw_Y/03_node_redistribution_weighted_slack_LFR_NULL_raw_Y_keyframes/03_node_redistribution_weighted_slack_LFR_NULL_raw_Y_frame_00.png,03_node_redistribution_weighted_slack_LFR_NULL_raw_Y_frame_00.png,png,1114443,1.0628156661987305
visuals/07_attack_mechanisms_raw_Y/03_node_redistribution_weighted_slack_LFR_NULL_raw_Y_keyframes/03_node_redistribution_weighted_slack_LFR_NULL_raw_Y_frame_04.png,03_node_redistribution_weighted_slack_LFR_NULL_raw_Y_frame_04.png,png,1030785,0.9830331802368164
visuals/07_attack_mechanisms_raw_Y/03_node_redistribution_weighted_slack_LFR_NULL_raw_Y_keyframes/03_node_redistribution_weighted_slack_LFR_NULL_raw_Y_frame_08.png,03_node_redistribution_weighted_slack_LFR_NULL_raw_Y_frame_08.png,png,911006,0.8688030242919922
visuals/07_attack_mechanisms_raw_Y/03_node_redistribution_weighted_slack_LFR_NULL_raw_Y_keyframes/03_node_redistribution_weighted_slack_LFR_NULL_raw_Y_frame_12.png,03_node_redistribution_weighted_slack_LFR_NULL_raw_Y_frame_12.png,png,692461,0.6603822708129883
visuals/07_attack_mechanisms_raw_Y/03_node_redistribution_weighted_slack_LFR_NULL_raw_Y_keyframes/03_node_redistribution_weighted_slack_LFR_NULL_raw_Y_frame_16.png,03_node_redistribution_weighted_slack_LFR_NULL_raw_Y_frame_16.png,png,535428,0.5106239318847656
visuals/07_attack_mechanisms_raw_Y/04_progressive_edge_weakening_betweenness_LFR_NULL_raw_Y.gif,04_progressive_edge_weakening_betweenness_LFR_NULL_raw_Y.gif,gif,2775004,2.6464500427246094
visuals/07_attack_mechanisms_raw_Y/04_progressive_edge_weakening_betweenness_LFR_NULL_raw_Y_keyframes/04_progressive_edge_weakening_betweenness_LFR_NULL_raw_Y_frame_00.png,04_progressive_edge_weakening_betweenness_LFR_NULL_raw_Y_frame_00.png,png,1101500,1.0504722595214844
visuals/07_attack_mechanisms_raw_Y/04_progressive_edge_weakening_betweenness_LFR_NULL_raw_Y_keyframes/04_progressive_edge_weakening_betweenness_LFR_NULL_raw_Y_frame_04.png,04_progressive_edge_weakening_betweenness_LFR_NULL_raw_Y_frame_04.png,png,1264956,1.2063560485839844
visuals/07_attack_mechanisms_raw_Y/04_progressive_edge_weakening_betweenness_LFR_NULL_raw_Y_keyframes/04_progressive_edge_weakening_betweenness_LFR_NULL_raw_Y_frame_08.png,04_progressive_edge_weakening_betweenness_LFR_NULL_raw_Y_frame_08.png,png,1357305,1.2944269180297852
visuals/07_attack_mechanisms_raw_Y/04_progressive_edge_weakening_betweenness_LFR_NULL_raw_Y_keyframes/04_progressive_edge_weakening_betweenness_LFR_NULL_raw_Y_frame_12.png,04_progressive_edge_weakening_betweenness_LFR_NULL_raw_Y_frame_12.png,png,1434019,1.3675870895385742
visuals/07_attack_mechanisms_raw_Y/04_progressive_edge_weakening_betweenness_LFR_NULL_raw_Y_keyframes/04_progressive_edge_weakening_betweenness_LFR_NULL_raw_Y_frame_16.png,04_progressive_edge_weakening_betweenness_LFR_NULL_raw_Y_frame_16.png,png,1475826,1.4074573516845703
visuals/07_attack_mechanisms_raw_Y/05_fixed_random_subset_LFR_NULL_raw_Y.gif,05_fixed_random_subset_LFR_NULL_raw_Y.gif,gif,1961495,1.8706274032592773
visuals/07_attack_mechanisms_raw_Y/05_fixed_random_subset_LFR_NULL_raw_Y_keyframes/05_fixed_random_subset_LFR_NULL_raw_Y_frame_00.png,05_fixed_random_subset_LFR_NULL_raw_Y_frame_00.png,png,1170085,1.115880012512207
visuals/07_attack_mechanisms_raw_Y/05_fixed_random_subset_LFR_NULL_raw_Y_keyframes/05_fixed_random_subset_LFR_NULL_raw_Y_frame_02.png,05_fixed_random_subset_LFR_NULL_raw_Y_frame_02.png,png,1241865,1.1843347549438477
visuals/07_attack_mechanisms_raw_Y/05_fixed_random_subset_LFR_NULL_raw_Y_keyframes/05_fixed_random_subset_LFR_NULL_raw_Y_frame_04.png,05_fixed_random_subset_LFR_NULL_raw_Y_frame_04.png,png,1312594,1.2517871856689453
visuals/07_attack_mechanisms_raw_Y/05_fixed_random_subset_LFR_NULL_raw_Y_keyframes/05_fixed_random_subset_LFR_NULL_raw_Y_frame_06.png,05_fixed_random_subset_LFR_NULL_raw_Y_frame_06.png,png,1387417,1.3231439590454102
visuals/07_attack_mechanisms_raw_Y/05_fixed_random_subset_LFR_NULL_raw_Y_keyframes/05_fixed_random_subset_LFR_NULL_raw_Y_frame_09.png,05_fixed_random_subset_LFR_NULL_raw_Y_frame_09.png,png,1453162,1.385843276977539
visuals/07_attack_mechanisms_raw_Y/06_fixed_betweenness_subset_LFR_NULL_raw_Y.gif,06_fixed_betweenness_subset_LFR_NULL_raw_Y.gif,gif,2162375,2.062201499938965
visuals/07_attack_mechanisms_raw_Y/06_fixed_betweenness_subset_LFR_NULL_raw_Y_keyframes/06_fixed_betweenness_subset_LFR_NULL_raw_Y_frame_00.png,06_fixed_betweenness_subset_LFR_NULL_raw_Y_frame_00.png,png,1227217,1.170365333557129
visuals/07_attack_mechanisms_raw_Y/06_fixed_betweenness_subset_LFR_NULL_raw_Y_keyframes/06_fixed_betweenness_subset_LFR_NULL_raw_Y_frame_02.png,06_fixed_betweenness_subset_LFR_NULL_raw_Y_frame_02.png,png,1304728,1.2442855834960938
visuals/07_attack_mechanisms_raw_Y/06_fixed_betweenness_subset_LFR_NULL_raw_Y_keyframes/06_fixed_betweenness_subset_LFR_NULL_raw_Y_frame_04.png,06_fixed_betweenness_subset_LFR_NULL_raw_Y_frame_04.png,png,1382429,1.3183870315551758
visuals/07_attack_mechanisms_raw_Y/06_fixed_betweenness_subset_LFR_NULL_raw_Y_keyframes/06_fixed_betweenness_subset_LFR_NULL_raw_Y_frame_06.png,06_fixed_betweenness_subset_LFR_NULL_raw_Y_frame_06.png,png,1462398,1.3946514129638672
visuals/07_attack_mechanisms_raw_Y/06_fixed_betweenness_subset_LFR_NULL_raw_Y_keyframes/06_fixed_betweenness_subset_LFR_NULL_raw_Y_frame_09.png,06_fixed_betweenness_subset_LFR_NULL_raw_Y_frame_09.png,png,1524263,1.4536504745483398
visuals/07_attack_mechanisms_raw_Y/gif_manifest_raw_Y.csv,gif_manifest_raw_Y.csv,csv,1987,0.0018949508666992188
