graph_type,attack_family,ranking_metric,attack,perturbation_unit,outcome,auc_measure,n_groups_expected,n_groups_observed,total_n,min_n_per_group,max_n_per_group,balanced_to_planned_n_runs,anova_F,anova_df_between,anova_df_within,anova_p_value,anova_significant_0p05,levene_statistic,levene_p_value,equal_variance_not_rejected_0p05,welch_F,welch_df_num,welch_df_denom,welch_p_value,welch_significant_0p05,eta_squared,omega_squared,omega_squared_raw
lfr,edge_weakening,edge_weight,edge_weight,edge,community_assortativity,auc_abs_delta,7,7,280,40,40,True,,6,273,,False,,,False,,6.0,,,False,,,
lfr,edge_weakening,edge_weight,edge_weight,edge,community_assortativity,auc_abs_marginal_delta,7,7,280,40,40,True,,6,273,,False,,,False,,6.0,,,False,,,
lfr,edge_weakening,edge_weight,edge_weight,edge,community_assortativity,auc_raw,7,7,280,40,40,True,2364.259799017941,6,273,4.3795049726287024e-232,True,8.494620062860761,1.814755564830241e-08,False,1809.714762344772,6.0,120.36304356852378,2.0449859938475632e-115,True,0.9811184500552532,0.9806356470493344,0.9806356470493344
lfr,edge_weakening,edge_weight,edge_weight,edge,community_assortativity_louvain_dynamic,auc_abs_delta,7,7,280,40,40,True,1.3816615158498373,6,273,0.22200037018006638,False,1.381661515849838,0.22200037018006638,True,,6.0,,,False,0.029471257442160476,0.008112116425672824,0.008112116425672824
lfr,edge_weakening,edge_weight,edge_weight,edge,community_assortativity_louvain_dynamic,auc_abs_marginal_delta,7,7,280,40,40,True,1.389925776305209,6,273,0.2186679774828513,False,1.389925776305209,0.2186679774828513,True,,6.0,,,False,0.029642311291684268,0.008286315605571358,0.008286315605571358
lfr,edge_weakening,edge_weight,edge_weight,edge,community_assortativity_louvain_dynamic,auc_raw,7,7,280,40,40,True,2247.231867550741,6,273,3.9063778604989605e-229,True,8.258671299509777,3.153086794022059e-08,False,1713.6239223159696,6.0,120.32905680033848,5.564932637808494e-114,True,0.9801546789469949,0.9796473040693905,0.9796473040693905
lfr,edge_weakening,edge_weight,edge_weight,edge,gscc_ratio,auc_abs_delta,7,7,280,40,40,True,,6,273,,False,,,False,,6.0,,,False,,,
lfr,edge_weakening,edge_weight,edge_weight,edge,gscc_ratio,auc_abs_marginal_delta,7,7,280,40,40,True,,6,273,,False,,,False,,6.0,,,False,,,
lfr,edge_weakening,edge_weight,edge_weight,edge,gscc_ratio,auc_raw,7,7,280,40,40,True,23.75298682828876,6,273,1.445702434985702e-22,True,21.325320807993702,1.637600640159628e-20,False,12.671423571039556,6.0,113.4160698399767,6.657972574994727e-11,True,0.3429886264282543,0.3277600172686278,0.3277600172686278
lfr,edge_weakening,edge_weight,edge_weight,edge,reachability,auc_abs_delta,7,7,280,40,40,True,,6,273,,False,,,False,,6.0,,,False,,,
lfr,edge_weakening,edge_weight,edge_weight,edge,reachability,auc_abs_marginal_delta,7,7,280,40,40,True,,6,273,,False,,,False,,6.0,,,False,,,
lfr,edge_weakening,edge_weight,edge_weight,edge,reachability,auc_raw,7,7,280,40,40,True,24.127393276273345,6,273,7.065781541931419e-23,True,19.793120846514345,3.5130559574124605e-19,False,13.208765997744484,6.0,113.41687827309553,2.680552173454217e-11,True,0.34652156487517316,0.33136621218454837,0.33136621218454837
lfr,edge_weakening,edge_weight,edge_weight,edge,spectral_gamma,auc_abs_delta,7,7,232,15,40,False,12.36912118196443,6,225,4.982195768731776e-12,True,2.068415118223189,0.05792693814509796,True,20.60136525458628,6.0,87.18922682160786,6.965939466696114e-15,True,0.2480316654635138,0.22721978949064298,0.22721978949064298
lfr,edge_weakening,edge_weight,edge_weight,edge,spectral_gamma,auc_abs_marginal_delta,7,7,232,15,40,False,60.05952710784596,6,225,4.80675068509337e-44,True,7.217148936242026,4.6604968015143766e-07,False,67.64115897144694,6.0,88.77810903994133,5.517996980525678e-31,True,0.6156192930440704,0.6043367169718719,0.6043367169718719
lfr,edge_weakening,edge_weight,edge_weight,edge,spectral_gamma,auc_raw,7,7,232,15,40,False,272.07064729887577,6,225,3.712896700211792e-100,True,7.1867292954037945,4.997697870261305e-07,False,230.60284055708507,6.0,90.62740410306861,1.2498243697288721e-52,True,0.8788644843198082,0.8751630335666682,0.8751630335666682
lfr,edge_weakening,edge_weight,edge_weight,edge,spectral_kappa,auc_abs_delta,7,7,232,15,40,False,12.264272100994415,6,225,6.235688198868885e-12,True,1.787414109769341,0.10263773940135913,True,20.25573149833538,6.0,87.3541205578059,1.0346485795056977e-14,True,0.24644733225685714,0.22559704221483579,0.22559704221483579
lfr,edge_weakening,edge_weight,edge_weight,edge,spectral_kappa,auc_abs_marginal_delta,7,7,232,15,40,False,99.37259804217089,6,225,1.9075220489293024e-60,True,5.656995646280344,1.7127695962961053e-05,False,122.02819048341162,6.0,92.78409458161215,8.592783641457185e-42,True,0.7260225893538884,0.7178424245867024,0.7178424245867024
lfr,edge_weakening,edge_weight,edge_weight,edge,spectral_kappa,auc_raw,7,7,232,15,40,False,272.2476360624037,6,225,3.4822122150004384e-100,True,7.192332463637531,4.933796541865243e-07,False,248.9450020836119,6.0,91.3057904478897,2.5566206544223215e-54,True,0.8789337007484216,0.8752343266310321,0.8752343266310321
lfr,edge_weakening,edge_weight,edge_weight,edge,weighted_directed_community_assortativity,auc_abs_delta,7,7,280,40,40,True,49.87981560240513,6,273,3.500800962566676e-41,True,5.412397412279273,2.6421610183283288e-05,False,97.14460287489473,6.0,119.84828947092643,1.2176499317901334e-43,True,0.5229598661663521,0.5115815301787142,0.5115815301787142
lfr,edge_weakening,edge_weight,edge_weight,edge,weighted_directed_community_assortativity,auc_abs_marginal_delta,7,7,280,40,40,True,65.38404097910843,6,273,5.227025870806196e-50,True,7.121651615629518,4.5861940271703574e-07,False,262.99107403388075,6.0,112.72695171179481,7.579571568197856e-64,True,0.5896614192787886,0.5797715507088702,0.5797715507088702
lfr,edge_weakening,edge_weight,edge_weight,edge,weighted_directed_community_assortativity,auc_raw,7,7,280,40,40,True,2741.5027894821296,6,273,1.051550115400591e-240,True,12.33736550176844,2.7360712100919476e-12,False,2351.536409826696,6.0,119.15253176595675,3.3151707957346014e-121,True,0.9836742179908421,0.983256609473918,0.983256609473918
lfr,edge_weakening,edge_weight,edge_weight,edge,weighted_directed_community_assortativity_louvain_dynamic,auc_abs_delta,7,7,280,40,40,True,47.450748817177626,6,273,1.129263836974123e-39,True,5.527224954946845,2.0118249050946993e-05,False,96.88355819429742,6.0,119.80453415390025,1.4185828871005997e-43,True,0.5104934540173233,0.49884061510745814,0.49884061510745814
lfr,edge_weakening,edge_weight,edge_weight,edge,weighted_directed_community_assortativity_louvain_dynamic,auc_abs_marginal_delta,7,7,280,40,40,True,6.521158935290298,6,273,1.9010141117827992e-06,True,1.9144682085620273,0.07859545993828693,True,253.11026874386968,6.0,112.43027493630764,7.267325320374548e-63,True,0.12535589496193347,0.1057940021759263,0.1057940021759263
lfr,edge_weakening,edge_weight,edge_weight,edge,weighted_directed_community_assortativity_louvain_dynamic,auc_raw,7,7,280,40,40,True,2608.582352865095,6,273,8.280447145309503e-238,True,11.809454331416301,8.947887445843442e-12,False,2230.7027331922136,6.0,119.12091307147753,7.920043382265242e-120,True,0.9828565982698756,0.9824181279438132,0.9824181279438132
lfr,edge_weakening,edge_weight,edge_weight,edge,weighted_efficiency,auc_abs_delta,7,7,280,40,40,True,91.20256501939554,6,273,2.602409925937369e-62,True,1.3409912344645876,0.23902260689970817,True,69.50131116681898,6.0,120.93339801627592,7.453318614658826e-37,True,0.6671605979482214,0.6590419476182471,0.6590419476182471
lfr,edge_weakening,edge_weight,edge_weight,edge,weighted_efficiency,auc_abs_marginal_delta,7,7,280,40,40,True,128.24950698186956,6,273,1.932923416176976e-76,True,3.776317945881174,0.001249532592572028,False,95.63781215849819,6.0,120.77819970302049,1.7324128768842408e-43,True,0.7381287533394391,0.7316714961716301,0.7316714961716301
lfr,edge_weakening,edge_weight,edge_weight,edge,weighted_efficiency,auc_raw,7,7,280,40,40,True,86.88731023956596,6,273,2.0080663316117015e-60,True,7.997630337280276,5.817768353144357e-08,False,72.42826965437385,6.0,120.44059773496424,1.2983362306174521e-37,True,0.6563114703541908,0.6479421609532076,0.6479421609532076
lfr,edge_weakening,edge_weight,edge_weight,edge,yuan_out_in_strength_assortativity,auc_abs_delta,7,7,280,40,40,True,14.331412588943813,6,273,3.351193824120881e-14,True,3.395991806207138,0.0030129271286533006,False,7.764007262860964,6.0,120.97349794042961,4.4773416486790555e-07,True,0.23952990525903287,0.222197322886752,0.222197322886752
lfr,edge_weakening,edge_weight,edge_weight,edge,yuan_out_in_strength_assortativity,auc_abs_marginal_delta,7,7,280,40,40,True,4.480390306621902,6,273,0.0002399232194302168,True,1.3534009459103185,0.23371773559733758,True,4.401189217297732,6.0,120.92634913018001,0.0004654997938318785,True,0.08964296355301359,0.06940368022944542,0.06940368022944542
lfr,edge_weakening,edge_weight,edge_weight,edge,yuan_out_in_strength_assortativity,auc_raw,7,7,280,40,40,True,13.644465206484757,6,273,1.507095585519074e-13,True,1.194454102496814,0.30936465849339995,True,14.375475894435947,6.0,121.11375691145922,2.509648947496549e-12,True,0.23069724544552567,0.21318873552316372,0.21318873552316372
lfr,edge_weakening,random_edge,random_edge,edge,community_assortativity,auc_abs_delta,7,7,280,40,40,True,,6,273,,False,,,False,,6.0,,,False,,,
lfr,edge_weakening,random_edge,random_edge,edge,community_assortativity,auc_abs_marginal_delta,7,7,280,40,40,True,,6,273,,False,,,False,,6.0,,,False,,,
lfr,edge_weakening,random_edge,random_edge,edge,community_assortativity,auc_raw,7,7,280,40,40,True,2364.2597990178906,6,273,4.379504972641222e-232,True,8.494620062860761,1.814755564830241e-08,False,1809.714762344772,6.0,120.36304356852378,2.0449859938475632e-115,True,0.9811184500552532,0.9806356470493344,0.9806356470493344
lfr,edge_weakening,random_edge,random_edge,edge,community_assortativity_louvain_dynamic,auc_abs_delta,7,7,280,40,40,True,2.263866290551243,6,273,0.037766482228701506,True,2.265162186145015,0.03766183384045555,False,,6.0,,,False,0.04739704857182146,0.026368709308518472,0.026368709308518472
lfr,edge_weakening,random_edge,random_edge,edge,community_assortativity_louvain_dynamic,auc_abs_marginal_delta,7,7,280,40,40,True,3.2856607631686683,6,273,0.003881253134069658,True,3.3005629071615012,0.0037509726728909096,False,,6.0,,,False,0.06734890358703964,0.04669156469515708,0.04669156469515708
lfr,edge_weakening,random_edge,random_edge,edge,community_assortativity_louvain_dynamic,auc_raw,7,7,280,40,40,True,1940.8169085179152,6,273,1.2407166795697506e-220,True,7.74677223946569,1.0494194101110186e-07,False,1522.3790168013643,6.0,120.27118052219392,6.919415313904576e-111,True,0.9770932826454417,0.9765079020790141,0.9765079020790141
lfr,edge_weakening,random_edge,random_edge,edge,gscc_ratio,auc_abs_delta,7,7,280,40,40,True,,6,273,,False,,,False,,6.0,,,False,,,
lfr,edge_weakening,random_edge,random_edge,edge,gscc_ratio,auc_abs_marginal_delta,7,7,280,40,40,True,,6,273,,False,,,False,,6.0,,,False,,,
lfr,edge_weakening,random_edge,random_edge,edge,gscc_ratio,auc_raw,7,7,280,40,40,True,23.75298682828876,6,273,1.445702434985702e-22,True,21.325320807993702,1.637600640159628e-20,False,12.671423571039556,6.0,113.4160698399767,6.657972574994727e-11,True,0.3429886264282543,0.3277600172686278,0.3277600172686278
lfr,edge_weakening,random_edge,random_edge,edge,reachability,auc_abs_delta,7,7,280,40,40,True,,6,273,,False,,,False,,6.0,,,False,,,
lfr,edge_weakening,random_edge,random_edge,edge,reachability,auc_abs_marginal_delta,7,7,280,40,40,True,,6,273,,False,,,False,,6.0,,,False,,,
lfr,edge_weakening,random_edge,random_edge,edge,reachability,auc_raw,7,7,280,40,40,True,24.127393276273345,6,273,7.065781541931419e-23,True,19.793120846514345,3.5130559574124605e-19,False,13.208765997744484,6.0,113.41687827309553,2.680552173454217e-11,True,0.34652156487517316,0.33136621218454837,0.33136621218454837
lfr,edge_weakening,random_edge,random_edge,edge,spectral_gamma,auc_abs_delta,7,7,232,15,40,False,140.68409587358835,6,225,2.9196140199659036e-73,True,4.112906637708307,0.0006129737046477535,False,135.91993922075974,6.0,88.98120590824556,1.347191177355407e-42,True,0.7895435065843127,0.7831987589178973,0.7831987589178973
lfr,edge_weakening,random_edge,random_edge,edge,spectral_gamma,auc_abs_marginal_delta,7,7,232,15,40,False,97.89483754757688,6,225,6.416509826599397e-60,True,5.038750233335609,7.192190085445984e-05,False,91.81853917036943,6.0,89.66831338858749,4.143902135836049e-36,True,0.7230322759771195,0.7147666154134934,0.7147666154134934
lfr,edge_weakening,random_edge,random_edge,edge,spectral_gamma,auc_raw,7,7,232,15,40,False,165.9271601200727,6,225,1.0472014546813937e-79,True,4.317606815830694,0.00038224962347893876,False,163.23948371444837,6.0,89.96321897952156,3.9835915463581555e-46,True,0.8156588334720614,0.8100793757996936,0.8100793757996936
lfr,edge_weakening,random_edge,random_edge,edge,spectral_kappa,auc_abs_delta,7,7,232,15,40,False,174.29360711985345,6,225,1.1441353346499658e-81,True,4.925177169875326,9.360580086189375e-05,False,164.20988578029545,6.0,89.41078876072444,4.763039641013182e-46,True,0.8229408313595655,0.8175758788384534,0.8175758788384534
lfr,edge_weakening,random_edge,random_edge,edge,spectral_kappa,auc_abs_marginal_delta,7,7,232,15,40,False,176.08342821791422,6,225,4.455237631429425e-82,True,6.370572798212573,3.2791171988408945e-06,False,167.34814661254978,6.0,91.37317246067664,4.862816526534028e-47,True,0.8244245805356227,0.8191033941409682,0.8191033941409682
lfr,edge_weakening,random_edge,random_edge,edge,spectral_kappa,auc_raw,7,7,232,15,40,False,181.86774580299667,6,225,2.228926828109021e-83,True,4.275973682405109,0.00042082627836571493,False,188.38016936702846,6.0,91.02478276545484,4.517031932858678e-49,True,0.8290541762977456,0.8238696784176835,0.8238696784176835
lfr,edge_weakening,random_edge,random_edge,edge,weighted_directed_community_assortativity,auc_abs_delta,7,7,280,40,40,True,2.9495425163902937,6,273,0.008334090796876359,True,0.6274395066369399,0.7082793790418385,True,3.190153547435099,6.0,121.14348648433969,0.00608520185618783,True,0.06087864535341017,0.04010066908033874,0.04010066908033874
lfr,edge_weakening,random_edge,random_edge,edge,weighted_directed_community_assortativity,auc_abs_marginal_delta,7,7,280,40,40,True,56.626298870722174,6,273,3.4900633717875843e-45,True,3.3522897575642214,0.0033312532332604567,False,79.24913288898877,6.0,120.50698245590809,1.8094692632145955e-39,True,0.5544732306651322,0.5437939801480323,0.5437939801480323
lfr,edge_weakening,random_edge,random_edge,edge,weighted_directed_community_assortativity,auc_raw,7,7,280,40,40,True,2328.265507542767,6,273,3.414516432400958e-231,True,8.978166899979419,5.872425091548624e-09,False,2224.172068978915,6.0,119.4797302866705,4.8459842772371126e-120,True,0.9808321420732498,0.9803420387601396,0.9803420387601396
lfr,edge_weakening,random_edge,random_edge,edge,weighted_directed_community_assortativity_louvain_dynamic,auc_abs_delta,7,7,280,40,40,True,3.1245043768255,6,273,0.005607153496192343,True,1.4333903699990593,0.2018262405627083,True,3.0608533271311646,6.0,120.68930576109551,0.008004115119226794,True,0.06425781438534603,0.04354280357263259,0.04354280357263259
lfr,edge_weakening,random_edge,random_edge,edge,weighted_directed_community_assortativity_louvain_dynamic,auc_abs_marginal_delta,7,7,280,40,40,True,4.168283767316072,6,273,0.0004999122122357998,True,2.6144562331557104,0.017609931658424997,False,48.41835553022501,6.0,118.72426912714582,1.1823473128126973e-29,True,0.08392244408611893,0.06357553764427146,0.06357553764427146
lfr,edge_weakening,random_edge,random_edge,edge,weighted_directed_community_assortativity_louvain_dynamic,auc_raw,7,7,280,40,40,True,2022.6103733195673,6,273,5.038316416686134e-223,True,8.285782424503694,2.9589834842126726e-08,False,1955.5494769861446,6.0,119.37452114238866,1.1853619959437773e-116,True,0.9779992399888373,0.9774369362689549,0.9774369362689549
lfr,edge_weakening,random_edge,random_edge,edge,weighted_efficiency,auc_abs_delta,7,7,280,40,40,True,86.65867979654871,6,273,2.537847861551374e-60,True,6.705412574971374,1.2283267037062264e-06,False,59.61699943793958,6.0,120.41565502318682,9.479914321706924e-34,True,0.6557168997901247,0.64733387885261,0.64733387885261
lfr,edge_weakening,random_edge,random_edge,edge,weighted_efficiency,auc_abs_marginal_delta,7,7,280,40,40,True,90.30800791825614,6,273,6.335024028517579e-62,True,7.025167832553609,5.761615523259037e-07,False,64.64770849063811,6.0,120.51604884013013,2.391457107018784e-35,True,0.6649682099203844,0.6567988354513691,0.6567988354513691
lfr,edge_weakening,random_edge,random_edge,edge,weighted_efficiency,auc_raw,7,7,280,40,40,True,87.80800000682726,6,273,7.852971411148787e-61,True,6.814148725245484,9.494075333579322e-07,False,65.40563014121882,6.0,120.49103060569088,1.417551892468825e-35,True,0.6586851501960138,0.6503706071742975,0.6503706071742975
lfr,edge_weakening,random_edge,random_edge,edge,yuan_out_in_strength_assortativity,auc_abs_delta,7,7,280,40,40,True,3.4601004079476705,6,273,0.002599431278385618,True,1.9306524103113054,0.0760287918592576,True,2.3349506369899937,6.0,120.77258874253484,0.036133473116896866,True,0.07067184052151157,0.05007657850172068,0.05007657850172068
lfr,edge_weakening,random_edge,random_edge,edge,yuan_out_in_strength_assortativity,auc_abs_marginal_delta,7,7,280,40,40,True,1.4195491333658896,6,273,0.20706612103468627,False,0.3545245394977689,0.9069341009167973,True,1.4466965067525162,6.0,121.24567917663153,0.20240789693016073,False,0.030254961089479147,0.008910232564613953,0.008910232564613953
lfr,edge_weakening,random_edge,random_edge,edge,yuan_out_in_strength_assortativity,auc_raw,7,7,280,40,40,True,9.650637012389238,6,273,1.23422713528061e-09,True,0.4928272289031233,0.8135337231003481,True,10.190137410974103,6.0,121.14667051351039,4.12440111588846e-09,True,0.17498686389100604,0.1563821162104927,0.1563821162104927
lfr,edge_weakening,spectral_gamma,spectral_gamma,edge,community_assortativity,auc_abs_delta,7,7,280,40,40,True,,6,273,,False,,,False,,6.0,,,False,,,
lfr,edge_weakening,spectral_gamma,spectral_gamma,edge,community_assortativity,auc_abs_marginal_delta,7,7,280,40,40,True,,6,273,,False,,,False,,6.0,,,False,,,
lfr,edge_weakening,spectral_gamma,spectral_gamma,edge,community_assortativity,auc_raw,7,7,280,40,40,True,2364.259799017941,6,273,4.3795049726287024e-232,True,8.494620062860761,1.814755564830241e-08,False,1809.714762344772,6.0,120.36304356852378,2.0449859938475632e-115,True,0.9811184500552532,0.9806356470493344,0.9806356470493344
lfr,edge_weakening,spectral_gamma,spectral_gamma,edge,community_assortativity_louvain_dynamic,auc_abs_delta,7,7,280,40,40,True,3.5082343329727914,6,273,0.0023262204193551304,True,3.50823433297279,0.0023262204193551304,False,,6.0,,,False,0.07158458942097505,0.05100639313928014,0.05100639313928014
lfr,edge_weakening,spectral_gamma,spectral_gamma,edge,community_assortativity_louvain_dynamic,auc_abs_marginal_delta,7,7,280,40,40,True,4.259609297260663,6,273,0.0004034231776646043,True,4.259609297260664,0.0004034231776646043,False,,6.0,,,False,0.08560375287141095,0.06528845250977247,0.06528845250977247
lfr,edge_weakening,spectral_gamma,spectral_gamma,edge,community_assortativity_louvain_dynamic,auc_raw,7,7,280,40,40,True,2088.3730694710325,6,273,7.033690431236286e-225,True,8.33848650016644,2.6152922069770247e-08,False,1603.2169548272782,6.0,120.28452341954369,3.1387339877186304e-112,True,0.9786772696788012,0.9781322409904486,0.9781322409904486
lfr,edge_weakening,spectral_gamma,spectral_gamma,edge,gscc_ratio,auc_abs_delta,7,7,280,40,40,True,,6,273,,False,,,False,,6.0,,,False,,,
lfr,edge_weakening,spectral_gamma,spectral_gamma,edge,gscc_ratio,auc_abs_marginal_delta,7,7,280,40,40,True,,6,273,,False,,,False,,6.0,,,False,,,
lfr,edge_weakening,spectral_gamma,spectral_gamma,edge,gscc_ratio,auc_raw,7,7,280,40,40,True,23.75298682828876,6,273,1.445702434985702e-22,True,21.325320807993702,1.637600640159628e-20,False,12.671423571039556,6.0,113.4160698399767,6.657972574994727e-11,True,0.3429886264282543,0.3277600172686278,0.3277600172686278
lfr,edge_weakening,spectral_gamma,spectral_gamma,edge,reachability,auc_abs_delta,7,7,280,40,40,True,,6,273,,False,,,False,,6.0,,,False,,,
lfr,edge_weakening,spectral_gamma,spectral_gamma,edge,reachability,auc_abs_marginal_delta,7,7,280,40,40,True,,6,273,,False,,,False,,6.0,,,False,,,
lfr,edge_weakening,spectral_gamma,spectral_gamma,edge,reachability,auc_raw,7,7,280,40,40,True,24.127393276273345,6,273,7.065781541931419e-23,True,19.793120846514345,3.5130559574124605e-19,False,13.208765997744484,6.0,113.41687827309553,2.680552173454217e-11,True,0.34652156487517316,0.33136621218454837,0.33136621218454837
lfr,edge_weakening,spectral_gamma,spectral_gamma,edge,spectral_gamma,auc_abs_delta,7,7,232,15,40,False,79.56176939250321,6,225,7.290839174192888e-53,True,1.125792149233147,0.34808983864877674,True,81.44051398689726,6.0,87.81156178352414,9.83273037398254e-34,True,0.6796563028680692,0.6701596646128587,0.6701596646128587
lfr,edge_weakening,spectral_gamma,spectral_gamma,edge,spectral_gamma,auc_abs_marginal_delta,7,7,232,15,40,False,118.96825657920745,6,225,6.063989493645443e-67,True,2.5630995022107834,0.02020284488950815,False,154.37757865297073,6.0,90.2613577565492,3.141543942026436e-45,True,0.7603347744785744,0.7531414714841684,0.7531414714841684
lfr,edge_weakening,spectral_gamma,spectral_gamma,edge,spectral_gamma,auc_raw,7,7,232,15,40,False,20.822862214773057,6,225,2.257364552104816e-19,True,0.8033158650789622,0.5682480030736411,True,22.020427945670573,6.0,83.76235327418324,2.1849047911539185e-15,True,0.35702744042453166,0.338913008770419,0.338913008770419
lfr,edge_weakening,spectral_gamma,spectral_gamma,edge,spectral_kappa,auc_abs_delta,7,7,232,15,40,False,82.98890459669327,6,225,2.913057090769469e-54,True,0.7698318835210369,0.5943592071352987,True,87.57859105018562,6.0,87.52298384412664,7.703596799416186e-35,True,0.6887680228688112,0.6795285434249252,0.6795285434249252
lfr,edge_weakening,spectral_gamma,spectral_gamma,edge,spectral_kappa,auc_abs_marginal_delta,7,7,232,15,40,False,139.1979789437981,6,225,7.457620645575636e-73,True,3.303787464897384,0.003894133242307062,False,180.893162763136,6.0,92.7011943752546,6.519423053703699e-49,True,0.7877734639402552,0.7813770720925878,0.7813770720925878
lfr,edge_weakening,spectral_gamma,spectral_gamma,edge,spectral_kappa,auc_raw,7,7,232,15,40,False,36.221372368190046,6,225,1.5055495066709985e-30,True,0.9683738337580489,0.44744277464311055,True,34.6735854531959,6.0,83.77781160981064,9.65461139277434e-21,True,0.49132797185717025,0.47668571027543916,0.47668571027543916
lfr,edge_weakening,spectral_gamma,spectral_gamma,edge,weighted_directed_community_assortativity,auc_abs_delta,7,7,280,40,40,True,25.430777585193443,6,273,6.007426731605373e-24,True,2.6106873730836453,0.017757057018163446,False,26.086798408422503,6.0,120.83368177831427,9.892406989085958e-20,True,0.35852951921539383,0.3436238509312416,0.3436238509312416
lfr,edge_weakening,spectral_gamma,spectral_gamma,edge,weighted_directed_community_assortativity,auc_abs_marginal_delta,7,7,280,40,40,True,20.69483595509538,6,273,5.737829595341652e-20,True,1.5734114446868315,0.154904183893694,True,21.85241873801897,6.0,120.75409302874158,2.8266474845369736e-17,True,0.3126352026785616,0.29678104287886964,0.29678104287886964
lfr,edge_weakening,spectral_gamma,spectral_gamma,edge,weighted_directed_community_assortativity,auc_raw,7,7,280,40,40,True,1234.6690902541493,6,273,1.330717600363503e-194,True,2.3862023983399894,0.029017206789223343,False,1083.7272693736945,6.0,120.78560981005853,1.7395241837794321e-102,True,0.9644578201845455,0.9635512275476091,0.9635512275476091
lfr,edge_weakening,spectral_gamma,spectral_gamma,edge,weighted_directed_community_assortativity_louvain_dynamic,auc_abs_delta,7,7,280,40,40,True,25.16518816934461,6,273,9.89311695428742e-24,True,2.5687474976003313,0.01947652411226056,False,26.234097803966183,6.0,120.85275935990974,8.181887198369148e-20,True,0.3561186041001949,0.3411627187413269,0.3411627187413269
lfr,edge_weakening,spectral_gamma,spectral_gamma,edge,weighted_directed_community_assortativity_louvain_dynamic,auc_abs_marginal_delta,7,7,280,40,40,True,5.697990380081922,6,273,1.341260420781777e-05,True,3.0623434367344484,0.006457471239936128,False,12.206187793561014,6.0,119.70093857065461,1.1176153449067698e-10,True,0.11129324291405533,0.09146348189974551,0.09146348189974551
lfr,edge_weakening,spectral_gamma,spectral_gamma,edge,weighted_directed_community_assortativity_louvain_dynamic,auc_raw,7,7,280,40,40,True,1176.0374351768921,6,273,7.975825799530237e-192,True,2.7816142250898706,0.012148922587871362,False,1014.6606384522368,6.0,120.73323211693157,9.275042968202467e-101,True,0.9627518578721157,0.9618019890444449,0.9618019890444449
lfr,edge_weakening,spectral_gamma,spectral_gamma,edge,weighted_efficiency,auc_abs_delta,7,7,280,40,40,True,15.124774273740242,6,273,6.006300583451423e-15,True,4.471361490564282,0.00024508414827880434,False,12.907090457127094,6.0,119.94946273333396,3.24542893581726e-11,True,0.24948174166302123,0.23234807491381193,0.23234807491381193
lfr,edge_weakening,spectral_gamma,spectral_gamma,edge,weighted_efficiency,auc_abs_marginal_delta,7,7,280,40,40,True,73.83508053601074,6,273,2.542787995312951e-54,True,4.4248334470605855,0.0002734825477931545,False,63.61381136271034,6.0,120.56858122924974,4.890386367765862e-35,True,0.6187206662480959,0.6094896705776273,0.6094896705776273
lfr,edge_weakening,spectral_gamma,spectral_gamma,edge,weighted_efficiency,auc_raw,7,7,280,40,40,True,79.67226486924616,6,273,3.9685017951694224e-57,True,6.58928690345421,1.6174744820279577e-06,False,63.21654195940084,6.0,120.41733572572717,6.817197613561888e-35,True,0.6365009449375313,0.6276762048725819,0.6276762048725819
lfr,edge_weakening,spectral_gamma,spectral_gamma,edge,yuan_out_in_strength_assortativity,auc_abs_delta,7,7,280,40,40,True,2.237518391411105,6,273,0.03995511242347646,True,1.9955808470040766,0.06649452975746281,True,2.4478827401664165,6.0,120.94614987175169,0.02867387212559766,True,0.04687127581842792,0.02583319995759808,0.02583319995759808
lfr,edge_weakening,spectral_gamma,spectral_gamma,edge,yuan_out_in_strength_assortativity,auc_abs_marginal_delta,7,7,280,40,40,True,16.82227893662215,6,273,1.6144569087354596e-16,True,8.667977316402421,1.2102673699525959e-08,False,13.500089972827901,6.0,119.59437667416908,1.1918994128185916e-11,True,0.26992400187626875,0.25320124677842876,0.25320124677842876
lfr,edge_weakening,spectral_gamma,spectral_gamma,edge,yuan_out_in_strength_assortativity,auc_raw,7,7,280,40,40,True,12.054721626922671,6,273,5.1547445529697845e-12,True,1.7530999672133172,0.10892806091432394,True,10.573834956603012,6.0,120.70424385052986,2.050395509235578e-09,True,0.2094480050666038,0.19151863726310325,0.19151863726310325
lfr,edge_weakening,spectral_kappa,spectral_kappa,edge,community_assortativity,auc_abs_delta,7,7,280,40,40,True,,6,273,,False,,,False,,6.0,,,False,,,
lfr,edge_weakening,spectral_kappa,spectral_kappa,edge,community_assortativity,auc_abs_marginal_delta,7,7,280,40,40,True,,6,273,,False,,,False,,6.0,,,False,,,
lfr,edge_weakening,spectral_kappa,spectral_kappa,edge,community_assortativity,auc_raw,7,7,280,40,40,True,2364.259799017941,6,273,4.3795049726287024e-232,True,8.494620062860761,1.814755564830241e-08,False,1809.714762344772,6.0,120.36304356852378,2.0449859938475632e-115,True,0.9811184500552532,0.9806356470493344,0.9806356470493344
lfr,edge_weakening,spectral_kappa,spectral_kappa,edge,community_assortativity_louvain_dynamic,auc_abs_delta,7,7,280,40,40,True,4.6311392501508,6,273,0.00016811267249119936,True,4.631139250150798,0.00016811267249119936,False,,6.0,,,False,0.09238049083707722,0.0721927961660192,0.0721927961660192
lfr,edge_weakening,spectral_kappa,spectral_kappa,edge,community_assortativity_louvain_dynamic,auc_abs_marginal_delta,7,7,280,40,40,True,4.326606008736951,6,273,0.00034462840255742,True,4.326606008736952,0.00034462840255742,False,,6.0,,,False,0.086833247441704,0.06654107304268601,0.06654107304268601
lfr,edge_weakening,spectral_kappa,spectral_kappa,edge,community_assortativity_louvain_dynamic,auc_raw,7,7,280,40,40,True,2224.102825938174,6,273,1.5583355368269048e-228,True,8.82189060803195,8.451323625672908e-09,False,1697.4800021612512,6.0,120.30857311103259,1.0117538351387052e-113,True,0.9799524394841237,0.9794399092865108,0.9794399092865108
lfr,edge_weakening,spectral_kappa,spectral_kappa,edge,gscc_ratio,auc_abs_delta,7,7,280,40,40,True,,6,273,,False,,,False,,6.0,,,False,,,
lfr,edge_weakening,spectral_kappa,spectral_kappa,edge,gscc_ratio,auc_abs_marginal_delta,7,7,280,40,40,True,,6,273,,False,,,False,,6.0,,,False,,,
lfr,edge_weakening,spectral_kappa,spectral_kappa,edge,gscc_ratio,auc_raw,7,7,280,40,40,True,23.75298682828876,6,273,1.445702434985702e-22,True,21.325320807993702,1.637600640159628e-20,False,12.671423571039556,6.0,113.4160698399767,6.657972574994727e-11,True,0.3429886264282543,0.3277600172686278,0.3277600172686278
lfr,edge_weakening,spectral_kappa,spectral_kappa,edge,reachability,auc_abs_delta,7,7,280,40,40,True,,6,273,,False,,,False,,6.0,,,False,,,
lfr,edge_weakening,spectral_kappa,spectral_kappa,edge,reachability,auc_abs_marginal_delta,7,7,280,40,40,True,,6,273,,False,,,False,,6.0,,,False,,,
lfr,edge_weakening,spectral_kappa,spectral_kappa,edge,reachability,auc_raw,7,7,280,40,40,True,24.127393276273345,6,273,7.065781541931419e-23,True,19.793120846514345,3.5130559574124605e-19,False,13.208765997744484,6.0,113.41687827309553,2.680552173454217e-11,True,0.34652156487517316,0.33136621218454837,0.33136621218454837
lfr,edge_weakening,spectral_kappa,spectral_kappa,edge,spectral_gamma,auc_abs_delta,7,7,232,15,40,False,148.21365275257483,6,225,2.8338889239327964e-75,True,3.074985613902807,0.0065168096162961,False,141.91887763765942,6.0,88.1496070124941,4.313671917061667e-43,True,0.7980762348691671,0.7919808466680306,0.7919808466680306
lfr,edge_weakening,spectral_kappa,spectral_kappa,edge,spectral_gamma,auc_abs_marginal_delta,7,7,232,15,40,False,138.55900134356668,6,225,1.1188239993615929e-72,True,2.7093809416836594,0.014672318307385955,False,152.27292339519505,6.0,87.14536251997299,5.473467789957188e-44,True,0.7870032221367576,0.7805843660389967,0.7805843660389967
lfr,edge_weakening,spectral_kappa,spectral_kappa,edge,spectral_gamma,auc_raw,7,7,232,15,40,False,197.45573614488984,6,225,1.0133952376361531e-86,True,7.144825073055071,5.502702273490176e-07,False,188.47971039251766,6.0,91.34616761921964,3.399476132985232e-49,True,0.8403954693113986,0.83554665057733,0.83554665057733
lfr,edge_weakening,spectral_kappa,spectral_kappa,edge,spectral_kappa,auc_abs_delta,7,7,232,15,40,False,175.5808955413233,6,225,5.801377576605637e-82,True,3.5045062845760606,0.0024702266035743475,False,185.58359789875323,6.0,90.24286635207626,1.5952902687485496e-48,True,0.8240105012477409,0.8186770987376949,0.8186770987376949
lfr,edge_weakening,spectral_kappa,spectral_kappa,edge,spectral_kappa,auc_abs_marginal_delta,7,7,232,15,40,False,171.00538837317032,6,225,6.607814272457445e-81,True,2.9991939989426695,0.0077204310821752855,False,187.66492031052178,6.0,87.98370588604998,6.43765968015584e-48,True,0.8201485328864272,0.8147012705688603,0.8147012705688603
lfr,edge_weakening,spectral_kappa,spectral_kappa,edge,spectral_kappa,auc_raw,7,7,232,15,40,False,200.05337791418455,6,225,2.9536338640012583e-87,True,6.856527832229204,1.0681625222517676e-06,False,192.25272550819315,6.0,91.25709976511037,1.5866167022365876e-49,True,0.842140741886033,0.8373436841018441,0.8373436841018441
lfr,edge_weakening,spectral_kappa,spectral_kappa,edge,weighted_directed_community_assortativity,auc_abs_delta,7,7,280,40,40,True,32.709196193987104,6,273,1.3158170084745562e-29,True,0.7175053539984017,0.6357968467785051,True,37.41424225993156,6.0,121.23270993553443,2.1441225454513054e-25,True,0.41822698334421526,0.40457859137530156,0.40457859137530156
lfr,edge_weakening,spectral_kappa,spectral_kappa,edge,weighted_directed_community_assortativity,auc_abs_marginal_delta,7,7,280,40,40,True,38.787384635056284,6,273,5.806995163475476e-34,True,1.4751138125500505,0.18670907599014916,True,56.95643933343557,6.0,120.68701229573831,6.615403037559463e-33,True,0.46018018951467243,0.4474312842619711,0.4474312842619711
lfr,edge_weakening,spectral_kappa,spectral_kappa,edge,weighted_directed_community_assortativity,auc_raw,7,7,280,40,40,True,2224.7494961779225,6,273,1.4989170991861503e-228,True,1.734931300385198,0.11294108043114541,True,1821.8331991074183,6.0,120.98186636638368,4.6603693442161254e-116,True,0.9799581499405237,0.9794457653048955,0.9794457653048955
lfr,edge_weakening,spectral_kappa,spectral_kappa,edge,weighted_directed_community_assortativity_louvain_dynamic,auc_abs_delta,7,7,280,40,40,True,32.190267601998855,6,273,3.2053719289403006e-29,True,0.6993305596559851,0.6503797091287302,True,36.50107786763707,6.0,121.23599383334957,5.548042762777051e-25,True,0.4143410570665952,0.40061001495857473,0.40061001495857473
lfr,edge_weakening,spectral_kappa,spectral_kappa,edge,weighted_directed_community_assortativity_louvain_dynamic,auc_abs_marginal_delta,7,7,280,40,40,True,13.772336002887753,6,273,1.1380038920742753e-13,True,2.963277842838479,0.008079819368723883,False,36.136390695640024,6.0,119.33372515876424,1.1546569520073496e-24,True,0.23235689584120262,0.2148813982275975,0.2148813982275975
lfr,edge_weakening,spectral_kappa,spectral_kappa,edge,weighted_directed_community_assortativity_louvain_dynamic,auc_raw,7,7,280,40,40,True,2134.540091103506,6,273,3.790450871384235e-226,True,1.9856247193740184,0.06788034300863362,True,1718.7117264093222,6.0,120.93057738546372,1.658239952355193e-114,True,0.9791288241965456,0.9785953022572982,0.9785953022572982
lfr,edge_weakening,spectral_kappa,spectral_kappa,edge,weighted_efficiency,auc_abs_delta,7,7,280,40,40,True,30.753316977702923,6,273,3.8866125720788527e-28,True,14.4266737931258,2.7235149984961968e-14,False,18.335347232690545,6.0,118.50094415243706,5.610839851044336e-15,True,0.40330464557621054,0.38933948371624727,0.38933948371624727
lfr,edge_weakening,spectral_kappa,spectral_kappa,edge,weighted_efficiency,auc_abs_marginal_delta,7,7,280,40,40,True,72.78680714826166,6,273,8.387900845863374e-54,True,11.25468556907749,3.1349118107134044e-11,False,53.368586326796176,6.0,119.8067887054475,1.4448269100816848e-31,True,0.6153417181768218,0.6060337855555117,0.6060337855555117
lfr,edge_weakening,spectral_kappa,spectral_kappa,edge,weighted_efficiency,auc_raw,7,7,280,40,40,True,113.63995499592718,6,273,2.9137073460722504e-71,True,2.460852688679044,0.024670163479612144,False,92.15863912078191,6.0,120.96837699732134,9.939853268697574e-43,True,0.7140881433505214,0.7070638610019292,0.7070638610019292
lfr,edge_weakening,spectral_kappa,spectral_kappa,edge,yuan_out_in_strength_assortativity,auc_abs_delta,7,7,280,40,40,True,1.8863310491009881,6,273,0.08324955888791108,False,0.7658810937385816,0.5973257090364781,True,1.6414676671302644,6.0,120.659365632267,0.14147529616472593,False,0.03980749315971314,0.018638804947665788,0.018638804947665788
lfr,edge_weakening,spectral_kappa,spectral_kappa,edge,yuan_out_in_strength_assortativity,auc_abs_marginal_delta,7,7,280,40,40,True,4.146574377326817,6,273,0.0005260310346749322,True,1.161599347101277,0.32715289166261874,True,5.553272553751255,6.0,120.70110313071072,4.109751670494674e-05,True,0.0835218628744006,0.06316742920919088,0.06316742920919088
lfr,edge_weakening,spectral_kappa,spectral_kappa,edge,yuan_out_in_strength_assortativity,auc_raw,7,7,280,40,40,True,6.238323599611644,6,273,3.7186153240014797e-06,True,0.7565800307797372,0.6046737907991349,True,7.048661435575589,6.0,121.08862922706294,1.879950506196687e-06,True,0.12057452127533705,0.10092138680189458,0.10092138680189458
lfr,edge_weakening,weighted_edge_betweenness,weighted_edge_betweenness,edge,community_assortativity,auc_abs_delta,7,7,280,40,40,True,,6,273,,False,,,False,,6.0,,,False,,,
lfr,edge_weakening,weighted_edge_betweenness,weighted_edge_betweenness,edge,community_assortativity,auc_abs_marginal_delta,7,7,280,40,40,True,,6,273,,False,,,False,,6.0,,,False,,,
lfr,edge_weakening,weighted_edge_betweenness,weighted_edge_betweenness,edge,community_assortativity,auc_raw,7,7,280,40,40,True,2364.259799017941,6,273,4.3795049726287024e-232,True,8.494620062860761,1.814755564830241e-08,False,1809.714762344772,6.0,120.36304356852378,2.0449859938475632e-115,True,0.9811184500552532,0.9806356470493344,0.9806356470493344
lfr,edge_weakening,weighted_edge_betweenness,weighted_edge_betweenness,edge,community_assortativity_louvain_dynamic,auc_abs_delta,7,7,280,40,40,True,1.6949122073716945,6,273,0.12225607586479915,False,1.6949122073716942,0.12225607586479915,True,,6.0,,,False,0.035913028080746257,0.014672488204412797,0.014672488204412797
lfr,edge_weakening,weighted_edge_betweenness,weighted_edge_betweenness,edge,community_assortativity_louvain_dynamic,auc_abs_marginal_delta,7,7,280,40,40,True,2.0810404206579363,6,273,0.05564131337001118,False,2.0810404206579363,0.05564131337001118,True,,6.0,,,False,0.04373675737772277,0.02264067714667111,0.02264067714667111
lfr,edge_weakening,weighted_edge_betweenness,weighted_edge_betweenness,edge,community_assortativity_louvain_dynamic,auc_raw,7,7,280,40,40,True,2259.3300867625535,6,273,1.9049125782495187e-229,True,8.33412613179268,2.642138544609438e-08,False,1722.6678859924316,6.0,120.33222238771026,4.047553111369447e-114,True,0.9802588484672593,0.9797541291122261,0.9797541291122261
lfr,edge_weakening,weighted_edge_betweenness,weighted_edge_betweenness,edge,gscc_ratio,auc_abs_delta,7,7,280,40,40,True,,6,273,,False,,,False,,6.0,,,False,,,
lfr,edge_weakening,weighted_edge_betweenness,weighted_edge_betweenness,edge,gscc_ratio,auc_abs_marginal_delta,7,7,280,40,40,True,,6,273,,False,,,False,,6.0,,,False,,,
lfr,edge_weakening,weighted_edge_betweenness,weighted_edge_betweenness,edge,gscc_ratio,auc_raw,7,7,280,40,40,True,23.75298682828876,6,273,1.445702434985702e-22,True,21.325320807993702,1.637600640159628e-20,False,12.671423571039556,6.0,113.4160698399767,6.657972574994727e-11,True,0.3429886264282543,0.3277600172686278,0.3277600172686278
lfr,edge_weakening,weighted_edge_betweenness,weighted_edge_betweenness,edge,reachability,auc_abs_delta,7,7,280,40,40,True,,6,273,,False,,,False,,6.0,,,False,,,
lfr,edge_weakening,weighted_edge_betweenness,weighted_edge_betweenness,edge,reachability,auc_abs_marginal_delta,7,7,280,40,40,True,,6,273,,False,,,False,,6.0,,,False,,,
lfr,edge_weakening,weighted_edge_betweenness,weighted_edge_betweenness,edge,reachability,auc_raw,7,7,280,40,40,True,24.127393276273345,6,273,7.065781541931419e-23,True,19.793120846514345,3.5130559574124605e-19,False,13.208765997744484,6.0,113.41687827309553,2.680552173454217e-11,True,0.34652156487517316,0.33136621218454837,0.33136621218454837
lfr,edge_weakening,weighted_edge_betweenness,weighted_edge_betweenness,edge,spectral_gamma,auc_abs_delta,7,7,232,15,40,False,61.011485837421034,6,225,1.6314320358461995e-44,True,1.9591775463712817,0.07255127989821729,True,69.58792097991255,6.0,86.94428424337525,4.460858649339652e-31,True,0.6193337286386249,0.6081537231347649,0.6081537231347649
lfr,edge_weakening,weighted_edge_betweenness,weighted_edge_betweenness,edge,spectral_gamma,auc_abs_marginal_delta,7,7,232,15,40,False,92.01507034794842,6,225,9.150621350023916e-58,True,5.015781229396435,7.585927569448865e-05,False,93.26445513406037,6.0,89.18779889958506,2.9531551020893988e-36,True,0.7104584053480845,0.7018341398194802,0.7018341398194802
lfr,edge_weakening,weighted_edge_betweenness,weighted_edge_betweenness,edge,spectral_gamma,auc_raw,7,7,232,15,40,False,251.3629730360657,6,225,8.786448451734638e-97,True,7.256125226270363,4.2616123709334545e-07,False,219.686965357765,6.0,90.72407216672973,8.942477603547204e-52,True,0.8701806617654733,0.8662190261648065,0.8662190261648065
lfr,edge_weakening,weighted_edge_betweenness,weighted_edge_betweenness,edge,spectral_kappa,auc_abs_delta,7,7,232,15,40,False,86.74667577373279,6,225,9.451389743135001e-56,True,2.967729094149447,0.008281768488604893,False,98.62661261559673,6.0,88.75428852428779,4.4203856298001995e-37,True,0.6981810598434706,0.6892080390397838,0.6892080390397838
lfr,edge_weakening,weighted_edge_betweenness,weighted_edge_betweenness,edge,spectral_kappa,auc_abs_marginal_delta,7,7,232,15,40,False,120.5365197973863,6,225,1.986909947005966e-67,True,3.923592978817193,0.0009474995485085816,False,121.01444536737888,6.0,89.86779866897994,7.658113975512792e-41,True,0.762713073863702,0.7555885723233993,0.7555885723233993
lfr,edge_weakening,weighted_edge_betweenness,weighted_edge_betweenness,edge,spectral_kappa,auc_raw,7,7,232,15,40,False,250.512150164961,6,225,1.2233604499660488e-96,True,6.183975187556514,5.049448062435051e-06,False,241.1951703846896,6.0,91.62447230513351,7.395546781088645e-54,True,0.8697971596735706,0.8658240494850173,0.8658240494850173
lfr,edge_weakening,weighted_edge_betweenness,weighted_edge_betweenness,edge,weighted_directed_community_assortativity,auc_abs_delta,7,7,280,40,40,True,257.9846178186166,6,273,2.2164051881668137e-109,True,3.8953557393249447,0.0009468483094156937,False,362.00450152821224,6.0,120.6174413831282,1.271914596776026e-74,True,0.8500747737165582,0.8463149373934944,0.8463149373934944
lfr,edge_weakening,weighted_edge_betweenness,weighted_edge_betweenness,edge,weighted_directed_community_assortativity,auc_abs_marginal_delta,7,7,280,40,40,True,253.99393007046677,6,273,1.3437391186038871e-108,True,3.136141430289698,0.005460633795450821,False,414.3980482929505,6.0,120.0729119263535,9.813599232231528e-78,True,0.8480770545523426,0.8442682582401605,0.8442682582401605
lfr,edge_weakening,weighted_edge_betweenness,weighted_edge_betweenness,edge,weighted_directed_community_assortativity,auc_raw,7,7,280,40,40,True,2123.5317974770414,6,273,7.563124796112543e-226,True,11.432609136753857,2.0949832110557312e-11,False,2006.7868344563126,6.0,118.2385231218219,1.9940569360667486e-116,True,0.9790228985794839,0.9784866772505811,0.9784866772505811
lfr,edge_weakening,weighted_edge_betweenness,weighted_edge_betweenness,edge,weighted_directed_community_assortativity_louvain_dynamic,auc_abs_delta,7,7,280,40,40,True,256.0746895830183,6,273,5.235300914523097e-109,True,4.031985399205846,0.0006880316007220061,False,361.58177059139757,6.0,120.6092805134729,1.3705075532130866e-74,True,0.8491252695545772,0.8453421591038025,0.8453421591038025
lfr,edge_weakening,weighted_edge_betweenness,weighted_edge_betweenness,edge,weighted_directed_community_assortativity_louvain_dynamic,auc_abs_marginal_delta,7,7,280,40,40,True,13.974097417946624,6,273,7.312647234758825e-14,True,2.2042219156335485,0.04289354105015728,False,393.00593333195343,6.0,119.45701311059354,3.8028454386204216e-76,True,0.23496106750045206,0.21753741114952957,0.21753741114952957
lfr,edge_weakening,weighted_edge_betweenness,weighted_edge_betweenness,edge,weighted_directed_community_assortativity_louvain_dynamic,auc_raw,7,7,280,40,40,True,2030.4819396560206,6,273,3.0002217531895534e-223,True,11.260083736767156,3.096768923122957e-11,False,1933.191317662454,6.0,118.2119642807322,1.8613215785285488e-115,True,0.9780826609659529,0.9775224824829263,0.9775224824829263
lfr,edge_weakening,weighted_edge_betweenness,weighted_edge_betweenness,edge,weighted_efficiency,auc_abs_delta,7,7,280,40,40,True,53.24769319427671,6,273,3.260568882222441e-43,True,6.540487954956863,1.8158557856717908e-06,False,42.602746076305785,6.0,120.4765289099948,1.4789608396477226e-27,True,0.5392297427091983,0.5282114069961933,0.5282114069961933
lfr,edge_weakening,weighted_edge_betweenness,weighted_edge_betweenness,edge,weighted_efficiency,auc_abs_marginal_delta,7,7,280,40,40,True,108.43352495948086,6,273,2.6583103498852815e-69,True,6.6038250325317245,1.5626823779883945e-06,False,78.15023107488926,6.0,120.48907764830871,3.541728993181342e-39,True,0.7044178647115583,0.6971667187807162,0.6971667187807162
lfr,edge_weakening,weighted_edge_betweenness,weighted_edge_betweenness,edge,weighted_efficiency,auc_raw,7,7,280,40,40,True,112.43572936383792,6,273,8.167873606823199e-71,True,4.534539997188958,0.00021116242493655768,False,94.10253196202166,6.0,120.71351198121064,3.9702911101674195e-43,True,0.7119081275448369,0.7048326411342769,0.7048326411342769
lfr,edge_weakening,weighted_edge_betweenness,weighted_edge_betweenness,edge,yuan_out_in_strength_assortativity,auc_abs_delta,7,7,280,40,40,True,6.6575552806618346,6,273,1.37582848301138e-06,True,6.5778802045801195,1.6618087032694863e-06,False,12.791639312819477,6.0,118.0335884541383,4.3360243823670366e-11,True,0.12764316204694168,0.10812497673366155,0.10812497673366155
lfr,edge_weakening,weighted_edge_betweenness,weighted_edge_betweenness,edge,yuan_out_in_strength_assortativity,auc_abs_marginal_delta,7,7,280,40,40,True,5.306129519559868,6,273,3.3999398266800084e-05,True,4.569016284111686,0.00019466601908847505,False,11.21384678871197,6.0,117.01759303788127,7.296587992698119e-10,True,0.10443876693100697,0.08447897391831594,0.08447897391831594
lfr,edge_weakening,weighted_edge_betweenness,weighted_edge_betweenness,edge,yuan_out_in_strength_assortativity,auc_raw,7,7,280,40,40,True,15.615068278500708,6,273,2.0951974743992685e-15,True,6.644663595771612,1.4185119933900195e-06,False,9.846843577425087,6.0,120.42215086915354,8.030895741292266e-09,True,0.2555027543672702,0.23848979294691533,0.23848979294691533
lfr,edge_weakening_random_subset,random_fixed_10pct,random_fixed_10pct_vary_alpha,deterioration_severity,community_assortativity,auc_abs_delta,7,7,280,40,40,True,,6,273,,False,,,False,,6.0,,,False,,,
lfr,edge_weakening_random_subset,random_fixed_10pct,random_fixed_10pct_vary_alpha,deterioration_severity,community_assortativity,auc_abs_marginal_delta,7,7,280,40,40,True,,6,273,,False,,,False,,6.0,,,False,,,
lfr,edge_weakening_random_subset,random_fixed_10pct,random_fixed_10pct_vary_alpha,deterioration_severity,community_assortativity,auc_raw,7,7,280,40,40,True,2365.6279908618512,6,273,4.0530862265530166e-232,True,8.541812367069918,1.625155331582776e-08,False,1811.9980453386586,6.0,120.35980124630376,1.9079526504407936e-115,True,0.9811291643693554,0.980646634569954,0.980646634569954
lfr,edge_weakening_random_subset,random_fixed_10pct,random_fixed_10pct_vary_alpha,deterioration_severity,community_assortativity_louvain_dynamic,auc_abs_delta,7,7,280,40,40,True,4.14123216452101,6,273,0.0005326632405196052,True,4.1412321645210115,0.0005326632405196052,False,,6.0,,,False,0.08342323475767353,0.06306694797882338,0.06306694797882338
lfr,edge_weakening_random_subset,random_fixed_10pct,random_fixed_10pct_vary_alpha,deterioration_severity,community_assortativity_louvain_dynamic,auc_abs_marginal_delta,7,7,280,40,40,True,7.262402813884326,6,273,3.2885195559643643e-07,True,7.262402813884324,3.2885195559643643e-07,False,,6.0,,,False,0.13764351937310249,0.11831688853297281,0.11831688853297281
lfr,edge_weakening_random_subset,random_fixed_10pct,random_fixed_10pct_vary_alpha,deterioration_severity,community_assortativity_louvain_dynamic,auc_raw,7,7,280,40,40,True,2094.9629165641763,6,273,4.61796274308318e-225,True,8.685762522830291,1.1610422261019234e-08,False,1610.7881371739243,6.0,120.28155288531039,2.3847417033068717e-112,True,0.9787429160076101,0.978199560058292,0.978199560058292
lfr,edge_weakening_random_subset,random_fixed_10pct,random_fixed_10pct_vary_alpha,deterioration_severity,gscc_ratio,auc_abs_delta,7,7,280,40,40,True,,6,273,,False,,,False,,6.0,,,False,,,
lfr,edge_weakening_random_subset,random_fixed_10pct,random_fixed_10pct_vary_alpha,deterioration_severity,gscc_ratio,auc_abs_marginal_delta,7,7,280,40,40,True,,6,273,,False,,,False,,6.0,,,False,,,
lfr,edge_weakening_random_subset,random_fixed_10pct,random_fixed_10pct_vary_alpha,deterioration_severity,gscc_ratio,auc_raw,7,7,280,40,40,True,23.75459196044213,6,273,1.4412611008367236e-22,True,21.31217526595897,1.680793063129802e-20,False,,6.0,,,False,0.34300385415613494,0.32777556054791157,0.32777556054791157
lfr,edge_weakening_random_subset,random_fixed_10pct,random_fixed_10pct_vary_alpha,deterioration_severity,reachability,auc_abs_delta,7,7,280,40,40,True,,6,273,,False,,,False,,6.0,,,False,,,
lfr,edge_weakening_random_subset,random_fixed_10pct,random_fixed_10pct_vary_alpha,deterioration_severity,reachability,auc_abs_marginal_delta,7,7,280,40,40,True,,6,273,,False,,,False,,6.0,,,False,,,
lfr,edge_weakening_random_subset,random_fixed_10pct,random_fixed_10pct_vary_alpha,deterioration_severity,reachability,auc_raw,7,7,280,40,40,True,24.12900571521271,6,273,7.044083849940065e-23,True,19.782609469905232,3.5885212608410846e-19,False,,6.0,,,False,0.346536697851208,0.3313816591473592,0.3313816591473592
lfr,edge_weakening_random_subset,random_fixed_10pct,random_fixed_10pct_vary_alpha,deterioration_severity,spectral_gamma,auc_abs_delta,7,7,232,15,40,False,109.12753804151356,6,225,8.671769609470463e-64,True,5.055400229626861,6.919599760573084e-05,False,96.85287025445705,6.0,89.32637605229615,6.439655913500549e-37,True,0.7442499512650692,0.7365926894489184,0.7365926894489184
lfr,edge_weakening_random_subset,random_fixed_10pct,random_fixed_10pct_vary_alpha,deterioration_severity,spectral_gamma,auc_abs_marginal_delta,7,7,232,15,40,False,103.1414704331855,6,225,9.161229809077523e-62,True,6.374819767234194,3.247074862441507e-06,False,83.98392208140037,6.0,89.82334476172603,1.139270007257538e-34,True,0.7333645624971256,0.7253946578439091,0.7253946578439091
lfr,edge_weakening_random_subset,random_fixed_10pct,random_fixed_10pct_vary_alpha,deterioration_severity,spectral_gamma,auc_raw,7,7,232,15,40,False,176.94237671995745,6,225,2.8412500748042335e-82,True,4.681038636735173,0.00016486809844493982,False,171.99255146697485,6.0,89.50028719728103,6.680160409460784e-47,True,0.8251278475197482,0.8198274124124042,0.8198274124124042
lfr,edge_weakening_random_subset,random_fixed_10pct,random_fixed_10pct_vary_alpha,deterioration_severity,spectral_kappa,auc_abs_delta,7,7,232,15,40,False,148.57865695337566,6,225,2.2744523129251893e-75,True,5.329072262794697,3.6661884270548515e-05,False,135.6287264938635,6.0,90.42400415683926,5.4612541419686865e-43,True,0.7984723201791158,0.7923885232922665,0.7923885232922665
lfr,edge_weakening_random_subset,random_fixed_10pct,random_fixed_10pct_vary_alpha,deterioration_severity,spectral_kappa,auc_abs_marginal_delta,7,7,232,15,40,False,142.04098996770873,6,225,1.2485407560059594e-73,True,5.974770125641216,8.197510958000042e-06,False,119.67936363681554,6.0,91.22797205305288,5.039506305392451e-41,True,0.7911340468449876,0.7848357304812225,0.7848357304812225
lfr,edge_weakening_random_subset,random_fixed_10pct,random_fixed_10pct_vary_alpha,deterioration_severity,spectral_kappa,auc_raw,7,7,232,15,40,False,189.97013476432838,6,225,3.822330070358373e-85,True,4.798219378341133,0.0001256544499532403,False,193.82023449784006,6.0,90.52248541359799,2.0710785648921562e-49,True,0.8351431934620691,0.8301387718347999,0.8301387718347999
lfr,edge_weakening_random_subset,random_fixed_10pct,random_fixed_10pct_vary_alpha,deterioration_severity,weighted_directed_community_assortativity,auc_abs_delta,7,7,280,40,40,True,7.768795445245055,6,273,9.964073605766503e-08,True,3.4742806570335993,0.002515814235223248,False,10.764271249381853,6.0,120.53725511062011,1.4516948174405375e-09,True,0.1458413951415627,0.12667234787020157,0.12667234787020157
lfr,edge_weakening_random_subset,random_fixed_10pct,random_fixed_10pct_vary_alpha,deterioration_severity,weighted_directed_community_assortativity,auc_abs_marginal_delta,7,7,280,40,40,True,7.766093589612232,6,273,1.0027635991990062e-07,True,3.4805014521362425,0.002479973700118101,False,10.763866147332982,6.0,120.53658515621338,1.4528099084760706e-09,True,0.14579806902015327,0.1266281875980222,0.1266281875980222
lfr,edge_weakening_random_subset,random_fixed_10pct,random_fixed_10pct_vary_alpha,deterioration_severity,weighted_directed_community_assortativity,auc_raw,7,7,280,40,40,True,2336.8030842113285,6,273,2.091987344802438e-231,True,7.534518407139518,1.7302527160482716e-07,False,2329.3706334773865,6.0,119.01634084181667,7.487080891771134e-121,True,0.9809008348679263,0.9804124830338478,0.9804124830338478
lfr,edge_weakening_random_subset,random_fixed_10pct,random_fixed_10pct_vary_alpha,deterioration_severity,weighted_directed_community_assortativity_louvain_dynamic,auc_abs_delta,7,7,280,40,40,True,5.333544174421433,6,273,3.185835418484191e-05,True,3.522280770270915,0.002251970739790864,False,11.020299703911288,6.0,120.07276007278892,9.236248614468834e-10,True,0.10492174529717685,0.08497110311807049,0.08497110311807049
lfr,edge_weakening_random_subset,random_fixed_10pct,random_fixed_10pct_vary_alpha,deterioration_severity,weighted_directed_community_assortativity_louvain_dynamic,auc_abs_marginal_delta,7,7,280,40,40,True,6.668035578127303,6,273,1.3420788583703908e-06,True,6.3112512397560865,3.127682879398848e-06,False,10.987053265350735,6.0,119.55429748024598,9.999567957161759e-10,True,0.1278184141731999,0.10830357936527925,0.10830357936527925
lfr,edge_weakening_random_subset,random_fixed_10pct,random_fixed_10pct_vary_alpha,deterioration_severity,weighted_directed_community_assortativity_louvain_dynamic,auc_raw,7,7,280,40,40,True,2131.192276868791,6,273,4.6748611759582404e-226,True,7.629586923079255,1.3829310082045054e-07,False,2127.6736402235106,6.0,118.92927185052513,1.8316851799972792e-118,True,0.9790967237383447,0.9785623837478072,0.9785623837478072
lfr,edge_weakening_random_subset,random_fixed_10pct,random_fixed_10pct_vary_alpha,deterioration_severity,weighted_efficiency,auc_abs_delta,7,7,280,40,40,True,85.88962107993297,6,273,5.594985566025545e-60,True,9.736796325411369,1.0114781793769587e-09,False,55.722914065925046,6.0,120.0602139556239,2.070623635033223e-32,True,0.653701718400426,0.6452722445577458,0.6452722445577458
lfr,edge_weakening_random_subset,random_fixed_10pct,random_fixed_10pct_vary_alpha,deterioration_severity,weighted_efficiency,auc_abs_marginal_delta,7,7,280,40,40,True,71.51836575325642,6,273,3.605363178762214e-53,True,7.644601446866364,1.3348683038728533e-07,False,51.08837211317695,6.0,120.15546573986408,8.53961330763929e-31,True,0.6111721462941914,0.6017693923619833,0.6017693923619833
lfr,edge_weakening_random_subset,random_fixed_10pct,random_fixed_10pct_vary_alpha,deterioration_severity,weighted_efficiency,auc_raw,7,7,280,40,40,True,88.66971130585748,6,273,3.2803779977228204e-61,True,6.859080279030414,8.535854650513423e-07,False,66.04888974359982,6.0,120.47853333830277,9.10228636327807e-36,True,0.6608772609171318,0.6526133325091475,0.6526133325091475
lfr,edge_weakening_random_subset,random_fixed_10pct,random_fixed_10pct_vary_alpha,deterioration_severity,yuan_out_in_strength_assortativity,auc_abs_delta,7,7,280,40,40,True,13.51666416465848,6,273,1.996547678981984e-13,True,4.327128618329958,0.00034420498831947473,False,11.522270052492571,6.0,119.88522733448117,3.7490577132083634e-10,True,0.22903131439192387,0.2114896878705843,0.2114896878705843
lfr,edge_weakening_random_subset,random_fixed_10pct,random_fixed_10pct_vary_alpha,deterioration_severity,yuan_out_in_strength_assortativity,auc_abs_marginal_delta,7,7,280,40,40,True,12.034906457489683,6,273,5.389265452600507e-12,True,4.147111644162576,0.0005253685854367428,False,10.369381521408776,6.0,119.97905583094551,3.0669041357491172e-09,True,0.2091757369307938,0.1912409984688963,0.1912409984688963
lfr,edge_weakening_random_subset,random_fixed_10pct,random_fixed_10pct_vary_alpha,deterioration_severity,yuan_out_in_strength_assortativity,auc_raw,7,7,280,40,40,True,13.072456110761976,6,273,5.3263021501397e-13,True,0.7543288698171903,0.6064561767801537,True,15.928348841920204,6.0,121.04253822432764,1.9709546373414837e-13,True,0.2231843596594557,0.2055266667244306,0.2055266667244306
lfr,edge_weakening_random_subset,weighted_edge_betweenness_fixed_10pct,random_fixed_10pct_vary_alpha,deterioration_severity,community_assortativity,auc_abs_delta,7,7,280,40,40,True,,6,273,,False,,,False,,6.0,,,False,,,
lfr,edge_weakening_random_subset,weighted_edge_betweenness_fixed_10pct,random_fixed_10pct_vary_alpha,deterioration_severity,community_assortativity,auc_abs_marginal_delta,7,7,280,40,40,True,,6,273,,False,,,False,,6.0,,,False,,,
lfr,edge_weakening_random_subset,weighted_edge_betweenness_fixed_10pct,random_fixed_10pct_vary_alpha,deterioration_severity,community_assortativity,auc_raw,7,7,280,40,40,True,2365.627990861878,6,273,4.053086226546915e-232,True,8.541812367069916,1.625155331582776e-08,False,1811.9980453386577,6.0,120.35980124630376,1.9079526504408481e-115,True,0.9811291643693554,0.980646634569954,0.980646634569954
lfr,edge_weakening_random_subset,weighted_edge_betweenness_fixed_10pct,random_fixed_10pct_vary_alpha,deterioration_severity,community_assortativity_louvain_dynamic,auc_abs_delta,7,7,280,40,40,True,2.090460997960303,6,273,0.054552414249458524,False,2.090460997960304,0.054552414249458524,True,,6.0,,,False,0.043926050601819124,0.022833471175612446,0.022833471175612446
lfr,edge_weakening_random_subset,weighted_edge_betweenness_fixed_10pct,random_fixed_10pct_vary_alpha,deterioration_severity,community_assortativity_louvain_dynamic,auc_abs_marginal_delta,7,7,280,40,40,True,1.998209599349482,6,273,0.06613305913949767,False,1.9982095993494817,0.06613305913949767,True,,6.0,,,False,0.04206915621040269,0.02094224673485999,0.02094224673485999
lfr,edge_weakening_random_subset,weighted_edge_betweenness_fixed_10pct,random_fixed_10pct_vary_alpha,deterioration_severity,community_assortativity_louvain_dynamic,auc_raw,7,7,280,40,40,True,2358.500766607645,6,273,6.070572886390977e-232,True,8.697139735983258,1.1306123438150905e-08,False,1805.2058720120756,6.0,120.35724107272878,2.396339706749783e-115,True,0.9810732173500065,0.9805892609554607,0.9805892609554607
lfr,edge_weakening_random_subset,weighted_edge_betweenness_fixed_10pct,random_fixed_10pct_vary_alpha,deterioration_severity,gscc_ratio,auc_abs_delta,7,7,280,40,40,True,,6,273,,False,,,False,,6.0,,,False,,,
lfr,edge_weakening_random_subset,weighted_edge_betweenness_fixed_10pct,random_fixed_10pct_vary_alpha,deterioration_severity,gscc_ratio,auc_abs_marginal_delta,7,7,280,40,40,True,,6,273,,False,,,False,,6.0,,,False,,,
lfr,edge_weakening_random_subset,weighted_edge_betweenness_fixed_10pct,random_fixed_10pct_vary_alpha,deterioration_severity,gscc_ratio,auc_raw,7,7,280,40,40,True,23.75459196044213,6,273,1.4412611008367236e-22,True,21.31217526595897,1.680793063129802e-20,False,,6.0,,,False,0.34300385415613494,0.32777556054791157,0.32777556054791157
lfr,edge_weakening_random_subset,weighted_edge_betweenness_fixed_10pct,random_fixed_10pct_vary_alpha,deterioration_severity,reachability,auc_abs_delta,7,7,280,40,40,True,,6,273,,False,,,False,,6.0,,,False,,,
lfr,edge_weakening_random_subset,weighted_edge_betweenness_fixed_10pct,random_fixed_10pct_vary_alpha,deterioration_severity,reachability,auc_abs_marginal_delta,7,7,280,40,40,True,,6,273,,False,,,False,,6.0,,,False,,,
lfr,edge_weakening_random_subset,weighted_edge_betweenness_fixed_10pct,random_fixed_10pct_vary_alpha,deterioration_severity,reachability,auc_raw,7,7,280,40,40,True,24.12900571521271,6,273,7.044083849940065e-23,True,19.782609469905232,3.5885212608410846e-19,False,,6.0,,,False,0.346536697851208,0.3313816591473592,0.3313816591473592
lfr,edge_weakening_random_subset,weighted_edge_betweenness_fixed_10pct,random_fixed_10pct_vary_alpha,deterioration_severity,spectral_gamma,auc_abs_delta,7,7,232,15,40,False,40.17374141009079,6,225,4.6764619065112475e-33,True,1.4525455838005628,0.19571337511776052,True,49.9634297988326,6.0,86.55111509349872,4.685446310165975e-26,True,0.5172113597307896,0.5032571434037455,0.5032571434037455
lfr,edge_weakening_random_subset,weighted_edge_betweenness_fixed_10pct,random_fixed_10pct_vary_alpha,deterioration_severity,spectral_gamma,auc_abs_marginal_delta,7,7,232,15,40,False,38.963816977418894,6,225,2.6562402601191623e-32,True,2.250251398818804,0.03956114299217657,False,48.95376795840156,6.0,87.76882554615001,6.1209764330645e-26,True,0.5095719585765067,0.49541403332052425,0.49541403332052425
lfr,edge_weakening_random_subset,weighted_edge_betweenness_fixed_10pct,random_fixed_10pct_vary_alpha,deterioration_severity,spectral_gamma,auc_raw,7,7,232,15,40,False,249.0013698629939,6,225,2.20717859383387e-96,True,8.158894101962273,5.4202668455098394e-08,False,209.20792816637814,6.0,90.80972552870566,6.547454288709921e-51,True,0.8691105734749798,0.8651169236209354,0.8651169236209354
lfr,edge_weakening_random_subset,weighted_edge_betweenness_fixed_10pct,random_fixed_10pct_vary_alpha,deterioration_severity,spectral_kappa,auc_abs_delta,7,7,232,15,40,False,61.08173480273108,6,225,1.5070074542457893e-44,True,1.8009207716380549,0.09990982907443702,True,76.82369613428143,6.0,88.24825192843322,6.816153364170615e-33,True,0.6196049899604616,0.6084324800067826,0.6084324800067826
lfr,edge_weakening_random_subset,weighted_edge_betweenness_fixed_10pct,random_fixed_10pct_vary_alpha,deterioration_severity,spectral_kappa,auc_abs_marginal_delta,7,7,232,15,40,False,59.82306635748151,6,225,6.296741541756203e-44,True,2.368392711592669,0.030759998795180335,False,70.68193205850949,6.0,89.0214112271776,1.0069694570146327e-31,True,0.6146853833986574,0.6033770381021666,0.6033770381021666
lfr,edge_weakening_random_subset,weighted_edge_betweenness_fixed_10pct,random_fixed_10pct_vary_alpha,deterioration_severity,spectral_kappa,auc_raw,7,7,232,15,40,False,251.6777453124857,6,225,7.775736748359452e-97,True,7.138848074256083,5.578794585745965e-07,False,231.39428758756787,6.0,91.61783813877197,4.412344817823919e-53,True,0.8703219711479614,0.8663645639389344,0.8663645639389344
lfr,edge_weakening_random_subset,weighted_edge_betweenness_fixed_10pct,random_fixed_10pct_vary_alpha,deterioration_severity,weighted_directed_community_assortativity,auc_abs_delta,7,7,280,40,40,True,205.20080172325137,6,273,4.364849716484113e-98,True,2.0110055853034976,0.06439958214352365,True,282.3542706071176,6.0,120.55717237820126,1.7273906617579933e-68,True,0.8185087575019905,0.8139788033650753,0.8139788033650753
lfr,edge_weakening_random_subset,weighted_edge_betweenness_fixed_10pct,random_fixed_10pct_vary_alpha,deterioration_severity,weighted_directed_community_assortativity,auc_abs_marginal_delta,7,7,280,40,40,True,212.48285342676184,6,273,8.870476738889617e-100,True,1.9775816242630941,0.06901949454417303,True,295.3416112717851,6.0,120.49498513919613,1.4566460037095573e-69,True,0.8236316894877789,0.8192262118102052,0.8192262118102052
lfr,edge_weakening_random_subset,weighted_edge_betweenness_fixed_10pct,random_fixed_10pct_vary_alpha,deterioration_severity,weighted_directed_community_assortativity,auc_raw,7,7,280,40,40,True,2180.9823320402675,6,273,2.1352446058763657e-227,True,10.593018946025655,1.414352139398437e-10,False,2035.1275441117434,6.0,117.48604434940854,3.434867948997826e-116,True,0.9795641764835807,0.9790417498699762,0.9790417498699762
lfr,edge_weakening_random_subset,weighted_edge_betweenness_fixed_10pct,random_fixed_10pct_vary_alpha,deterioration_severity,weighted_directed_community_assortativity_louvain_dynamic,auc_abs_delta,7,7,280,40,40,True,204.14793953747602,6,273,7.73837846392233e-98,True,1.9935388510402763,0.06677658914778813,True,282.39535692084223,6.0,120.54289452369868,1.7348511452220607e-68,True,0.8177433385418756,0.8131948032352767,0.8131948032352767
lfr,edge_weakening_random_subset,weighted_edge_betweenness_fixed_10pct,random_fixed_10pct_vary_alpha,deterioration_severity,weighted_directed_community_assortativity_louvain_dynamic,auc_abs_marginal_delta,7,7,280,40,40,True,213.7896661527326,6,273,4.4600996406481526e-100,True,1.9677286970242789,0.07043924723240033,True,295.3053744463917,6.0,120.51227422028397,1.4442536439361096e-69,True,0.8245205808811579,0.8201367214299212,0.8201367214299212
lfr,edge_weakening_random_subset,weighted_edge_betweenness_fixed_10pct,random_fixed_10pct_vary_alpha,deterioration_severity,weighted_directed_community_assortativity_louvain_dynamic,auc_raw,7,7,280,40,40,True,2176.839266245613,6,273,2.75313841156961e-227,True,10.699708213169778,1.1083970748101163e-10,False,2029.979620385782,6.0,117.48398729072433,3.994917930317775e-116,True,0.9795260783575737,0.9790026807237735,0.9790026807237735
lfr,edge_weakening_random_subset,weighted_edge_betweenness_fixed_10pct,random_fixed_10pct_vary_alpha,deterioration_severity,weighted_efficiency,auc_abs_delta,7,7,280,40,40,True,45.08182008541552,6,273,3.643104409420114e-38,True,5.572493860951747,1.806829937428357e-05,False,59.36687042106591,6.0,120.55678695626716,1.095458548967292e-33,True,0.4976917006404258,0.4857581835589571,0.4857581835589571
lfr,edge_weakening_random_subset,weighted_edge_betweenness_fixed_10pct,random_fixed_10pct_vary_alpha,deterioration_severity,weighted_efficiency,auc_abs_marginal_delta,7,7,280,40,40,True,64.87864895608381,6,273,9.69011456191e-50,True,3.5219435626824884,0.002253725540452406,False,101.81953750441626,6.0,120.63302851282461,8.184414545779587e-45,True,0.5877825971750843,0.5778503466766302,0.5778503466766302
lfr,edge_weakening_random_subset,weighted_edge_betweenness_fixed_10pct,random_fixed_10pct_vary_alpha,deterioration_severity,weighted_efficiency,auc_raw,7,7,280,40,40,True,118.84066494218925,6,273,3.7062844872873524e-73,True,4.176370914373151,0.0004905150824482126,False,102.67824957955199,6.0,120.74541030395162,5.0960587897833287e-45,True,0.7231360843282112,0.7163246998764494,0.7163246998764494
lfr,edge_weakening_random_subset,weighted_edge_betweenness_fixed_10pct,random_fixed_10pct_vary_alpha,deterioration_severity,yuan_out_in_strength_assortativity,auc_abs_delta,7,7,280,40,40,True,6.0149367956036,6,273,6.3193913203704675e-06,True,5.557996997274097,1.8700970838056564e-05,False,14.504743646682552,6.0,118.99600068739262,2.27593168828527e-12,True,0.11676102446692566,0.09703524000111016,0.09703524000111016
lfr,edge_weakening_random_subset,weighted_edge_betweenness_fixed_10pct,random_fixed_10pct_vary_alpha,deterioration_severity,yuan_out_in_strength_assortativity,auc_abs_marginal_delta,7,7,280,40,40,True,4.402583536801024,6,273,0.0002881964406057707,True,4.028173918193008,0.0006941961879196765,False,8.95561002095616,6.0,118.78513633942973,4.577505220555103e-08,True,0.08822355927833478,0.0679575492537606,0.0679575492537606
lfr,edge_weakening_random_subset,weighted_edge_betweenness_fixed_10pct,random_fixed_10pct_vary_alpha,deterioration_severity,yuan_out_in_strength_assortativity,auc_raw,7,7,280,40,40,True,7.885110755035928,6,273,7.578867952500327e-08,True,2.523991271470418,0.021488442248093497,False,6.109357563717666,6.0,120.81110008911041,1.291633059517921e-05,True,0.14770243319748308,0.1285692293799691,0.1285692293799691
lfr,node_redistribution,out_degree,out_degree,node,community_assortativity,auc_abs_delta,7,7,280,40,40,True,2.8815667026174245,6,273,0.009711936640738994,True,0.711348602028042,0.640730903603093,True,2.69222747058003,6.0,121.01098199451532,0.017302552165691428,True,0.05955918542963459,0.0387566461647577,0.0387566461647577
lfr,node_redistribution,out_degree,out_degree,node,community_assortativity,auc_abs_marginal_delta,7,7,280,40,40,True,27.23328257492997,6,273,2.1280592911153543e-25,True,2.2356779735444214,0.04011241061733818,False,24.811106451314238,6.0,120.75923670118716,5.184239198274051e-19,True,0.3744266945036366,0.35985323512353407,0.35985323512353407
lfr,node_redistribution,out_degree,out_degree,node,community_assortativity,auc_raw,7,7,280,40,40,True,1088.6595843222578,6,273,1.9904633330697913e-187,True,3.293746035807448,0.00381002624999154,False,884.6794884840333,6.0,120.64686391920414,3.439175666142858e-97,True,0.9598821888656967,0.9588595726970243,0.9588595726970243
lfr,node_redistribution,out_degree,out_degree,node,community_assortativity_louvain_dynamic,auc_abs_delta,7,7,280,40,40,True,4.39066852955098,6,273,0.0002963967168326903,True,1.512223230032536,0.17409197587206077,True,3.9619350317153446,6.0,119.84583495963601,0.0011907321519514472,True,0.08800580667605855,0.06773569780053297,0.06773569780053297
lfr,node_redistribution,out_degree,out_degree,node,community_assortativity_louvain_dynamic,auc_abs_marginal_delta,7,7,280,40,40,True,14.444545840727868,6,273,2.6196580159788054e-14,True,3.417714662369176,0.0028660340257820652,False,15.029480516387899,6.0,119.44859547231486,9.345193748531116e-13,True,0.24096513933239058,0.22366119863368245,0.22366119863368245
lfr,node_redistribution,out_degree,out_degree,node,community_assortativity_louvain_dynamic,auc_raw,7,7,280,40,40,True,532.2047983060708,6,273,1.793487078755397e-147,True,3.423898829880888,0.0028255210694763024,False,443.82965377613857,6.0,120.27309084130619,1.554373676719567e-79,True,0.9212400517817856,0.9192438639120754,0.9192438639120754
lfr,node_redistribution,out_degree,out_degree,node,gscc_ratio,auc_abs_delta,7,7,280,40,40,True,11.353523088647709,6,273,2.5057577289405573e-11,True,28.929571097002775,9.843323084913438e-27,False,5.919701447814381,6.0,116.90923435412006,2.0068144223266107e-05,True,0.19969779306279667,0.18157644043411372,0.18157644043411372
lfr,node_redistribution,out_degree,out_degree,node,gscc_ratio,auc_abs_marginal_delta,7,7,280,40,40,True,8.070496649589588,6,273,4.9027514749362496e-08,True,17.109913792099302,8.820556039296467e-17,False,5.443542666631752,6.0,120.05121469212473,5.204421924498198e-05,True,0.15065189151371114,0.13157554685158962,0.13157554685158962
lfr,node_redistribution,out_degree,out_degree,node,gscc_ratio,auc_raw,7,7,280,40,40,True,31.292676392423704,6,273,1.5154944562074803e-28,True,20.658740793870482,6.166850692404606e-20,False,19.69077549670513,6.0,114.01731338916575,1.1366835714910577e-15,True,0.4074955824239385,0.3936192174764879,0.3936192174764879
lfr,node_redistribution,out_degree,out_degree,node,reachability,auc_abs_delta,7,7,280,40,40,True,20.013244157034652,6,273,2.2526277250540993e-19,True,20.621849547423913,6.638741299552964e-20,False,10.786132427826256,6.0,112.96100282028479,1.8392509863944193e-09,True,0.30548394320182193,0.2894834039600055,0.2894834039600055
lfr,node_redistribution,out_degree,out_degree,node,reachability,auc_abs_marginal_delta,7,7,280,40,40,True,19.790945053090567,6,273,3.528544584986285e-19,True,20.629186245338232,6.542083357563917e-20,False,10.909771425803324,6.0,115.47025162706032,1.3382712310123976e-09,True,0.30311929222341316,0.28707043473477134,0.28707043473477134
lfr,node_redistribution,out_degree,out_degree,node,reachability,auc_raw,7,7,280,40,40,True,28.801327295463196,6,273,1.2389557042888087e-26,True,20.727166608530368,5.379116118078776e-20,False,17.0627609158217,6.0,113.17078706986305,5.807457571131492e-14,True,0.3876287052172454,0.3733325663318033,0.3733325663318033
lfr,node_redistribution,out_degree,out_degree,node,spectral_gamma,auc_abs_delta,7,7,232,15,40,False,25.638110867476136,6,225,3.8624753133983826e-23,True,6.658604058912468,1.6858375048079266e-06,False,21.272447619325998,6.0,90.17812221908562,2.0713738907388925e-15,True,0.4060639527414639,0.3891982852982591,0.3891982852982591
lfr,node_redistribution,out_degree,out_degree,node,spectral_gamma,auc_abs_marginal_delta,7,7,232,15,40,False,13.610744232709273,6,225,3.5931697776786316e-13,True,3.4913573110170804,0.002545210228575075,False,23.573950829788174,6.0,92.51042818113456,9.858467099384053e-17,True,0.2662990812800339,0.2459317662792281,0.2459317662792281
lfr,node_redistribution,out_degree,out_degree,node,spectral_gamma,auc_raw,7,7,232,15,40,False,63.09452010447498,6,225,1.5887675526671725e-45,True,5.2201140594243665,4.721216842890372e-05,False,64.36799111663693,6.0,89.12351897627062,2.838310497177076e-30,True,0.6272162741961147,0.6162543544223026,0.6162543544223026
lfr,node_redistribution,out_degree,out_degree,node,spectral_kappa,auc_abs_delta,7,7,232,15,40,False,36.0134055451967,6,225,2.056912787541549e-30,True,6.715789556313491,1.4774875640524288e-06,False,29.30001980911011,6.0,91.11043422909525,2.6671186699482974e-19,True,0.4898889566890673,0.4752086214643955,0.4752086214643955
lfr,node_redistribution,out_degree,out_degree,node,spectral_kappa,auc_abs_marginal_delta,7,7,232,15,40,False,17.628225307088023,6,225,1.0295679818163714e-16,True,3.67443227276221,0.0016768298719514916,False,26.829884505073743,6.0,93.12978587944346,2.3852348116576524e-18,True,0.3197676908496727,0.30071901243573257,0.30071901243573257
lfr,node_redistribution,out_degree,out_degree,node,spectral_kappa,auc_raw,7,7,232,15,40,False,70.50139583199352,6,225,5.8088750232349246e-49,True,5.304169253377888,3.8843580279341546e-05,False,68.8877429341196,6.0,89.01749480502632,2.5693378487777946e-31,True,0.6527822653483588,0.6425315774964019,0.6425315774964019
lfr,node_redistribution,out_degree,out_degree,node,weighted_directed_community_assortativity,auc_abs_delta,7,7,280,40,40,True,3.27531031196725,6,273,0.0039743472666237,True,0.8860821334329979,0.5054789742326506,True,3.050548665576017,6.0,121.00770838051382,0.008171974703093113,True,0.06715098870757236,0.04648995509438776,0.04648995509438776
lfr,node_redistribution,out_degree,out_degree,node,weighted_directed_community_assortativity,auc_abs_marginal_delta,7,7,280,40,40,True,19.754913292405483,6,273,3.79527253191179e-19,True,3.157985360580853,0.005195665095624728,False,27.611317582489733,6.0,120.13518886458807,1.6034527687152665e-20,True,0.30273449608130254,0.2866777797805949,0.2866777797805949
lfr,node_redistribution,out_degree,out_degree,node,weighted_directed_community_assortativity,auc_raw,7,7,280,40,40,True,1371.2963864818635,6,273,1.3051783774708176e-200,True,3.36492940484876,0.003235930776034118,False,1115.855774872285,6.0,120.82790893669508,2.8884096581769893e-103,True,0.9678852935861985,0.9670657138427343,0.9670657138427343
lfr,node_redistribution,out_degree,out_degree,node,weighted_directed_community_assortativity_louvain_dynamic,auc_abs_delta,7,7,280,40,40,True,3.258254298386999,6,273,0.004132560389766987,True,0.8608713969922763,0.5241796939937162,True,2.1665344276956646,6.0,120.93285580064611,0.05079769212026571,False,0.06682467092540646,0.04615754617161331,0.04615754617161331
lfr,node_redistribution,out_degree,out_degree,node,weighted_directed_community_assortativity_louvain_dynamic,auc_abs_marginal_delta,7,7,280,40,40,True,14.461100117236509,6,273,2.5270164643112676e-14,True,3.7475847202605315,0.001335895961268762,False,12.438444581858631,6.0,119.4839459452393,7.500501216265493e-11,True,0.24117469641087352,0.22387493893819757,0.22387493893819757
lfr,node_redistribution,out_degree,out_degree,node,weighted_directed_community_assortativity_louvain_dynamic,auc_raw,7,7,280,40,40,True,843.9271413170741,6,273,4.9939161867267135e-173,True,3.421841235577063,0.0028389375295106876,False,723.0684013770189,6.0,120.5180017415941,5.7552201956238006e-92,True,0.9488434770130545,0.9475416012928007,0.9475416012928007
lfr,node_redistribution,out_degree,out_degree,node,weighted_efficiency,auc_abs_delta,7,7,280,40,40,True,92.30891570115163,6,273,8.72912703694913e-63,True,11.748994577073352,1.0253614433434378e-11,False,59.063877368264045,6.0,119.90153087731491,1.6757916935194778e-33,True,0.6698326826787465,0.6617759036358937,0.6617759036358937
lfr,node_redistribution,out_degree,out_degree,node,weighted_efficiency,auc_abs_marginal_delta,7,7,280,40,40,True,76.66520024467276,6,273,1.0665796329903301e-55,True,6.872176507183363,8.275255185378528e-07,False,52.755134312987,6.0,120.3367683211862,2.0569406111506296e-31,True,0.6275535102560104,0.6185240375634217,0.6185240375634217
lfr,node_redistribution,out_degree,out_degree,node,weighted_efficiency,auc_raw,7,7,280,40,40,True,68.2698806243609,6,273,1.6224261130950964e-51,True,2.1755123801136196,0.04559056515268211,False,57.08171508583273,6.0,120.99361345776093,5.492760308238862e-33,True,0.6000698976715163,0.5904152988990771,0.5904152988990771
lfr,node_redistribution,out_degree,out_degree,node,yuan_out_in_strength_assortativity,auc_abs_delta,7,7,280,40,40,True,1.295121288707109,6,273,0.2594955591580623,False,0.3389291167820715,0.9159048730769125,True,1.286424624237089,6.0,121.24277386603052,0.26849754840037354,False,0.027676416964852603,0.006284285619354031,0.006284285619354031
lfr,node_redistribution,out_degree,out_degree,node,yuan_out_in_strength_assortativity,auc_abs_marginal_delta,7,7,280,40,40,True,0.4287860448506735,6,273,0.8594814306904589,False,0.27447084508344494,0.9486266488259554,True,0.490387879542957,6.0,121.18772734676025,0.8144982852911529,False,0.009335888922297052,0.0,-0.012391980586983254
lfr,node_redistribution,out_degree,out_degree,node,yuan_out_in_strength_assortativity,auc_raw,7,7,280,40,40,True,6.018595465098175,6,273,6.26473595140942e-06,True,0.38642439906127923,0.8874506692684443,True,5.704607333208752,6.0,121.21090750489374,2.9799176505348434e-05,True,0.11682374899322584,0.09709915860161292,0.09709915860161292
lfr,node_redistribution,out_strength,out_strength,node,community_assortativity,auc_abs_delta,7,7,280,40,40,True,2.2943161939367687,6,273,0.03537922256937744,True,2.196096265448291,0.04364113462204151,False,4.6298715528853,6.0,119.91205079474359,0.0002887499572706476,True,0.04800395479301424,0.026986857164679974,0.026986857164679974
lfr,node_redistribution,out_strength,out_strength,node,community_assortativity,auc_abs_marginal_delta,7,7,280,40,40,True,32.045433648664364,6,273,4.1137765134232297e-29,True,2.794184187389938,0.011812513796899066,False,36.07386434859873,6.0,119.71342962182923,1.1494337752717556e-24,True,0.41324720413393845,0.3994929170964608,0.3994929170964608
lfr,node_redistribution,out_strength,out_strength,node,community_assortativity,auc_raw,7,7,280,40,40,True,484.43827826536045,6,273,2.3075207347390393e-142,True,3.810295279851985,0.0011545102438169008,False,374.70158518196246,6.0,120.11100961311426,2.9491531267662773e-75,True,0.9141409445852176,0.9119671168646607,0.9119671168646607
lfr,node_redistribution,out_strength,out_strength,node,community_assortativity_louvain_dynamic,auc_abs_delta,7,7,280,40,40,True,1.4039579762571703,6,273,0.213105897476979,False,1.5824363694055426,0.1522372275651145,True,2.4973960319349295,6.0,119.91553329602756,0.025947841392432825,True,0.029932612018965552,0.008581954867214574,0.008581954867214574
lfr,node_redistribution,out_strength,out_strength,node,community_assortativity_louvain_dynamic,auc_abs_marginal_delta,7,7,280,40,40,True,16.239542939415063,6,273,5.534586736143531e-16,True,1.4385675664870115,0.19989546406784325,True,15.777889356266508,6.0,120.81819609369916,2.5474679210509896e-13,True,0.2630330929944025,0.24617147514581347,0.24617147514581347
lfr,node_redistribution,out_strength,out_strength,node,community_assortativity_louvain_dynamic,auc_raw,7,7,280,40,40,True,200.39009190354068,6,273,6.093016535090377e-97,True,2.878509725455308,0.009778857939377914,False,166.73355099233711,6.0,119.924100626548,9.774360137806978e-56,True,0.814957977168722,0.8103418620246869,0.8103418620246869
lfr,node_redistribution,out_strength,out_strength,node,gscc_ratio,auc_abs_delta,7,7,280,40,40,True,6.149952455975402,6,273,4.586414447508133e-06,True,22.141513612474835,3.2819070105374294e-21,False,12.988068487015738,6.0,111.34399725335321,4.3294369289590415e-11,True,0.11906985705780447,0.09938804466934116,0.09938804466934116
lfr,node_redistribution,out_strength,out_strength,node,gscc_ratio,auc_abs_marginal_delta,7,7,280,40,40,True,14.614191786120246,6,273,1.812046640554423e-14,True,14.846250642772377,1.0959659939781717e-14,False,11.762765516676678,6.0,119.26117649972169,2.4989991733966125e-10,True,0.24310718237909573,0.22584601705337629,0.22584601705337629
lfr,node_redistribution,out_strength,out_strength,node,gscc_ratio,auc_raw,7,7,280,40,40,True,31.807853487441875,6,273,6.200277542872593e-29,True,20.438763094212465,9.577358920077616e-20,False,39.63751419617827,6.0,106.00781111104969,5.933003393295785e-25,True,0.41144401315719953,0.3976514268970032,0.3976514268970032
lfr,node_redistribution,out_strength,out_strength,node,reachability,auc_abs_delta,7,7,280,40,40,True,14.331195583408656,6,273,3.352778467732865e-14,True,23.165599556923567,4.4770113386182925e-22,False,8.224400415024261,6.0,104.67795542896823,2.6786077656600147e-07,True,0.23952714706210396,0.22219450966174872,0.22219450966174872
lfr,node_redistribution,out_strength,out_strength,node,reachability,auc_abs_marginal_delta,7,7,280,40,40,True,21.1045893386797,6,273,2.53700793911622e-20,True,19.475973881775502,6.679860279816994e-19,False,18.903936428042073,6.0,115.05456730546348,3.2216585803995847e-15,True,0.31686389103556073,0.30109646787339006,0.30109646787339006
lfr,node_redistribution,out_strength,out_strength,node,reachability,auc_raw,7,7,280,40,40,True,31.630405048219483,6,273,8.429969131363407e-29,True,19.835104508070447,3.2272360699238746e-19,False,29.55845800307369,6.0,104.66836630570738,1.7371283854584934e-20,True,0.4100899642423135,0.39626863435656606,0.39626863435656606
lfr,node_redistribution,out_strength,out_strength,node,spectral_gamma,auc_abs_delta,7,7,232,15,40,False,21.917324702232634,6,225,2.971015545575963e-20,True,9.476489383392794,2.782988125142843e-09,False,19.651716331642465,6.0,92.70118575937356,1.1221478399691425e-14,True,0.3688709448308277,0.35105611795504393,0.35105611795504393
lfr,node_redistribution,out_strength,out_strength,node,spectral_gamma,auc_abs_marginal_delta,7,7,233,16,40,False,40.314740152547145,6,226,3.457865613143142e-33,True,3.8680201124832454,0.0010746960795757065,False,41.38576547364382,6.0,90.17236614038633,7.457730015440086e-24,True,0.5169788773625201,0.5030800939661088,0.5030800939661088
lfr,node_redistribution,out_strength,out_strength,node,spectral_gamma,auc_raw,7,7,233,16,40,False,117.45691650456754,6,226,1.3001255787898393e-66,True,6.822014313381593,1.1504169859367237e-06,False,98.93749583269934,6.0,88.9805896092682,3.4472135971662495e-37,True,0.757182848045174,0.7499306403726611,0.7499306403726611
lfr,node_redistribution,out_strength,out_strength,node,spectral_kappa,auc_abs_delta,7,7,232,15,40,False,29.817953020874103,6,225,3.3797070781382517e-26,True,9.211552381675972,5.034913562851913e-09,False,24.672773277692837,6.0,92.55420971886547,2.80184256849987e-17,True,0.4429420634882953,0.42702993888538676,0.42702993888538676
lfr,node_redistribution,out_strength,out_strength,node,spectral_kappa,auc_abs_marginal_delta,7,7,233,16,40,False,47.444539759498575,6,226,2.040234323714791e-37,True,3.6610759772606194,0.0017263337120969075,False,45.3042031748426,6.0,89.58801430137707,4.514764333715897e-25,True,0.5574417488801212,0.5446259161381747,0.5446259161381747
lfr,node_redistribution,out_strength,out_strength,node,spectral_kappa,auc_raw,7,7,233,16,40,False,124.79750891628639,6,226,7.199812150161261e-69,True,6.354550327170328,3.387183374746221e-06,False,102.75645613900997,6.0,88.96898459102569,8.063990678589262e-38,True,0.7681540159145159,0.7612179043275902,0.7612179043275902
lfr,node_redistribution,out_strength,out_strength,node,weighted_directed_community_assortativity,auc_abs_delta,7,7,280,40,40,True,4.168201968217344,6,273,0.0005000081684864865,True,1.0531584547174118,0.39123460868296384,True,5.971737470773565,6.0,120.516658052074,1.723687220358197e-05,True,0.0839209353880894,0.0635740005944277,0.0635740005944277
lfr,node_redistribution,out_strength,out_strength,node,weighted_directed_community_assortativity,auc_abs_marginal_delta,7,7,280,40,40,True,55.47351740499953,6,273,1.6139637508924355e-44,True,3.786269302793599,0.0012209283566306727,False,72.026484234195,6.0,120.01032030255186,1.964372523834037e-37,True,0.5493867979511708,0.5385942086718026,0.5385942086718026
lfr,node_redistribution,out_strength,out_strength,node,weighted_directed_community_assortativity,auc_raw,7,7,280,40,40,True,713.4914604278698,6,273,1.2349498204161588e-163,True,4.03462924229264,0.0006837874315785707,False,581.8525690666304,6.0,120.2483634810795,2.573388709758082e-86,True,0.9400520264426296,0.9385283974430071,0.9385283974430071
lfr,node_redistribution,out_strength,out_strength,node,weighted_directed_community_assortativity_louvain_dynamic,auc_abs_delta,7,7,280,40,40,True,2.6490269008405316,6,273,0.016314262623775815,True,1.9905211992757348,0.06719545971446843,True,5.637001148077588,6.0,119.81460351969093,3.4839763463450543e-05,True,0.05501724689672363,0.03413025414892355,0.03413025414892355
lfr,node_redistribution,out_strength,out_strength,node,weighted_directed_community_assortativity_louvain_dynamic,auc_abs_marginal_delta,7,7,280,40,40,True,17.09174088582871,6,273,9.163304918132876e-17,True,1.8955254344185413,0.08170143497912839,True,18.172537950022033,6.0,120.50232331970088,6.131028654164182e-15,True,0.2730670315913583,0.2564077310656502,0.2564077310656502
lfr,node_redistribution,out_strength,out_strength,node,weighted_directed_community_assortativity_louvain_dynamic,auc_raw,7,7,280,40,40,True,334.06440949745127,6,273,1.3024452580780317e-122,True,3.157674838856443,0.00519934192426556,False,281.2941071889115,6.0,119.94999532375532,3.6257039455072366e-68,True,0.8801257471419867,0.8771060110800689,0.8771060110800689
lfr,node_redistribution,out_strength,out_strength,node,weighted_efficiency,auc_abs_delta,7,7,280,40,40,True,60.90923037961493,6,273,1.363733840151466e-47,True,9.140445714127374,4.026272557554094e-09,False,39.553600255575894,6.0,120.12776345798946,3.051523830329367e-26,True,0.5724055155959805,0.5621273856470456,0.5621273856470456
lfr,node_redistribution,out_strength,out_strength,node,weighted_efficiency,auc_abs_marginal_delta,7,7,280,40,40,True,89.22344364131567,6,273,1.87748983481244e-61,True,7.68522424972251,1.213064751769825e-07,False,59.13055568614391,6.0,120.31288798739737,1.407984720420455e-33,True,0.6622711031560468,0.6540393764960458,0.6540393764960458
lfr,node_redistribution,out_strength,out_strength,node,weighted_efficiency,auc_raw,7,7,280,40,40,True,69.80089643892111,6,273,2.6625083288269478e-52,True,2.133906865229361,0.04978515816496344,False,68.51564870861566,6.0,120.94902809424163,1.437408764369001e-36,True,0.6053803447737899,0.5958460938160359,0.5958460938160359
lfr,node_redistribution,out_strength,out_strength,node,yuan_out_in_strength_assortativity,auc_abs_delta,7,7,280,40,40,True,2.4373850951210003,6,273,0.0259644843739861,True,2.283075869775793,0.03624321909264071,False,2.8596957706856863,6.0,120.47739658774793,0.012216217226743159,True,0.05084518252892924,0.029880748969732574,0.029880748969732574
lfr,node_redistribution,out_strength,out_strength,node,yuan_out_in_strength_assortativity,auc_abs_marginal_delta,7,7,280,40,40,True,0.9162490003902132,6,273,0.48356401212366773,False,0.8885377828279233,0.5036757867182964,True,0.9895740875454343,6.0,121.17306296772954,0.4354721776983361,False,0.019739832927527432,0.0,-0.0017978908879036288
lfr,node_redistribution,out_strength,out_strength,node,yuan_out_in_strength_assortativity,auc_raw,7,7,280,40,40,True,3.946914461861286,6,273,0.0008394576839018481,True,0.373163559031069,0.8957273512816128,True,3.8895352798417595,6.0,121.21231098687277,0.0013790107007214114,True,0.07982124880422145,0.05939733425464829,0.05939733425464829
lfr,node_redistribution,random,random,node,community_assortativity,auc_abs_delta,7,7,280,40,40,True,15.370627251277524,6,273,3.5389576388828285e-15,True,2.2710159306564917,0.037192551137089094,False,18.817617306843502,6.0,120.46309417147704,2.325977578234648e-15,True,0.2525130419278691,0.2354401109360576,0.2354401109360576
lfr,node_redistribution,random,random,node,community_assortativity,auc_abs_marginal_delta,7,7,280,40,40,True,88.75955143181598,6,273,2.9959693153616527e-61,True,2.6016237522355046,0.01811575482482008,False,104.40517253157554,6.0,120.47376791334104,2.5113585886386654e-45,True,0.6611041857747655,0.6528454989898027,0.6528454989898027
lfr,node_redistribution,random,random,node,community_assortativity,auc_raw,7,7,280,40,40,True,2093.240671944778,6,273,5.15410161978982e-225,True,4.641779477137458,0.0001639410006290083,False,1620.224370568646,6.0,120.73658309911208,7.808145600771921e-113,True,0.9787257985052363,0.9781820063804346,0.9781820063804346
lfr,node_redistribution,random,random,node,community_assortativity_louvain_dynamic,auc_abs_delta,7,7,280,40,40,True,20.96750695550387,6,273,3.33177427022601e-20,True,4.373484040295456,0.0003086337300217883,False,24.959237090515238,6.0,118.55450924017069,5.553532860359527e-19,True,0.3154549932125541,0.2996586566635273,0.2996586566635273
lfr,node_redistribution,random,random,node,community_assortativity_louvain_dynamic,auc_abs_marginal_delta,7,7,280,40,40,True,37.306957743675135,6,273,6.256123942571364e-33,True,5.51560298806615,2.068102090216831e-05,False,42.68654038053307,6.0,119.27430934660289,1.779972364295561e-27,True,0.45052926420937955,0.4375722767529227,0.4375722767529227
lfr,node_redistribution,random,random,node,community_assortativity_louvain_dynamic,auc_raw,7,7,280,40,40,True,808.3928480920922,6,273,1.2987064801176885e-170,True,6.820772748934071,9.346309592182423e-07,False,731.3663782092476,6.0,119.81739677636907,7.384181150788954e-92,True,0.946714625726561,0.9453589991561088,0.9453589991561088
lfr,node_redistribution,random,random,node,gscc_ratio,auc_abs_delta,7,7,280,40,40,True,7.49007086101797,6,273,1.9214440240669403e-07,True,22.60246773391717,1.3342850995877768e-21,False,6.215842548843546,6.0,108.69096980401658,1.2319335522502846e-05,True,0.1413485722761696,0.12209309981896166,0.12209309981896166
lfr,node_redistribution,random,random,node,gscc_ratio,auc_abs_marginal_delta,7,7,280,40,40,True,14.449110402192723,6,273,2.593777643425039e-14,True,18.605552075013026,3.953298974934982e-18,False,11.36519382593656,6.0,119.00104023850912,5.147122630774249e-10,True,0.2410229327050063,0.22372014565806003,0.22372014565806003
lfr,node_redistribution,random,random,node,gscc_ratio,auc_raw,7,7,280,40,40,True,38.327381917196654,6,273,1.2101724946346296e-33,True,20.77982626471396,4.84252027994583e-20,False,28.495317789328215,6.0,107.72953927850605,3.4302851691728815e-20,True,0.45721792856486726,0.4444050804376619,0.4444050804376619
lfr,node_redistribution,random,random,node,reachability,auc_abs_delta,7,7,280,40,40,True,17.86799586570632,6,273,1.8135060465337652e-17,True,20.81983855406898,4.4711070619773e-20,False,10.042688811222332,6.0,105.17317230861079,9.375020703077317e-09,True,0.28197192638967705,0.2654928064993106,0.2654928064993106
lfr,node_redistribution,random,random,node,reachability,auc_abs_marginal_delta,7,7,280,40,40,True,20.972218789386705,6,273,3.3006831520085225e-20,True,19.87303274940953,2.989196564504688e-19,False,17.11999012199827,6.0,114.13165053489395,4.947114784733579e-14,True,0.31550351667718474,0.2997081756800675,0.2997081756800675
lfr,node_redistribution,random,random,node,reachability,auc_raw,7,7,280,40,40,True,32.823577745738675,6,273,1.0821605959263123e-29,True,19.8991393513193,2.8356974444477714e-19,False,21.767960501530006,6.0,105.3445031662146,1.657123898825509e-16,True,0.4190765883077208,0.40544628168731994,0.40544628168731994
lfr,node_redistribution,random,random,node,spectral_gamma,auc_abs_delta,7,7,232,15,40,False,61.86571672475742,6,225,6.240800524797893e-45,True,9.409154729530528,3.2349054663584327e-09,False,54.31362008244407,6.0,89.92808761391589,8.426308207417739e-28,True,0.6226062545910597,0.6115167209991853,0.6115167209991853
lfr,node_redistribution,random,random,node,spectral_gamma,auc_abs_marginal_delta,7,7,232,15,40,False,92.7536977128377,6,225,4.8482309731115934e-58,True,1.3446345774937094,0.23835429137516342,True,104.53925759999132,6.0,87.54933292002815,9.566250628652968e-38,True,0.7121003038034752,0.7035227830359974,0.7035227830359974
lfr,node_redistribution,random,random,node,spectral_gamma,auc_raw,7,7,232,15,40,False,154.44511117176333,6,225,7.029469914348608e-77,True,1.0897124722861355,0.3693555131115626,True,155.70598460049524,6.0,86.03904061819142,5.216932085810717e-44,True,0.8046316482296707,0.7987282867207331,0.7987282867207331
lfr,node_redistribution,random,random,node,spectral_kappa,auc_abs_delta,7,7,232,15,40,False,84.28019264688837,6,225,8.86375451621411e-55,True,8.309491093690191,3.850593915605835e-08,False,69.13481834837408,6.0,89.04130581562704,2.232932015026162e-31,True,0.6920681501240984,0.6829219966440851,0.6829219966440851
lfr,node_redistribution,random,random,node,spectral_kappa,auc_abs_marginal_delta,7,7,232,15,40,False,128.48743916629823,6,225,8.17768808843436e-70,True,2.325753231120684,0.033695266398677676,False,139.55504307845942,6.0,86.79598238676786,2.187446184133125e-42,True,0.7740792906478317,0.7672843143248091,0.7672843143248091
lfr,node_redistribution,random,random,node,spectral_kappa,auc_raw,7,7,232,15,40,False,159.41009737549427,6,225,4.0219469471504627e-78,True,1.322922621603384,0.2478080158262804,True,159.62413711479238,6.0,86.35788112486784,1.5390089265167005e-44,True,0.8095577601158256,0.80379895694657,0.80379895694657
lfr,node_redistribution,random,random,node,weighted_directed_community_assortativity,auc_abs_delta,7,7,280,40,40,True,19.041772855925206,6,273,1.6174063214240803e-18,True,2.8106487730132113,0.011385547648213243,False,22.608859488859988,6.0,120.48267424976858,1.020497216241644e-17,True,0.2950302108749265,0.27881637988853425,0.27881637988853425
lfr,node_redistribution,random,random,node,weighted_directed_community_assortativity,auc_abs_marginal_delta,7,7,280,40,40,True,192.11316069734647,6,273,6.424294019482005e-95,True,2.6336653274073405,0.01687818931543765,False,257.29695994464095,6.0,120.48455662497071,3.328017509287958e-66,True,0.8085122900328132,0.8037400094700823,0.8037400094700823
lfr,node_redistribution,random,random,node,weighted_directed_community_assortativity,auc_raw,7,7,280,40,40,True,2138.4012870806437,6,273,2.9772812047369166e-226,True,7.852637796072779,8.180294403674043e-08,False,2178.478081233486,6.0,118.79619817453805,5.830347478180559e-119,True,0.9791657249944556,0.9786331434483992,0.9786331434483992
lfr,node_redistribution,random,random,node,weighted_directed_community_assortativity_louvain_dynamic,auc_abs_delta,7,7,280,40,40,True,18.343560920989106,6,273,6.779386961482636e-18,True,3.9240921659461523,0.0008854182636679089,False,24.320267483171257,6.0,119.45527461944978,1.1481682797776034e-18,True,0.28732045419099583,0.2709498399648523,0.2709498399648523
lfr,node_redistribution,random,random,node,weighted_directed_community_assortativity_louvain_dynamic,auc_abs_marginal_delta,7,7,280,40,40,True,36.920699031736675,6,273,1.1710495862795356e-32,True,6.089892016431798,5.2892271242779156e-06,False,37.68185376888422,6.0,119.04700570899499,2.476715254957387e-25,True,0.4479542088998795,0.43494181861803977,0.43494181861803977
lfr,node_redistribution,random,random,node,weighted_directed_community_assortativity_louvain_dynamic,auc_raw,7,7,280,40,40,True,977.8114848161366,6,273,2.4660128781394056e-181,True,7.112809423042728,4.683076852149471e-07,False,1017.2901659450583,6.0,118.48250715611294,2.174060253319802e-99,True,0.9555365099726452,0.954403846726912,0.954403846726912
lfr,node_redistribution,random,random,node,weighted_efficiency,auc_abs_delta,7,7,280,40,40,True,81.07469844185543,6,273,8.781081244190795e-58,True,10.36517923766963,2.3827684662347977e-10,False,50.402155652939705,6.0,119.96388557693172,1.5950868358754503e-30,True,0.6405284740148813,0.631796086252437,0.631796086252437
lfr,node_redistribution,random,random,node,weighted_efficiency,auc_abs_marginal_delta,7,7,280,40,40,True,88.56207611407517,6,273,3.657179254187237e-61,True,11.062486125738053,4.8500865187230654e-11,False,58.57662447147893,6.0,119.97072394780815,2.368206674282437e-33,True,0.6606049874889042,0.6523347704828382,0.6523347704828382
lfr,node_redistribution,random,random,node,weighted_efficiency,auc_raw,7,7,280,40,40,True,89.64266744768136,6,273,1.2324078576046598e-61,True,4.461215641272529,0.00025101543044671283,False,74.75145968301523,6.0,120.75473945734053,2.6306132737260104e-38,True,0.6633187663132762,0.6551112532471018,0.6551112532471018
lfr,node_redistribution,random,random,node,yuan_out_in_strength_assortativity,auc_abs_delta,7,7,280,40,40,True,0.484882622396371,6,273,0.8194329863185869,False,0.4771101476310468,0.8251551726035609,True,0.47114035882316296,6.0,121.23023880783545,0.8286256990071196,False,0.010544391868474922,0.0,-0.011161431967912333
lfr,node_redistribution,random,random,node,yuan_out_in_strength_assortativity,auc_abs_marginal_delta,7,7,280,40,40,True,0.7165920644149982,6,273,0.6365283367072669,False,0.3588328095736373,0.9043895991874474,True,0.7002595267551173,6.0,121.20132141733303,0.6499058319705795,False,0.01550508231797428,0.0,-0.006110134202258962
lfr,node_redistribution,random,random,node,yuan_out_in_strength_assortativity,auc_raw,7,7,280,40,40,True,11.339561221643999,6,273,2.5862741341946957e-11,True,1.070033599075641,0.38072254144935536,True,13.935708200653828,6.0,120.90736633237879,5.318934065663238e-12,True,0.19950120968432103,0.1813759935476132,0.1813759935476132
lfr,node_redistribution,weighted_betweenness,weighted_betweenness,node,community_assortativity,auc_abs_delta,7,7,280,40,40,True,1.6851567773864462,6,273,0.12462928775769058,False,1.34898813225833,0.23559285667600507,True,1.3712787385541019,6.0,121.06908551988691,0.23156774301075958,False,0.03571370516658031,0.014469490878127876,0.014469490878127876
lfr,node_redistribution,weighted_betweenness,weighted_betweenness,node,community_assortativity,auc_abs_marginal_delta,7,7,280,40,40,True,112.84204846129664,6,273,5.763485795110615e-71,True,1.1127634383609297,0.3549920374864357,True,90.98071910857259,6.0,121.09997832548194,1.768914559656484e-42,True,0.7126473956718988,0.7055892691515864,0.7055892691515864
lfr,node_redistribution,weighted_betweenness,weighted_betweenness,node,community_assortativity,auc_raw,7,7,280,40,40,True,1180.6987194540568,6,273,4.743739933518042e-192,True,1.8989457383537467,0.08113235486812422,True,937.6103286432545,6.0,121.10303297587198,5.82983138537023e-99,True,0.9628934533382502,0.9619471756176322,0.9619471756176322
lfr,node_redistribution,weighted_betweenness,weighted_betweenness,node,community_assortativity_louvain_dynamic,auc_abs_delta,7,7,280,40,40,True,19.729867136695,6,273,3.992552400574284e-19,True,2.1244946296093903,0.050783359241128305,True,29.33362248351563,6.0,120.43910961332125,1.9078212638294932e-21,True,0.30246676871730116,0.28640458518815587,0.28640458518815587
lfr,node_redistribution,weighted_betweenness,weighted_betweenness,node,community_assortativity_louvain_dynamic,auc_abs_marginal_delta,7,7,280,40,40,True,23.998992109355342,6,273,9.028484258008124e-23,True,0.65859581524597,0.6831875197970254,True,26.016327103362155,6.0,121.20391248085673,1.0338349812816767e-19,True,0.34531424673890787,0.33013384949531677,0.33013384949531677
lfr,node_redistribution,weighted_betweenness,weighted_betweenness,node,community_assortativity_louvain_dynamic,auc_raw,7,7,280,40,40,True,475.65378487741384,6,273,2.252618679708414e-141,True,0.32250853599934204,0.9249271661810128,True,453.84012382058285,6.0,121.27809146288688,1.4490291390065828e-80,True,0.912693716671937,0.910483721617968,0.910483721617968
lfr,node_redistribution,weighted_betweenness,weighted_betweenness,node,gscc_ratio,auc_abs_delta,7,7,280,40,40,True,0.4182025129509859,6,273,0.8666733968404225,False,19.63734729797025,4.815168747908058e-19,False,1.6407080129767821,6.0,116.06107340436454,0.14207721935198667,False,0.00910755408670518,0.0,-0.012624479518026572
lfr,node_redistribution,weighted_betweenness,weighted_betweenness,node,gscc_ratio,auc_abs_marginal_delta,7,7,280,40,40,True,30.46607163447715,6,273,6.434572521076132e-28,True,14.25067590360416,3.996014529165169e-14,False,18.03491084899497,6.0,117.56559726589121,9.494881379485734e-15,True,0.40104840199016056,0.38703548948842204,0.38703548948842204
lfr,node_redistribution,weighted_betweenness,weighted_betweenness,node,gscc_ratio,auc_raw,7,7,280,40,40,True,45.817319054339265,6,273,1.2274350879467264e-38,True,16.849802821434327,1.5235615281715463e-16,False,32.925662462176476,6.0,112.9229070780286,1.098073057393331e-22,True,0.5017374527506137,0.4898925063345662,0.4898925063345662
lfr,node_redistribution,weighted_betweenness,weighted_betweenness,node,reachability,auc_abs_delta,7,7,280,40,40,True,7.071060449122158,6,273,5.168971669669283e-07,True,23.23011509293758,3.952587703953507e-22,False,4.005203128258767,6.0,109.09556378417226,0.001157662697162187,True,0.13450480908532322,0.11511797684782257,0.11511797684782257
lfr,node_redistribution,weighted_betweenness,weighted_betweenness,node,reachability,auc_abs_marginal_delta,7,7,280,40,40,True,27.07052246017671,6,273,2.868087884236685e-25,True,17.948404490291345,1.534865818635547e-17,False,14.51840862406049,6.0,113.93993603393363,2.988658241933104e-12,True,0.37302366777132895,0.3584208129724867,0.3584208129724867
lfr,node_redistribution,weighted_betweenness,weighted_betweenness,node,reachability,auc_raw,7,7,280,40,40,True,40.67015794730357,6,273,2.992038596040263e-35,True,15.770274311594987,1.503397216767295e-15,False,26.825114875805237,6.0,109.19735550064344,1.9013441706264563e-19,True,0.47197497272982775,0.459481317788522,0.459481317788522
lfr,node_redistribution,weighted_betweenness,weighted_betweenness,node,spectral_gamma,auc_abs_delta,7,7,226,12,40,False,15.816999994730331,6,219,4.450196317437973e-15,True,5.485803861108851,2.6024981275406597e-05,False,13.559703443659602,6.0,80.89304138166267,1.378781093928623e-10,True,0.3023300264985284,0.2823164031263958,0.2823164031263958
lfr,node_redistribution,weighted_betweenness,weighted_betweenness,node,spectral_gamma,auc_abs_marginal_delta,7,7,226,12,40,False,39.80577394537226,6,219,1.454201379955024e-32,True,3.5710703349976276,0.002140476161701561,False,29.228696039898225,6.0,77.58181891234939,4.8994734367623035e-18,True,0.5216613617453044,0.5074478287183518,0.5074478287183518
lfr,node_redistribution,weighted_betweenness,weighted_betweenness,node,spectral_gamma,auc_raw,7,7,226,12,40,False,70.96018160279247,6,219,1.2096067204529633e-48,True,5.375279227740204,3.360621912434501e-05,False,58.764030064923375,6.0,78.86209809680972,4.4675616420676025e-27,True,0.6603393047025011,0.6500253675331754,0.6500253675331754
lfr,node_redistribution,weighted_betweenness,weighted_betweenness,node,spectral_kappa,auc_abs_delta,7,7,226,12,40,False,21.29307677232514,6,219,1.2063395029303988e-19,True,7.072887440829051,6.725763160031703e-07,False,18.789355113564454,6.0,81.27083644931642,1.3686991770599596e-13,True,0.36843646266158925,0.3501236473499153,0.3501236473499153
lfr,node_redistribution,weighted_betweenness,weighted_betweenness,node,spectral_kappa,auc_abs_marginal_delta,7,7,226,12,40,False,64.18349385631231,6,219,1.413007309462042e-45,True,5.661261152021471,1.734550457133412e-05,False,38.24014316734877,6.0,77.18110910167096,3.476943074116392e-21,True,0.6374778168496021,0.6265086096904702,0.6265086096904702
lfr,node_redistribution,weighted_betweenness,weighted_betweenness,node,spectral_kappa,auc_raw,7,7,226,12,40,False,88.24957700289518,6,219,1.114280263842403e-55,True,5.494325900555044,2.5517045187008635e-05,False,71.19664516388825,6.0,78.58748598833317,1.0105518995465857e-29,True,0.7074138375703438,0.6984646226930626,0.6984646226930626
lfr,node_redistribution,weighted_betweenness,weighted_betweenness,node,weighted_directed_community_assortativity,auc_abs_delta,7,7,280,40,40,True,0.6421997244914702,6,273,0.696400823858612,False,0.5878756624790907,0.7399411904262847,True,0.5925328788364769,6.0,121.25034977856322,0.7357808949682252,False,0.013917839381866347,0.0,-0.007726388128059336
lfr,node_redistribution,weighted_betweenness,weighted_betweenness,node,weighted_directed_community_assortativity,auc_abs_marginal_delta,7,7,280,40,40,True,75.37695807158363,6,273,4.4770350072543724e-55,True,2.316518132567145,0.03373000391991833,False,60.22866630902391,6.0,120.97105495216849,5.073763126655292e-34,True,0.6235841741396668,0.614464068078095,0.614464068078095
lfr,node_redistribution,weighted_betweenness,weighted_betweenness,node,weighted_directed_community_assortativity,auc_raw,7,7,280,40,40,True,925.4290573706138,6,273,3.197469519820242e-178,True,2.0904917231328684,0.05454889582379364,True,691.9590243228951,6.0,121.02674063482081,3.935495054480423e-91,True,0.953137667830007,0.951944318658255,0.951944318658255
lfr,node_redistribution,weighted_betweenness,weighted_betweenness,node,weighted_directed_community_assortativity_louvain_dynamic,auc_abs_delta,7,7,280,40,40,True,19.627234895994036,6,273,4.914852245014984e-19,True,1.062031190883055,0.3856829031889958,True,16.389101291516127,6.0,121.18711657505736,9.3421820218602e-14,True,0.30136754504222474,0.28528292000008615,0.28528292000008615
lfr,node_redistribution,weighted_betweenness,weighted_betweenness,node,weighted_directed_community_assortativity_louvain_dynamic,auc_abs_marginal_delta,7,7,280,40,40,True,22.851664258909945,6,273,8.221274768927006e-22,True,0.7432543738478581,0.6152452841700191,True,23.404381796856686,6.0,121.1569021159068,3.218190863249605e-18,True,0.3343249137628881,0.31891705422078703,0.31891705422078703
lfr,node_redistribution,weighted_betweenness,weighted_betweenness,node,weighted_directed_community_assortativity_louvain_dynamic,auc_raw,7,7,280,40,40,True,555.9557829044586,6,273,7.381803515587908e-150,True,0.49784679612165106,0.8097814059592325,True,474.2534950312474,6.0,121.27280149228488,1.1347205912465704e-81,True,0.9243502161035376,0.9224319725769318,0.9224319725769318
lfr,node_redistribution,weighted_betweenness,weighted_betweenness,node,weighted_efficiency,auc_abs_delta,7,7,280,40,40,True,21.930614732032353,6,273,4.9633109877719446e-21,True,3.5904861351956154,0.0019233841009528884,False,18.17679030973695,6.0,120.49019471242093,6.097260968217955e-15,True,0.3252323120467472,0.30963693064193504,0.30963693064193504
lfr,node_redistribution,weighted_betweenness,weighted_betweenness,node,weighted_efficiency,auc_abs_marginal_delta,7,7,280,40,40,True,79.05309640821318,6,273,7.765141219121358e-57,True,5.635892127829654,1.554344441147175e-05,False,57.86299312694961,6.0,120.4793986418703,3.500704443247398e-33,True,0.6346939473035879,0.6258278117586806,0.6258278117586806
lfr,node_redistribution,weighted_betweenness,weighted_betweenness,node,weighted_efficiency,auc_raw,7,7,280,40,40,True,82.77004583666276,6,273,1.4492717262628046e-58,True,5.575749386853662,1.792918902227011e-05,False,90.10493639043862,6.0,119.36032273343082,6.01096679871928e-42,True,0.6452796153363891,0.6366563285753911,0.6366563285753911
lfr,node_redistribution,weighted_betweenness,weighted_betweenness,node,yuan_out_in_strength_assortativity,auc_abs_delta,7,7,280,40,40,True,0.9144008820377474,6,273,0.4848914873169625,False,0.6387370843321498,0.6991893430993299,True,0.8624716082971348,6.0,121.13884355929659,0.5246898687406156,False,0.019700801144922654,0.0,-0.0018376375310151605
lfr,node_redistribution,weighted_betweenness,weighted_betweenness,node,yuan_out_in_strength_assortativity,auc_abs_marginal_delta,7,7,280,40,40,True,6.254150252251076,6,273,3.5815354966338525e-06,True,1.0418994205653858,0.3983576043101029,True,6.635299790569702,6.0,121.12883068533253,4.359135389003559e-06,True,0.12084345355431732,0.10119544652882131,0.10119544652882131
lfr,node_redistribution,weighted_betweenness,weighted_betweenness,node,yuan_out_in_strength_assortativity,auc_raw,7,7,280,40,40,True,10.437130432250477,6,273,2.0205985303850775e-10,True,1.375354906287247,0.2245718532873006,True,10.073954022401864,6.0,121.13744022077117,5.12823729049358e-09,True,0.1865868047144757,0.16820840870381343,0.16820840870381343
lfr,node_redistribution,weighted_slack,weighted_slack,node,community_assortativity,auc_abs_delta,7,7,280,40,40,True,2.59413902790293,6,273,0.018417235839273304,True,2.386327550698221,0.029009338911189,False,3.5218153536793326,6.0,119.61828728013884,0.00303299849003569,True,0.05393877674778377,0.033031753302914836,0.033031753302914836
lfr,node_redistribution,weighted_slack,weighted_slack,node,community_assortativity,auc_abs_marginal_delta,7,7,280,40,40,True,30.049454355587894,6,273,1.341143771927532e-27,True,1.3472980886064763,0.23631428551443295,True,35.76677348730819,6.0,120.6459456146548,1.3405592879369189e-24,True,0.3977454848866864,0.3836627387059308,0.3836627387059308
lfr,node_redistribution,weighted_slack,weighted_slack,node,community_assortativity,auc_raw,7,7,280,40,40,True,340.7433896924184,6,273,1.2098171218977835e-123,True,7.005648152126253,6.033902837118125e-07,False,299.08913870804946,6.0,119.56018294264771,1.662441112160725e-69,True,0.8821986311889157,0.8792301962677185,0.8792301962677185
lfr,node_redistribution,weighted_slack,weighted_slack,node,community_assortativity_louvain_dynamic,auc_abs_delta,7,7,280,40,40,True,1.2046163779329588,6,273,0.3040149929472996,False,1.468383681144439,0.18907979110229226,True,1.6108212246515128,6.0,120.61062188917666,0.14982947516177816,False,0.025792233645282995,0.004365495558085283,0.004365495558085283
lfr,node_redistribution,weighted_slack,weighted_slack,node,community_assortativity_louvain_dynamic,auc_abs_marginal_delta,7,7,280,40,40,True,7.493225563440141,6,273,1.9072014407345933e-07,True,0.6295220130686131,0.7066048831362682,True,8.25539240138799,6.0,121.20557820113935,1.6849448018018375e-07,True,0.14139968805012113,0.12214519802511449,0.12214519802511449
lfr,node_redistribution,weighted_slack,weighted_slack,node,community_assortativity_louvain_dynamic,auc_raw,7,7,280,40,40,True,112.91668619691643,6,273,5.406444239282135e-71,True,2.0378600153507005,0.060898809433996684,True,114.43009317934215,6.0,120.66492173207074,2.2046449064313817e-47,True,0.7127827813325031,0.7057278344542862,0.7057278344542862
lfr,node_redistribution,weighted_slack,weighted_slack,node,gscc_ratio,auc_abs_delta,7,7,280,40,40,True,1.0221608996687865,6,273,0.41105460561637186,False,20.704956128211382,5.623027927784829e-20,False,4.837258635902301,6.0,118.83464701081607,0.00018794636635471328,True,0.021971483695119153,0.0004746510208956557,0.0004746510208956557
lfr,node_redistribution,weighted_slack,weighted_slack,node,gscc_ratio,auc_abs_marginal_delta,7,7,280,40,40,True,13.062254120222935,6,273,5.448067194304111e-13,True,14.129401662282575,5.2069681484668624e-14,False,7.9027527102206765,6.0,119.60768723308571,3.4947616173859227e-07,True,0.22304903246052193,0.20538865619535898,0.20538865619535898
lfr,node_redistribution,weighted_slack,weighted_slack,node,gscc_ratio,auc_raw,7,7,280,40,40,True,48.29856257735715,6,273,3.326026367471594e-40,True,17.52857034404251,3.674725763156673e-17,False,34.759743494924045,6.0,116.51169877549236,8.225106212623318e-24,True,0.514917939574229,0.5033623922155792,0.5033623922155792
lfr,node_redistribution,weighted_slack,weighted_slack,node,reachability,auc_abs_delta,7,7,280,40,40,True,8.694103503788853,6,273,1.138653930786275e-08,True,23.86756243865803,1.1608281951138648e-22,False,6.97210028305226,6.0,115.18865316037302,2.424554394062735e-06,True,0.1604252666192924,0.1415377942524169,0.1415377942524169
lfr,node_redistribution,weighted_slack,weighted_slack,node,reachability,auc_abs_marginal_delta,7,7,280,40,40,True,20.37875348285269,6,273,1.0801877643929166e-19,True,17.719577826168088,2.4686208201418465e-17,False,11.07273942793671,6.0,115.87223260199585,9.82809527640806e-10,True,0.3093372658934265,0.2934155530993882,0.2934155530993882
lfr,node_redistribution,weighted_slack,weighted_slack,node,reachability,auc_raw,7,7,280,40,40,True,40.3880449591017,6,273,4.6474881183166087e-35,True,17.37212215963974,5.0941690517047564e-17,False,28.022277264113935,6.0,114.87210223296243,2.026385661973514e-20,True,0.4702405902746273,0.45770933647876283,0.45770933647876283
lfr,node_redistribution,weighted_slack,weighted_slack,node,spectral_gamma,auc_abs_delta,7,7,232,15,40,False,26.350925726016655,6,225,1.1275216900123279e-23,True,9.00630050220975,7.981952779166849e-09,False,29.507147848397118,6.0,93.89210836574105,1.2682566558172462e-19,True,0.4126944977914347,0.3959993617147345,0.3959993617147345
lfr,node_redistribution,weighted_slack,weighted_slack,node,spectral_gamma,auc_abs_marginal_delta,7,7,233,15,40,False,24.026324824615777,6,226,6.250737313325003e-22,True,2.828803001864577,0.011266653071209902,False,39.57285909349109,6.0,93.318730084378,1.3880293401444766e-23,True,0.389449826371458,0.3722349186900064,0.3722349186900064
lfr,node_redistribution,weighted_slack,weighted_slack,node,spectral_gamma,auc_raw,7,7,233,15,40,False,43.32134067464443,6,226,5.144944983822288e-35,True,8.756780778880128,1.3879006991227745e-08,False,49.71853268936444,6.0,91.01352213275806,1.2402541638449537e-26,True,0.5349105638822984,0.521489873405001,0.521489873405001
lfr,node_redistribution,weighted_slack,weighted_slack,node,spectral_kappa,auc_abs_delta,7,7,232,15,40,False,33.56867381768614,6,225,8.601018505449252e-29,True,10.14226984763143,6.334219238480983e-10,False,33.11046638874158,6.0,92.78626949184287,4.721538493040263e-21,True,0.4723413568093379,0.4571982613719662,0.4571982613719662
lfr,node_redistribution,weighted_slack,weighted_slack,node,spectral_kappa,auc_abs_marginal_delta,7,7,233,15,40,False,31.24672556321651,6,226,3.1160895304040834e-27,True,2.5177974992960306,0.02227883048967255,False,48.24936532566269,6.0,93.95275298976087,1.3761025878242795e-26,True,0.453420221413319,0.4378503152192184,0.4378503152192184
lfr,node_redistribution,weighted_slack,weighted_slack,node,spectral_kappa,auc_raw,7,7,233,15,40,False,46.62101192007349,6,226,6.028134968012482e-37,True,8.04578970095029,6.958541897736722e-08,False,54.37055935032911,6.0,91.50005892445178,4.650860921161449e-28,True,0.5531177593424403,0.5401854905533494,0.5401854905533494
lfr,node_redistribution,weighted_slack,weighted_slack,node,weighted_directed_community_assortativity,auc_abs_delta,7,7,280,40,40,True,0.753219361703464,6,273,0.6073351844942808,False,0.8083584464180327,0.5641468167077305,True,1.5580734226143635,6.0,119.89924472905608,0.16530043692363014,False,0.016284690495016924,0.0,-0.0053162698018196656
lfr,node_redistribution,weighted_slack,weighted_slack,node,weighted_directed_community_assortativity,auc_abs_marginal_delta,7,7,280,40,40,True,22.929438283449223,6,273,7.070418005116032e-22,True,0.5702048015315673,0.7539475704919286,True,27.07108742067752,6.0,120.96344451801622,2.809345386770348e-20,True,0.3350814920980446,0.31968926368919404,0.31968926368919404
lfr,node_redistribution,weighted_slack,weighted_slack,node,weighted_directed_community_assortativity,auc_raw,7,7,280,40,40,True,412.22590479737056,6,273,1.0823938238006274e-133,True,2.9079879889048037,0.009151839618088886,False,363.41936457771044,6.0,120.12145337702181,1.6604684624257878e-74,True,0.9005955321227836,0.8980838092274405,0.8980838092274405
lfr,node_redistribution,weighted_slack,weighted_slack,node,weighted_directed_community_assortativity_louvain_dynamic,auc_abs_delta,7,7,280,40,40,True,1.390597039868539,6,273,0.218399154389886,False,1.0736863126017544,0.37847316277737153,True,2.0556800450958517,6.0,120.35312871467514,0.0634424729838342,False,0.029656202472452854,0.008300462226287384,0.008300462226287384
lfr,node_redistribution,weighted_slack,weighted_slack,node,weighted_directed_community_assortativity_louvain_dynamic,auc_abs_marginal_delta,7,7,280,40,40,True,5.367055866347829,6,273,2.9423173553326352e-05,True,1.0819661268033371,0.3734087657667383,True,6.074234719233019,6.0,121.1399068969351,1.383292424756363e-05,True,0.10551143121885533,0.0855719639797531,0.0855719639797531
lfr,node_redistribution,weighted_slack,weighted_slack,node,weighted_directed_community_assortativity_louvain_dynamic,auc_raw,7,7,280,40,40,True,156.18284687510763,6,273,3.088400961818007e-85,True,1.5840213853883034,0.15177304194681976,True,157.87865609684994,6.0,120.64479525220152,1.126844258020617e-54,True,0.7743982658665269,0.7688046612160467,0.7688046612160467
lfr,node_redistribution,weighted_slack,weighted_slack,node,weighted_efficiency,auc_abs_delta,7,7,280,40,40,True,59.440140127365474,6,273,8.909552432412021e-47,True,1.5832620059635099,0.15199527673645932,True,41.302132302235556,6.0,121.07330654485654,4.5217512512701696e-27,True,0.5664194850056731,0.5560071884010817,0.5560071884010817
lfr,node_redistribution,weighted_slack,weighted_slack,node,weighted_efficiency,auc_abs_marginal_delta,7,7,280,40,40,True,74.2265170180892,6,273,1.6326950974444795e-54,True,8.93022819587814,6.565856687695468e-09,False,50.66853568319191,6.0,120.44680592669926,1.124588044155815e-30,True,0.6199672292051599,0.610764638718988,0.610764638718988
lfr,node_redistribution,weighted_slack,weighted_slack,node,weighted_efficiency,auc_raw,7,7,280,40,40,True,62.178579586964965,6,273,2.749612279854187e-48,True,4.947594912926694,7.953790903840596e-05,False,58.306059004049835,6.0,120.68862002329321,2.3471991537675554e-33,True,0.5774461348345274,0.5672811895953624,0.5672811895953624
lfr,node_redistribution,weighted_slack,weighted_slack,node,yuan_out_in_strength_assortativity,auc_abs_delta,7,7,280,40,40,True,6.346028203802321,6,273,2.8799645513441273e-06,True,3.066027992613339,0.00640372727027758,False,7.909470086451917,6.0,119.33833416209961,3.4679616437920354e-07,True,0.12240143408587872,0.1027831420216915,0.1027831420216915
lfr,node_redistribution,weighted_slack,weighted_slack,node,yuan_out_in_strength_assortativity,auc_abs_marginal_delta,7,7,280,40,40,True,5.775183021993602,6,273,1.1166323630816112e-05,True,1.5318986261983603,0.1677074256778279,True,7.675237765436472,6.0,120.8112573513683,5.360593148664526e-07,True,0.11263115373993747,0.09282681417745023,0.09282681417745023
lfr,node_redistribution,weighted_slack,weighted_slack,node,yuan_out_in_strength_assortativity,auc_raw,7,7,280,40,40,True,1.027092264877301,6,273,0.4078575893491671,False,0.3703180639259454,0.8974711219165172,True,0.9747174660571865,6.0,121.2608717053011,0.44538763681354687,False,0.022075144069397177,0.0005802116920383394,0.0005802116920383394
lfr,node_removal,out_degree,out_degree,node,community_assortativity,auc_abs_delta,7,7,280,40,40,True,2.8815667026174245,6,273,0.009711936640738994,True,0.711348602028042,0.640730903603093,True,2.69222747058003,6.0,121.01098199451532,0.017302552165691428,True,0.05955918542963459,0.0387566461647577,0.0387566461647577
lfr,node_removal,out_degree,out_degree,node,community_assortativity,auc_abs_marginal_delta,7,7,280,40,40,True,27.23328257492997,6,273,2.1280592911153543e-25,True,2.2356779735444214,0.04011241061733818,False,24.811106451314238,6.0,120.75923670118716,5.184239198274051e-19,True,0.3744266945036366,0.35985323512353407,0.35985323512353407
lfr,node_removal,out_degree,out_degree,node,community_assortativity,auc_raw,7,7,280,40,40,True,1088.6595843222578,6,273,1.9904633330697913e-187,True,3.293746035807448,0.00381002624999154,False,884.6794884840333,6.0,120.64686391920414,3.439175666142858e-97,True,0.9598821888656967,0.9588595726970243,0.9588595726970243
lfr,node_removal,out_degree,out_degree,node,community_assortativity_louvain_dynamic,auc_abs_delta,7,7,280,40,40,True,2.3212092113974103,6,273,0.033391050607152604,True,0.7947818344357355,0.5746779038895404,True,2.2175717717119077,6.0,119.78505969945746,0.04590648799465138,True,0.04853932490783166,0.027532146135298186,0.027532146135298186
lfr,node_removal,out_degree,out_degree,node,community_assortativity_louvain_dynamic,auc_abs_marginal_delta,7,7,280,40,40,True,7.384906943751497,6,273,2.462531453963844e-07,True,2.2414528156870666,0.03962080538644289,False,8.186890437100047,6.0,119.79294182156525,1.9884081636166313e-07,True,0.1396411068966444,0.12035282856336686,0.12035282856336686
lfr,node_removal,out_degree,out_degree,node,community_assortativity_louvain_dynamic,auc_raw,7,7,280,40,40,True,538.1369851871864,6,273,4.454709198844967e-148,True,2.49056507103613,0.02312017589791718,False,437.9760465560808,6.0,120.35507613298847,3.052143717131788e-79,True,0.9220405814662224,0.9200644488631101,0.9200644488631101
lfr,node_removal,out_degree,out_degree,node,gscc_ratio,auc_abs_delta,7,7,280,40,40,True,11.353523088647709,6,273,2.5057577289405573e-11,True,28.929571097002775,9.843323084913438e-27,False,5.919701447814381,6.0,116.90923435412006,2.0068144223266107e-05,True,0.19969779306279667,0.18157644043411372,0.18157644043411372
lfr,node_removal,out_degree,out_degree,node,gscc_ratio,auc_abs_marginal_delta,7,7,280,40,40,True,8.070496649589588,6,273,4.9027514749362496e-08,True,17.109913792099302,8.820556039296467e-17,False,5.443542666631752,6.0,120.05121469212473,5.204421924498198e-05,True,0.15065189151371114,0.13157554685158962,0.13157554685158962
lfr,node_removal,out_degree,out_degree,node,gscc_ratio,auc_raw,7,7,280,40,40,True,31.292676392423704,6,273,1.5154944562074803e-28,True,20.658740793870482,6.166850692404606e-20,False,19.69077549670513,6.0,114.01731338916575,1.1366835714910577e-15,True,0.4074955824239385,0.3936192174764879,0.3936192174764879
lfr,node_removal,out_degree,out_degree,node,reachability,auc_abs_delta,7,7,280,40,40,True,20.013244157034652,6,273,2.2526277250540993e-19,True,20.621849547423913,6.638741299552964e-20,False,10.786132427826256,6.0,112.96100282028479,1.8392509863944193e-09,True,0.30548394320182193,0.2894834039600055,0.2894834039600055
lfr,node_removal,out_degree,out_degree,node,reachability,auc_abs_marginal_delta,7,7,280,40,40,True,19.790945053090567,6,273,3.528544584986285e-19,True,20.629186245338232,6.542083357563917e-20,False,10.909771425803324,6.0,115.47025162706032,1.3382712310123976e-09,True,0.30311929222341316,0.28707043473477134,0.28707043473477134
lfr,node_removal,out_degree,out_degree,node,reachability,auc_raw,7,7,280,40,40,True,28.801327295463196,6,273,1.2389557042888087e-26,True,20.727166608530368,5.379116118078776e-20,False,17.0627609158217,6.0,113.17078706986305,5.807457571131492e-14,True,0.3876287052172454,0.3733325663318033,0.3733325663318033
lfr,node_removal,out_degree,out_degree,node,spectral_gamma,auc_abs_delta,7,7,232,15,40,False,34.30962565239593,6,225,2.7388561829145624e-29,True,6.723385904911033,1.4518285101373276e-06,False,30.153065266528554,6.0,89.6861700289493,1.5254521936350302e-19,True,0.4777858865115973,0.46278607273542516,0.46278607273542516
lfr,node_removal,out_degree,out_degree,node,spectral_gamma,auc_abs_marginal_delta,7,7,232,15,40,False,17.053348793998452,6,225,3.2038910777134126e-16,True,3.550745529340676,0.0022234599018426493,False,26.138603382273025,6.0,90.73116807270941,7.564697858237186e-18,True,0.312599486025953,0.2933725193396232,0.2933725193396232
lfr,node_removal,out_degree,out_degree,node,spectral_gamma,auc_raw,7,7,232,15,40,False,78.87884096234183,6,225,1.4004638188115088e-52,True,4.911747656088785,9.656779667022778e-05,False,78.97928665372032,6.0,88.62751011964693,2.047776872324317e-33,True,0.6777764781818513,0.6682268801835616,0.6682268801835616
lfr,node_removal,out_degree,out_degree,node,spectral_kappa,auc_abs_delta,7,7,232,15,40,False,42.94249591311961,6,225,9.675016093503702e-35,True,7.210514549212161,4.7320354075052885e-07,False,36.56152639708585,6.0,90.2478425401351,3.8528310629772034e-22,True,0.5338284873644256,0.5203192114991307,0.5203192114991307
lfr,node_removal,out_degree,out_degree,node,spectral_kappa,auc_abs_marginal_delta,7,7,232,15,40,False,24.255196330328392,6,225,4.371302617327856e-22,True,3.2007803732624405,0.004912858571329491,False,32.84128039640229,6.0,91.49725407509814,8.042268402896502e-21,True,0.39276365021313203,0.3755571167401233,0.3755571167401233
lfr,node_removal,out_degree,out_degree,node,spectral_kappa,auc_raw,7,7,232,15,40,False,86.8537377487422,6,225,8.584844452631644e-56,True,4.9066238204495995,9.772240788408139e-05,False,84.77394741157465,6.0,88.57862461088811,1.5032987076203862e-34,True,0.6984409099486087,0.6894752562987831,0.6894752562987831
lfr,node_removal,out_degree,out_degree,node,weighted_directed_community_assortativity,auc_abs_delta,7,7,280,40,40,True,1.3234650014463933,6,273,0.24668316310611796,False,1.0360484882991616,0.402093550284293,True,1.1396688177964878,6.0,121.06082515812841,0.3435490390992325,False,0.028264994942290393,0.006883679401687927,0.006883679401687927
lfr,node_removal,out_degree,out_degree,node,weighted_directed_community_assortativity,auc_abs_marginal_delta,7,7,280,40,40,True,5.883204405459414,6,273,8.640014239318619e-06,True,2.2107250287249016,0.04230399100728467,False,7.2511166971370224,6.0,120.69546238926903,1.2571366912410258e-06,True,0.11449664289201729,0.09472777145508421,0.09472777145508421
lfr,node_removal,out_degree,out_degree,node,weighted_directed_community_assortativity,auc_raw,7,7,280,40,40,True,1240.4218544918533,6,273,7.218213045569222e-195,True,3.008206232516029,0.007299901959443303,False,1067.2588647183813,6.0,120.56423534155908,5.9915699969929596e-102,True,0.9646168234554349,0.9637142654654683,0.9637142654654683
lfr,node_removal,out_degree,out_degree,node,weighted_directed_community_assortativity_louvain_dynamic,auc_abs_delta,7,7,280,40,40,True,1.6620273639602494,6,273,0.13042217701988484,False,0.42822384470398983,0.8598666706310152,True,1.1856931795346457,6.0,120.88362288220002,0.3184594455757265,False,0.03524079554795218,0.013987864603486505,0.013987864603486505
lfr,node_removal,out_degree,out_degree,node,weighted_directed_community_assortativity_louvain_dynamic,auc_abs_marginal_delta,7,7,280,40,40,True,6.203455613815048,6,273,4.039435530491025e-06,True,1.9668264486185714,0.07057060629023905,True,6.265211619096833,6.0,119.7316612549094,9.49849867786361e-06,True,0.11998145075930862,0.10031701073843553,0.10031701073843553
lfr,node_removal,out_degree,out_degree,node,weighted_directed_community_assortativity_louvain_dynamic,auc_raw,7,7,280,40,40,True,666.8497324647313,6,273,7.042839999372993e-160,True,2.6236284585101557,0.017256781803342745,False,531.4920479886019,6.0,120.56661636736747,3.381963491073011e-84,True,0.9361268799209485,0.9345044314438848,0.9345044314438848
lfr,node_removal,out_degree,out_degree,node,weighted_efficiency,auc_abs_delta,7,7,280,40,40,True,66.96716185433692,6,273,7.695366397837948e-51,True,4.733190068131647,0.00013209493420915906,False,47.98941150839631,6.0,120.72065509650722,1.0425682582667583e-29,True,0.5954374659251224,0.5856780571214946,0.5856780571214946
lfr,node_removal,out_degree,out_degree,node,weighted_efficiency,auc_abs_marginal_delta,7,7,280,40,40,True,83.07988623705036,6,273,1.045354833296189e-58,True,6.209604801684282,3.98090971003792e-06,False,60.30524233378244,6.0,120.52244630060291,5.497573358348586e-34,True,0.6461343890434303,0.6375307484809606,0.6375307484809606
lfr,node_removal,out_degree,out_degree,node,weighted_efficiency,auc_raw,7,7,280,40,40,True,89.07731428803055,6,273,2.1748871117822492e-61,True,4.696763251902428,0.00014397127877163567,False,72.67594200798514,6.0,120.65383565317809,1.0249212692843128e-37,True,0.6619043838055931,0.6536641834683755,0.6536641834683755
lfr,node_removal,out_degree,out_degree,node,yuan_out_in_strength_assortativity,auc_abs_delta,7,7,280,40,40,True,0.8102146797804726,6,273,0.5627128164359461,False,0.8394002123416234,0.5403645344182074,True,0.965802223668087,6.0,121.02134727268565,0.4514172905171213,False,0.017495377324048978,0.0,-0.004083434919069428
lfr,node_removal,out_degree,out_degree,node,yuan_out_in_strength_assortativity,auc_abs_marginal_delta,7,7,280,40,40,True,11.43058628386823,6,273,2.1045947724263344e-11,True,1.246855203515941,0.2825440160195507,True,11.577182796394355,6.0,120.99597133262037,3.25250188376807e-10,True,0.2007811095932306,0.18268105285038064,0.18268105285038064
lfr,node_removal,out_degree,out_degree,node,yuan_out_in_strength_assortativity,auc_raw,7,7,280,40,40,True,3.7632516736311974,6,273,0.0012880989711351947,True,0.49242617822028617,0.8138327017206584,True,3.504634296146849,6.0,121.19807669957221,0.0031253842776799126,True,0.07639064710065677,0.05590241227201163,0.05590241227201163
lfr,node_removal,out_strength,out_strength,node,community_assortativity,auc_abs_delta,7,7,280,40,40,True,2.2943161939367687,6,273,0.03537922256937744,True,2.196096265448291,0.04364113462204151,False,4.6298715528853,6.0,119.91205079474359,0.0002887499572706476,True,0.04800395479301424,0.026986857164679974,0.026986857164679974
lfr,node_removal,out_strength,out_strength,node,community_assortativity,auc_abs_marginal_delta,7,7,280,40,40,True,32.045433648664364,6,273,4.1137765134232297e-29,True,2.794184187389938,0.011812513796899066,False,36.07386434859873,6.0,119.71342962182923,1.1494337752717556e-24,True,0.41324720413393845,0.3994929170964608,0.3994929170964608
lfr,node_removal,out_strength,out_strength,node,community_assortativity,auc_raw,7,7,280,40,40,True,484.43827826536045,6,273,2.3075207347390393e-142,True,3.810295279851985,0.0011545102438169008,False,374.70158518196246,6.0,120.11100961311426,2.9491531267662773e-75,True,0.9141409445852176,0.9119671168646607,0.9119671168646607
lfr,node_removal,out_strength,out_strength,node,community_assortativity_louvain_dynamic,auc_abs_delta,7,7,280,40,40,True,1.4554861874368756,6,273,0.1936952270624963,False,1.397848967386148,0.21551258825323205,True,2.5846009028976424,6.0,120.1153788803305,0.021668923414014912,True,0.03099714869582792,0.00966607338266401,0.00966607338266401
lfr,node_removal,out_strength,out_strength,node,community_assortativity_louvain_dynamic,auc_abs_marginal_delta,7,7,280,40,40,True,11.15966733368849,6,273,3.88924023277609e-11,True,2.168578929364793,0.046265563665047194,False,10.429152534219103,6.0,121.0625293219204,2.6491006933780314e-09,True,0.19695963387792811,0.17878449335874796,0.17878449335874796
lfr,node_removal,out_strength,out_strength,node,community_assortativity_louvain_dynamic,auc_raw,7,7,280,40,40,True,184.50798195480849,6,273,5.363811418617289e-93,True,2.3380053770007927,0.032203913993412034,False,158.3416811497125,6.0,119.70612398424807,1.7498118061095101e-54,True,0.8021807781916901,0.7972554017301421,0.7972554017301421
lfr,node_removal,out_strength,out_strength,node,gscc_ratio,auc_abs_delta,7,7,280,40,40,True,6.149952455975402,6,273,4.586414447508133e-06,True,22.141513612474835,3.2819070105374294e-21,False,12.988068487015738,6.0,111.34399725335321,4.3294369289590415e-11,True,0.11906985705780447,0.09938804466934116,0.09938804466934116
lfr,node_removal,out_strength,out_strength,node,gscc_ratio,auc_abs_marginal_delta,7,7,280,40,40,True,14.614191786120246,6,273,1.812046640554423e-14,True,14.846250642772377,1.0959659939781717e-14,False,11.762765516676678,6.0,119.26117649972169,2.4989991733966125e-10,True,0.24310718237909573,0.22584601705337629,0.22584601705337629
lfr,node_removal,out_strength,out_strength,node,gscc_ratio,auc_raw,7,7,280,40,40,True,31.807853487441875,6,273,6.200277542872593e-29,True,20.438763094212465,9.577358920077616e-20,False,39.63751419617827,6.0,106.00781111104969,5.933003393295785e-25,True,0.41144401315719953,0.3976514268970032,0.3976514268970032
lfr,node_removal,out_strength,out_strength,node,reachability,auc_abs_delta,7,7,280,40,40,True,14.331195583408656,6,273,3.352778467732865e-14,True,23.165599556923567,4.4770113386182925e-22,False,8.224400415024261,6.0,104.67795542896823,2.6786077656600147e-07,True,0.23952714706210396,0.22219450966174872,0.22219450966174872
lfr,node_removal,out_strength,out_strength,node,reachability,auc_abs_marginal_delta,7,7,280,40,40,True,21.1045893386797,6,273,2.53700793911622e-20,True,19.475973881775502,6.679860279816994e-19,False,18.903936428042073,6.0,115.05456730546348,3.2216585803995847e-15,True,0.31686389103556073,0.30109646787339006,0.30109646787339006
lfr,node_removal,out_strength,out_strength,node,reachability,auc_raw,7,7,280,40,40,True,31.630405048219483,6,273,8.429969131363407e-29,True,19.835104508070447,3.2272360699238746e-19,False,29.55845800307369,6.0,104.66836630570738,1.7371283854584934e-20,True,0.4100899642423135,0.39626863435656606,0.39626863435656606
lfr,node_removal,out_strength,out_strength,node,spectral_gamma,auc_abs_delta,7,7,232,15,40,False,34.72916172844353,6,225,1.4399584269059747e-29,True,9.025363233921148,7.647156546424113e-09,False,28.792206721923453,6.0,91.36515233285624,4.2372508804276385e-19,True,0.48081911650882886,0.4658992441437645,0.4658992441437645
lfr,node_removal,out_strength,out_strength,node,spectral_gamma,auc_abs_marginal_delta,7,7,233,16,40,False,42.808442473357026,6,226,1.0433167350870285e-34,True,3.4565925125058623,0.0027510396641919894,False,44.68627976249674,6.0,89.44250576054073,7.437194721832685e-25,True,0.5319463736156226,0.5184464510501077,0.5184464510501077
lfr,node_removal,out_strength,out_strength,node,spectral_gamma,auc_raw,7,7,233,16,40,False,146.44383399773147,6,226,5.61051338606995e-75,True,5.565550749730862,2.110174608276634e-05,False,124.96812191478648,6.0,88.71521232737642,4.5212799872796606e-41,True,0.795412719368318,0.7892667122261166,0.7892667122261166
lfr,node_removal,out_strength,out_strength,node,spectral_kappa,auc_abs_delta,7,7,232,15,40,False,45.39102120270436,6,225,3.4869282688082646e-36,True,9.47304935667443,2.804455249030537e-09,False,35.91386309447324,6.0,90.85144664072754,5.827046276631126e-22,True,0.5475987693733885,0.5344601125006072,0.5344601125006072
lfr,node_removal,out_strength,out_strength,node,spectral_kappa,auc_abs_marginal_delta,7,7,233,16,40,False,70.65837176873102,6,226,4.057941226614403e-49,True,4.2273202698289225,0.0004699204983767171,False,68.30627984388454,6.0,88.89562088513685,3.6830158849951256e-31,True,0.6522810680641473,0.6420617290805726,0.6420617290805726
lfr,node_removal,out_strength,out_strength,node,spectral_kappa,auc_raw,7,7,233,16,40,False,153.77739971593255,6,226,6.927341342774745e-77,True,5.526147436581042,2.312348941313527e-05,False,128.3497090773736,6.0,88.8767247966821,1.4134054105056601e-41,True,0.8032497565560992,0.7973321602848378,0.7973321602848378
lfr,node_removal,out_strength,out_strength,node,weighted_directed_community_assortativity,auc_abs_delta,7,7,280,40,40,True,4.229491297425377,6,273,0.0004330026347857051,True,1.221623712888845,0.2952220541641027,True,5.95205776270367,6.0,120.1126472561373,1.8042590588550715e-05,True,0.085049961040811,0.06472424790200267,0.06472424790200267
lfr,node_removal,out_strength,out_strength,node,weighted_directed_community_assortativity,auc_abs_marginal_delta,7,7,280,40,40,True,25.549715353716884,6,273,4.8074322562314116e-24,True,2.962169555275176,0.008100052119504028,False,37.18404565506934,6.0,118.7080303759783,4.394056342626294e-25,True,0.35960334572093794,0.34472005818394796,0.34472005818394796
lfr,node_removal,out_strength,out_strength,node,weighted_directed_community_assortativity,auc_raw,7,7,280,40,40,True,588.3313462687944,6,273,5.802983198280246e-153,True,4.374883205991709,0.00030761888425198024,False,495.41622491490307,6.0,119.81823357195223,4.616455511028258e-82,True,0.9282143423990512,0.9263930395450352,0.9263930395450352
lfr,node_removal,out_strength,out_strength,node,weighted_directed_community_assortativity_louvain_dynamic,auc_abs_delta,7,7,280,40,40,True,1.6858399125975911,6,273,0.1244617618678362,False,1.176385001076194,0.31905428080628057,True,2.8648848130577926,6.0,120.24444072284248,0.01209150198090653,True,0.03572766566665495,0.01448370872299124,0.01448370872299124
lfr,node_removal,out_strength,out_strength,node,weighted_directed_community_assortativity_louvain_dynamic,auc_abs_marginal_delta,7,7,280,40,40,True,8.443719576417436,6,273,2.044234865442826e-08,True,1.6176352211414693,0.1422191206640261,True,8.303396416165302,6.0,121.06910982192018,1.5378279400599208e-07,True,0.15652831585808508,0.13756544895054829,0.13756544895054829
lfr,node_removal,out_strength,out_strength,node,weighted_directed_community_assortativity_louvain_dynamic,auc_raw,7,7,280,40,40,True,218.0935136971786,6,273,4.747039831775102e-101,True,2.5617013071062753,0.019780751843158813,False,192.6170195949969,6.0,119.6265906619646,5.178521138606603e-59,True,0.8273857373733735,0.8230716001092653,0.8230716001092653
lfr,node_removal,out_strength,out_strength,node,weighted_efficiency,auc_abs_delta,7,7,280,40,40,True,60.460580846580655,6,273,2.412607249810957e-47,True,3.2680668129100376,0.0040407981564807155,False,42.68049177894094,6.0,120.84397605559565,1.2680766899978642e-27,True,0.5705950303738041,0.5602762932220442,0.5602762932220442
lfr,node_removal,out_strength,out_strength,node,weighted_efficiency,auc_abs_marginal_delta,7,7,280,40,40,True,90.08097395590822,6,273,7.947089325102863e-62,True,7.267846230682156,3.246507924284089e-07,False,63.843533816276974,6.0,120.46163741085257,4.298347355728197e-35,True,0.6644071902389721,0.6562248415321189,0.6562248415321189
lfr,node_removal,out_strength,out_strength,node,weighted_efficiency,auc_raw,7,7,280,40,40,True,94.71606018767089,6,273,8.34968485133319e-64,True,9.503124872311192,1.7361052066339782e-09,False,103.49524323891788,6.0,119.49439263538996,6.220249495985334e-45,True,0.6755007954217161,0.6675754367195873,0.6675754367195873
lfr,node_removal,out_strength,out_strength,node,yuan_out_in_strength_assortativity,auc_abs_delta,7,7,280,40,40,True,3.932252938178067,6,273,0.0008687043096483005,True,3.1267533846530315,0.005578539582938845,False,4.476968860392465,6.0,120.67045886148455,0.0003970390874238563,True,0.07954832532306176,0.05911929053171648,0.05911929053171648
lfr,node_removal,out_strength,out_strength,node,yuan_out_in_strength_assortativity,auc_abs_marginal_delta,7,7,280,40,40,True,16.963957344424106,6,273,1.1983512714055492e-16,True,1.4537804620789083,0.19431279220725808,True,23.09286047074445,6.0,120.94807417027924,5.019501081291147e-18,True,0.2715799329025126,0.2548906001894085,0.2548906001894085
lfr,node_removal,out_strength,out_strength,node,yuan_out_in_strength_assortativity,auc_raw,7,7,280,40,40,True,8.64779499915845,6,273,1.2686708022126076e-08,True,1.2406252050333557,0.2856338554957773,True,12.814811181035731,6.0,120.97314867423853,3.633894481477138e-11,True,0.15970724199005426,0.14080586946092244,0.14080586946092244
lfr,node_removal,random,random,node,community_assortativity,auc_abs_delta,7,7,280,40,40,True,15.370627251277524,6,273,3.5389576388828285e-15,True,2.2710159306564917,0.037192551137089094,False,18.817617306843502,6.0,120.46309417147704,2.325977578234648e-15,True,0.2525130419278691,0.2354401109360576,0.2354401109360576
lfr,node_removal,random,random,node,community_assortativity,auc_abs_marginal_delta,7,7,280,40,40,True,88.75955143181598,6,273,2.9959693153616527e-61,True,2.6016237522355046,0.01811575482482008,False,104.40517253157554,6.0,120.47376791334104,2.5113585886386654e-45,True,0.6611041857747655,0.6528454989898027,0.6528454989898027
lfr,node_removal,random,random,node,community_assortativity,auc_raw,7,7,280,40,40,True,2093.240671944778,6,273,5.15410161978982e-225,True,4.641779477137458,0.0001639410006290083,False,1620.224370568646,6.0,120.73658309911208,7.808145600771921e-113,True,0.9787257985052363,0.9781820063804346,0.9781820063804346
lfr,node_removal,random,random,node,community_assortativity_louvain_dynamic,auc_abs_delta,7,7,280,40,40,True,11.450019695282927,6,273,2.0140607138353104e-11,True,3.0340097109163873,0.006885764377744147,False,18.70877556566265,6.0,117.71417431232273,3.426762956031401e-15,True,0.20105383205392133,0.1829591378789193,0.1829591378789193
lfr,node_removal,random,random,node,community_assortativity_louvain_dynamic,auc_abs_marginal_delta,7,7,280,40,40,True,25.310866676173106,6,273,7.523294701202657e-24,True,5.973998570146274,6.9644691332581466e-06,False,32.0015974432232,6.0,118.15650271865132,1.2418335977632898e-22,True,0.3574432550292435,0.34251495552466377,0.34251495552466377
lfr,node_removal,random,random,node,community_assortativity_louvain_dynamic,auc_raw,7,7,280,40,40,True,850.3001271302924,6,273,1.8859081995709453e-173,True,6.952653878294228,6.839972387442313e-07,False,810.6244885422576,6.0,119.42844579968246,3.0981030674231096e-94,True,0.9492074195772223,0.9479147363610421,0.9479147363610421
lfr,node_removal,random,random,node,gscc_ratio,auc_abs_delta,7,7,280,40,40,True,7.49007086101797,6,273,1.9214440240669403e-07,True,22.60246773391717,1.3342850995877768e-21,False,6.215842548843546,6.0,108.69096980401658,1.2319335522502846e-05,True,0.1413485722761696,0.12209309981896166,0.12209309981896166
lfr,node_removal,random,random,node,gscc_ratio,auc_abs_marginal_delta,7,7,280,40,40,True,14.449110402192723,6,273,2.593777643425039e-14,True,18.605552075013026,3.953298974934982e-18,False,11.36519382593656,6.0,119.00104023850912,5.147122630774249e-10,True,0.2410229327050063,0.22372014565806003,0.22372014565806003
lfr,node_removal,random,random,node,gscc_ratio,auc_raw,7,7,280,40,40,True,38.327381917196654,6,273,1.2101724946346296e-33,True,20.77982626471396,4.84252027994583e-20,False,28.495317789328215,6.0,107.72953927850605,3.4302851691728815e-20,True,0.45721792856486726,0.4444050804376619,0.4444050804376619
lfr,node_removal,random,random,node,reachability,auc_abs_delta,7,7,280,40,40,True,17.86799586570632,6,273,1.8135060465337652e-17,True,20.81983855406898,4.4711070619773e-20,False,10.042688811222332,6.0,105.17317230861079,9.375020703077317e-09,True,0.28197192638967705,0.2654928064993106,0.2654928064993106
lfr,node_removal,random,random,node,reachability,auc_abs_marginal_delta,7,7,280,40,40,True,20.972218789386705,6,273,3.3006831520085225e-20,True,19.87303274940953,2.989196564504688e-19,False,17.11999012199827,6.0,114.13165053489395,4.947114784733579e-14,True,0.31550351667718474,0.2997081756800675,0.2997081756800675
lfr,node_removal,random,random,node,reachability,auc_raw,7,7,280,40,40,True,32.823577745738675,6,273,1.0821605959263123e-29,True,19.8991393513193,2.8356974444477714e-19,False,21.767960501530006,6.0,105.3445031662146,1.657123898825509e-16,True,0.4190765883077208,0.40544628168731994,0.40544628168731994
lfr,node_removal,random,random,node,spectral_gamma,auc_abs_delta,7,7,232,15,40,False,85.22067345936357,6,225,3.755486044859778e-55,True,5.202111444986512,4.922680711816099e-05,False,69.42291812142102,6.0,87.30261013085925,4.138313613810611e-31,True,0.694428013284841,0.6853486565254722,0.6853486565254722
lfr,node_removal,random,random,node,spectral_gamma,auc_abs_marginal_delta,7,7,232,15,40,False,89.46357903162624,6,225,8.443562776560616e-57,True,1.7267793121838952,0.11574112555575515,True,105.6625857577291,6.0,86.68785465786408,1.0642796250850252e-37,True,0.7046397062368661,0.6958499808265071,0.6958499808265071
lfr,node_removal,random,random,node,spectral_gamma,auc_raw,7,7,232,15,40,False,167.65326270720445,6,225,4.0629797715115286e-80,True,1.5792251674151057,0.15415662588406207,True,170.5375607025776,6.0,86.45313092303496,1.042841730694556e-45,True,0.8172098288608738,0.8116760180826977,0.8116760180826977
lfr,node_removal,random,random,node,spectral_kappa,auc_abs_delta,7,7,232,15,40,False,104.61415014413184,6,225,2.8591671848045113e-62,True,5.526901402002447,2.3163331363598092e-05,False,86.3401542632405,6.0,87.55392438897478,1.287526000782444e-34,True,0.7361276131759741,0.7282369645228794,0.7282369645228794
lfr,node_removal,random,random,node,spectral_kappa,auc_abs_marginal_delta,7,7,232,15,40,False,133.28091700702473,6,225,3.3781076429851526e-71,True,2.1823291540778778,0.04565837312074974,False,141.87338089594888,6.0,87.22871539933529,8.418525966708339e-43,True,0.7804204318773069,0.7738098086225399,0.7738098086225399
lfr,node_removal,random,random,node,spectral_kappa,auc_raw,7,7,232,15,40,False,171.741125161624,6,225,4.452682153429602e-81,True,1.6818918990736693,0.12639923411273674,True,174.3013497342043,6.0,86.7782701314998,3.3732324738316066e-46,True,0.8207809293176286,0.8153523021799857,0.8153523021799857
lfr,node_removal,random,random,node,weighted_directed_community_assortativity,auc_abs_delta,7,7,280,40,40,True,9.871137610079916,6,273,7.419002231579735e-10,True,2.6814745125238706,0.015182423936523963,False,12.180766126493658,6.0,120.87255852535344,1.1121067684393033e-10,True,0.17827225583826437,0.15973151487723133,0.15973151487723133
lfr,node_removal,random,random,node,weighted_directed_community_assortativity,auc_abs_marginal_delta,7,7,280,40,40,True,58.948537492947835,6,273,1.6792773193378382e-46,True,2.0160558859591804,0.06372717525583685,True,100.8570755452212,6.0,120.0511938668362,1.7275866462356672e-44,True,0.56437877358434,0.5539207991654259,0.5539207991654259
lfr,node_removal,random,random,node,weighted_directed_community_assortativity,auc_raw,7,7,280,40,40,True,2105.493112039791,6,273,2.3638398783442212e-225,True,6.197026389089684,4.101547823776162e-06,False,2177.6513993237677,6.0,119.12612169894338,3.246575072800264e-119,True,0.9788469801482291,0.9783062759314288,0.9783062759314288
lfr,node_removal,random,random,node,weighted_directed_community_assortativity_louvain_dynamic,auc_abs_delta,7,7,280,40,40,True,8.646087127011542,6,273,1.273741043261024e-08,True,3.182847750272283,0.004909402703788049,False,11.189958589781124,6.0,119.40512942368188,6.955134983506726e-10,True,0.1596807375338175,0.1407788519811993,0.1407788519811993
lfr,node_removal,random,random,node,weighted_directed_community_assortativity_louvain_dynamic,auc_abs_marginal_delta,7,7,280,40,40,True,24.593714864107266,6,273,2.91110951843332e-23,True,6.300733557896062,3.206721497217494e-06,False,25.27328033232259,6.0,119.16988929946176,3.439442569820729e-19,True,0.35086904598775814,0.3358039673293441,0.3358039673293441
lfr,node_removal,random,random,node,weighted_directed_community_assortativity_louvain_dynamic,auc_raw,7,7,280,40,40,True,949.8277636195037,6,273,1.0828368907794916e-179,True,6.975090125744925,6.48630380509739e-07,False,1017.9869709126483,6.0,118.58259553930742,1.802713375085233e-99,True,0.9542864153266061,0.9531221217849993,0.9531221217849993
lfr,node_removal,random,random,node,weighted_efficiency,auc_abs_delta,7,7,280,40,40,True,87.98631156089374,6,273,6.55220380397519e-61,True,10.05201060377654,4.891384838892873e-10,False,58.96257106413213,6.0,120.24971339333355,1.628233076626232e-33,True,0.6591410799507796,0.6508370611299733,0.6508370611299733
lfr,node_removal,random,random,node,weighted_efficiency,auc_abs_marginal_delta,7,7,280,40,40,True,91.23636635883481,6,273,2.5166654165144144e-62,True,7.992727388485203,5.885164348680905e-08,False,65.13278056808187,6.0,120.33548846133151,1.8052140376022996e-35,True,0.6672428761153767,0.6591261301130273,0.6591261301130273
lfr,node_removal,random,random,node,weighted_efficiency,auc_raw,7,7,280,40,40,True,90.88254239755585,6,273,3.575281185827723e-62,True,4.08605059798426,0.0006062158906381702,False,74.71529021636697,6.0,120.72818546622953,2.7178062086803757e-38,True,0.6663795878847366,0.6582428636059098,0.6582428636059098
lfr,node_removal,random,random,node,yuan_out_in_strength_assortativity,auc_abs_delta,7,7,280,40,40,True,3.511444844935837,6,273,0.002309039640794018,True,2.1396281278423936,0.0491874753944008,False,4.789259455436264,6.0,120.15965432065842,0.00020576810993396024,True,0.07164540559955886,0.051068346622934385,0.051068346622934385
lfr,node_removal,random,random,node,yuan_out_in_strength_assortativity,auc_abs_marginal_delta,7,7,280,40,40,True,38.971566351393605,6,273,4.33248893226257e-34,True,2.860568625253951,0.010180763442970015,False,51.175610420572134,6.0,120.3636207919111,7.517505141669679e-31,True,0.4613572120738904,0.44863373203090334,0.44863373203090334
lfr,node_removal,random,random,node,yuan_out_in_strength_assortativity,auc_raw,7,7,280,40,40,True,13.728977345895352,6,273,1.2516628086165462e-13,True,0.9689549126584499,0.4465813518962295,True,12.131348993929883,6.0,121.17712184916957,1.1985550998130127e-10,True,0.23179494161647518,0.21430826380471943,0.21430826380471943
lfr,node_removal,weighted_betweenness,weighted_betweenness,node,community_assortativity,auc_abs_delta,7,7,280,40,40,True,1.6851567773864462,6,273,0.12462928775769058,False,1.34898813225833,0.23559285667600507,True,1.3712787385541019,6.0,121.06908551988691,0.23156774301075958,False,0.03571370516658031,0.014469490878127876,0.014469490878127876
lfr,node_removal,weighted_betweenness,weighted_betweenness,node,community_assortativity,auc_abs_marginal_delta,7,7,280,40,40,True,112.84204846129664,6,273,5.763485795110615e-71,True,1.1127634383609297,0.3549920374864357,True,90.98071910857259,6.0,121.09997832548194,1.768914559656484e-42,True,0.7126473956718988,0.7055892691515864,0.7055892691515864
lfr,node_removal,weighted_betweenness,weighted_betweenness,node,community_assortativity,auc_raw,7,7,280,40,40,True,1180.6987194540568,6,273,4.743739933518042e-192,True,1.8989457383537467,0.08113235486812422,True,937.6103286432545,6.0,121.10303297587198,5.82983138537023e-99,True,0.9628934533382502,0.9619471756176322,0.9619471756176322
lfr,node_removal,weighted_betweenness,weighted_betweenness,node,community_assortativity_louvain_dynamic,auc_abs_delta,7,7,280,40,40,True,17.877902582878193,6,273,1.7765960388819344e-17,True,3.7651832821979645,0.001282324356244418,False,26.450213677618745,6.0,120.13889276147532,6.810640703689133e-20,True,0.2820841626858756,0.26560731754427747,0.26560731754427747
lfr,node_removal,weighted_betweenness,weighted_betweenness,node,community_assortativity_louvain_dynamic,auc_abs_marginal_delta,7,7,280,40,40,True,24.16486024365929,6,273,6.578565707839146e-23,True,1.8088658355944112,0.09740710723187301,True,31.088256928268443,6.0,120.81549746004364,2.302908137379033e-22,True,0.3468730168859948,0.33172495674348373,0.33172495674348373
lfr,node_removal,weighted_betweenness,weighted_betweenness,node,community_assortativity_louvain_dynamic,auc_raw,7,7,280,40,40,True,423.4994659375862,6,273,3.929093063724373e-135,True,0.44506422259705014,0.8481781629225533,True,428.09094362280894,6.0,121.23500649288795,4.460999169906187e-79,True,0.9029849641533387,0.9005327464545901,0.9005327464545901
lfr,node_removal,weighted_betweenness,weighted_betweenness,node,gscc_ratio,auc_abs_delta,7,7,280,40,40,True,0.4182025129509859,6,273,0.8666733968404225,False,19.63734729797025,4.815168747908058e-19,False,1.6407080129767821,6.0,116.06107340436454,0.14207721935198667,False,0.00910755408670518,0.0,-0.012624479518026572
lfr,node_removal,weighted_betweenness,weighted_betweenness,node,gscc_ratio,auc_abs_marginal_delta,7,7,280,40,40,True,30.46607163447715,6,273,6.434572521076132e-28,True,14.25067590360416,3.996014529165169e-14,False,18.03491084899497,6.0,117.56559726589121,9.494881379485734e-15,True,0.40104840199016056,0.38703548948842204,0.38703548948842204
lfr,node_removal,weighted_betweenness,weighted_betweenness,node,gscc_ratio,auc_raw,7,7,280,40,40,True,45.817319054339265,6,273,1.2274350879467264e-38,True,16.849802821434327,1.5235615281715463e-16,False,32.925662462176476,6.0,112.9229070780286,1.098073057393331e-22,True,0.5017374527506137,0.4898925063345662,0.4898925063345662
lfr,node_removal,weighted_betweenness,weighted_betweenness,node,reachability,auc_abs_delta,7,7,280,40,40,True,7.071060449122158,6,273,5.168971669669283e-07,True,23.23011509293758,3.952587703953507e-22,False,4.005203128258767,6.0,109.09556378417226,0.001157662697162187,True,0.13450480908532322,0.11511797684782257,0.11511797684782257
lfr,node_removal,weighted_betweenness,weighted_betweenness,node,reachability,auc_abs_marginal_delta,7,7,280,40,40,True,27.07052246017671,6,273,2.868087884236685e-25,True,17.948404490291345,1.534865818635547e-17,False,14.51840862406049,6.0,113.93993603393363,2.988658241933104e-12,True,0.37302366777132895,0.3584208129724867,0.3584208129724867
lfr,node_removal,weighted_betweenness,weighted_betweenness,node,reachability,auc_raw,7,7,280,40,40,True,40.67015794730357,6,273,2.992038596040263e-35,True,15.770274311594987,1.503397216767295e-15,False,26.825114875805237,6.0,109.19735550064344,1.9013441706264563e-19,True,0.47197497272982775,0.459481317788522,0.459481317788522
lfr,node_removal,weighted_betweenness,weighted_betweenness,node,spectral_gamma,auc_abs_delta,7,7,226,12,40,False,41.15820886476349,6,219,2.191124895364488e-33,True,6.3312315286371526,3.6946296658267347e-06,False,31.921030415310415,6.0,79.60398056121727,2.8409357056348254e-19,True,0.5299917351485367,0.5160073638478905,0.5160073638478905
lfr,node_removal,weighted_betweenness,weighted_betweenness,node,spectral_gamma,auc_abs_marginal_delta,7,7,226,12,40,False,46.011709076749185,6,219,3.17073555176047e-36,True,3.8409786453427217,0.0011565304896154868,False,33.36511237418746,6.0,77.40949628949122,1.4632633910748582e-19,True,0.5576385411426987,0.5444193680877158,0.5444193680877158
lfr,node_removal,weighted_betweenness,weighted_betweenness,node,spectral_gamma,auc_raw,7,7,226,12,40,False,95.61836819351977,6,219,2.1745129578842025e-58,True,4.9092412212075764,9.87668064343213e-05,False,80.59651197915005,6.0,77.25785867540881,3.3509639382284443e-31,True,0.7237325854150972,0.7152613165466755,0.7152613165466755
lfr,node_removal,weighted_betweenness,weighted_betweenness,node,spectral_kappa,auc_abs_delta,7,7,226,12,40,False,48.36927295248273,6,219,1.513795884025592e-37,True,6.286857830856422,4.09235713440651e-06,False,35.95934929695712,6.0,79.48208886650282,1.0385989789535666e-20,True,0.5699267976475314,0.5570500327818516,0.5570500327818516
lfr,node_removal,weighted_betweenness,weighted_betweenness,node,spectral_kappa,auc_abs_marginal_delta,7,7,226,12,40,False,80.77663528103726,6,219,9.156238291186439e-53,True,3.4213881113911357,0.0030060668676019234,False,61.552255195658866,6.0,77.89617843968328,1.5475519552375018e-27,True,0.6887700613806594,0.6792778639394932,0.6792778639394932
lfr,node_removal,weighted_betweenness,weighted_betweenness,node,spectral_kappa,auc_raw,7,7,226,12,40,False,112.68086412768888,6,219,3.961955271459266e-64,True,4.254486510752033,0.0004476777028208975,False,96.43643176253015,6.0,77.39675424811477,7.615667706311065e-34,True,0.7553305498434542,0.7477918351490398,0.7477918351490398
lfr,node_removal,weighted_betweenness,weighted_betweenness,node,weighted_directed_community_assortativity,auc_abs_delta,7,7,280,40,40,True,23.570081146201055,6,273,2.0536745575061498e-22,True,6.062945479530964,5.638643442348958e-06,False,22.757449143303635,6.0,120.35763086760028,8.437033965217527e-18,True,0.3412487831932631,0.325984132114397,0.325984132114397
lfr,node_removal,weighted_betweenness,weighted_betweenness,node,weighted_directed_community_assortativity,auc_abs_marginal_delta,7,7,280,40,40,True,71.55834247935672,6,273,3.442602069684683e-53,True,0.9652631621553136,0.4491151676162439,True,64.36863228887982,6.0,121.23463626797678,2.3068924340849025e-35,True,0.6113049353315084,0.6019051991837723,0.6019051991837723
lfr,node_removal,weighted_betweenness,weighted_betweenness,node,weighted_directed_community_assortativity,auc_raw,7,7,280,40,40,True,849.1687027660724,6,273,2.2406994139296798e-173,True,1.3847971452011474,0.22073102335975758,True,770.8047401792246,6.0,121.18674408600074,5.563237486707824e-94,True,0.9491431857856136,0.9478488800724874,0.9478488800724874
lfr,node_removal,weighted_betweenness,weighted_betweenness,node,weighted_directed_community_assortativity_louvain_dynamic,auc_abs_delta,7,7,280,40,40,True,10.720503325189448,6,273,1.0570055112275118e-10,True,0.632533976559828,0.7041820979233717,True,11.82703964606914,6.0,121.22707441555704,2.0578235313235153e-10,True,0.19068671909926066,0.17238856510432005,0.17238856510432005
lfr,node_removal,weighted_betweenness,weighted_betweenness,node,weighted_directed_community_assortativity_louvain_dynamic,auc_abs_marginal_delta,7,7,280,40,40,True,16.623457272124103,6,273,2.455281670494183e-16,True,0.9106796703640371,0.48757046443250296,True,18.16281738919269,6.0,120.88608409749197,6.041114954726544e-15,True,0.26758744606416723,0.2508175659993301,0.2508175659993301
lfr,node_removal,weighted_betweenness,weighted_betweenness,node,weighted_directed_community_assortativity_louvain_dynamic,auc_raw,7,7,280,40,40,True,416.3891860292127,6,273,3.151249171909051e-134,True,0.4126220054838446,0.8704130324158199,True,392.9798307808853,6.0,121.28101455863427,5.9258927912346035e-77,True,0.9014915235596741,0.8990021089563339,0.8990021089563339
lfr,node_removal,weighted_betweenness,weighted_betweenness,node,weighted_efficiency,auc_abs_delta,7,7,280,40,40,True,79.28506797030134,6,273,6.036192954306998e-57,True,4.846315443532182,0.0001010861818670851,False,59.18017027612183,6.0,120.67241319545485,1.2172819820331262e-33,True,0.6353730398990612,0.6265224584336428,0.6265224584336428
lfr,node_removal,weighted_betweenness,weighted_betweenness,node,weighted_efficiency,auc_abs_marginal_delta,7,7,280,40,40,True,93.0046821774932,6,273,4.41114201813751e-63,True,7.374667617173041,2.522769022773907e-07,False,67.72342590104307,6.0,120.38804804677002,2.976166680409791e-36,True,0.671491250081409,0.663472901535622,0.663472901535622
lfr,node_removal,weighted_betweenness,weighted_betweenness,node,weighted_efficiency,auc_raw,7,7,280,40,40,True,92.40421819140538,6,273,7.948430279883943e-63,True,9.189247264832971,3.5947078535025826e-09,False,65.45402285992921,6.0,120.20083464178327,1.5082300343131836e-35,True,0.6700608538540287,0.6620093605205978,0.6620093605205978
lfr,node_removal,weighted_betweenness,weighted_betweenness,node,yuan_out_in_strength_assortativity,auc_abs_delta,7,7,280,40,40,True,4.7466825413737235,6,273,0.000127948079445771,True,4.49240641361415,0.00023322202881651354,False,5.101729634184379,6.0,119.92158744226823,0.00010671768317307534,True,0.09446758076944183,0.07431925472581316,0.07431925472581316
lfr,node_removal,weighted_betweenness,weighted_betweenness,node,yuan_out_in_strength_assortativity,auc_abs_marginal_delta,7,7,280,40,40,True,25.09400935452783,6,273,1.1311567358403607e-23,True,3.1641350795905097,0.005123370422383545,False,20.69263463167442,6.0,120.717294357271,1.4624835684916565e-16,True,0.3554693887480459,0.34049998826058575,0.34049998826058575
lfr,node_removal,weighted_betweenness,weighted_betweenness,node,yuan_out_in_strength_assortativity,auc_raw,7,7,280,40,40,True,19.260708034505765,6,273,1.0348700121946311e-18,True,10.10019613803498,4.378229128986027e-10,False,20.144955623643796,6.0,119.23190945248821,3.6797384143809746e-16,True,0.2974134875771167,0.28124821184516524,0.28124821184516524
lfr,node_removal,weighted_slack,weighted_slack,node,community_assortativity,auc_abs_delta,7,7,280,40,40,True,2.59413902790293,6,273,0.018417235839273304,True,2.386327550698221,0.029009338911189,False,3.5218153536793326,6.0,119.61828728013884,0.00303299849003569,True,0.05393877674778377,0.033031753302914836,0.033031753302914836
lfr,node_removal,weighted_slack,weighted_slack,node,community_assortativity,auc_abs_marginal_delta,7,7,280,40,40,True,30.049454355587894,6,273,1.341143771927532e-27,True,1.3472980886064763,0.23631428551443295,True,35.76677348730819,6.0,120.6459456146548,1.3405592879369189e-24,True,0.3977454848866864,0.3836627387059308,0.3836627387059308
lfr,node_removal,weighted_slack,weighted_slack,node,community_assortativity,auc_raw,7,7,280,40,40,True,340.7433896924184,6,273,1.2098171218977835e-123,True,7.005648152126253,6.033902837118125e-07,False,299.08913870804946,6.0,119.56018294264771,1.662441112160725e-69,True,0.8821986311889157,0.8792301962677185,0.8792301962677185
lfr,node_removal,weighted_slack,weighted_slack,node,community_assortativity_louvain_dynamic,auc_abs_delta,7,7,280,40,40,True,2.4391587152066725,6,273,0.025864428026675934,True,1.0686895141861832,0.38155257753087973,True,2.7180282734763423,6.0,121.09028152218985,0.016395311745254534,True,0.050880298707306114,0.029916516425658488,0.029916516425658488
lfr,node_removal,weighted_slack,weighted_slack,node,community_assortativity_louvain_dynamic,auc_abs_marginal_delta,7,7,280,40,40,True,3.915733639110412,6,273,0.0009028674190475895,True,1.9122293306093094,0.07895677979496461,True,4.50387712375368,6.0,121.05500646637975,0.0003740273148914848,True,0.07924062541917384,0.05880581861969056,0.05880581861969056
lfr,node_removal,weighted_slack,weighted_slack,node,community_assortativity_louvain_dynamic,auc_raw,7,7,280,40,40,True,76.00794676898403,6,273,2.2132423045573422e-55,True,0.40318660905115755,0.8766499801237707,True,76.41156382919299,6.0,121.20693115519275,7.861657334516667e-39,True,0.6255388951102393,0.6164634072057524,0.6164634072057524
lfr,node_removal,weighted_slack,weighted_slack,node,gscc_ratio,auc_abs_delta,7,7,280,40,40,True,1.0221608996687865,6,273,0.41105460561637186,False,20.704956128211382,5.623027927784829e-20,False,4.837258635902301,6.0,118.83464701081607,0.00018794636635471328,True,0.021971483695119153,0.0004746510208956557,0.0004746510208956557
lfr,node_removal,weighted_slack,weighted_slack,node,gscc_ratio,auc_abs_marginal_delta,7,7,280,40,40,True,13.062254120222935,6,273,5.448067194304111e-13,True,14.129401662282575,5.2069681484668624e-14,False,7.9027527102206765,6.0,119.60768723308571,3.4947616173859227e-07,True,0.22304903246052193,0.20538865619535898,0.20538865619535898
lfr,node_removal,weighted_slack,weighted_slack,node,gscc_ratio,auc_raw,7,7,280,40,40,True,48.29856257735715,6,273,3.326026367471594e-40,True,17.52857034404251,3.674725763156673e-17,False,34.759743494924045,6.0,116.51169877549236,8.225106212623318e-24,True,0.514917939574229,0.5033623922155792,0.5033623922155792
lfr,node_removal,weighted_slack,weighted_slack,node,reachability,auc_abs_delta,7,7,280,40,40,True,8.694103503788853,6,273,1.138653930786275e-08,True,23.86756243865803,1.1608281951138648e-22,False,6.97210028305226,6.0,115.18865316037302,2.424554394062735e-06,True,0.1604252666192924,0.1415377942524169,0.1415377942524169
lfr,node_removal,weighted_slack,weighted_slack,node,reachability,auc_abs_marginal_delta,7,7,280,40,40,True,20.37875348285269,6,273,1.0801877643929166e-19,True,17.719577826168088,2.4686208201418465e-17,False,11.07273942793671,6.0,115.87223260199585,9.82809527640806e-10,True,0.3093372658934265,0.2934155530993882,0.2934155530993882
lfr,node_removal,weighted_slack,weighted_slack,node,reachability,auc_raw,7,7,280,40,40,True,40.3880449591017,6,273,4.6474881183166087e-35,True,17.37212215963974,5.0941690517047564e-17,False,28.022277264113935,6.0,114.87210223296243,2.026385661973514e-20,True,0.4702405902746273,0.45770933647876283,0.45770933647876283
lfr,node_removal,weighted_slack,weighted_slack,node,spectral_gamma,auc_abs_delta,7,7,232,15,40,False,32.25563645904643,6,225,6.7230342997456825e-28,True,9.325687371364802,3.899005530050461e-09,False,36.8772237809042,6.0,92.69452015029209,1.609963959475351e-22,True,0.4624090338274491,0.4470052481373794,0.4470052481373794
lfr,node_removal,weighted_slack,weighted_slack,node,spectral_gamma,auc_abs_marginal_delta,7,7,233,15,40,False,33.44879394779877,6,226,9.576603749673504e-29,True,2.692060449372349,0.015230740481953855,False,48.34069166187341,6.0,93.16438945158426,1.647083829333105e-26,True,0.47034489629664356,0.45521640817231557,0.45521640817231557
lfr,node_removal,weighted_slack,weighted_slack,node,spectral_gamma,auc_raw,7,7,233,15,40,False,59.66348262260289,6,226,6.419663275547215e-44,True,10.40456662987273,3.5070007421443093e-10,False,67.0813001923618,6.0,91.50803483298456,2.3445445482437913e-31,True,0.6130010388176882,0.6016963943634419,0.6016963943634419
lfr,node_removal,weighted_slack,weighted_slack,node,spectral_kappa,auc_abs_delta,7,7,232,15,40,False,37.88834590331976,6,225,1.2721580720602152e-31,True,11.40337834597694,3.992114107059381e-11,False,38.98181595492892,6.0,92.31019924431263,2.948427267293907e-23,True,0.5025756361853184,0.4882316162564354,0.4882316162564354
lfr,node_removal,weighted_slack,weighted_slack,node,spectral_kappa,auc_abs_marginal_delta,7,7,233,15,40,False,50.31535022863127,6,226,5.05288384037531e-39,True,3.207810415373204,0.004830654956614122,False,65.19160981683528,6.0,93.68358904549251,2.777847787638046e-31,True,0.5718822096168643,0.5594564573839016,0.5594564573839016
lfr,node_removal,weighted_slack,weighted_slack,node,spectral_kappa,auc_raw,7,7,233,15,40,False,62.267201119450114,6,226,3.356621222729501e-45,True,10.654458073042559,2.0227937682350767e-10,False,71.86798765498806,6.0,92.28576865193614,1.2852260524713685e-32,True,0.6230840704846662,0.6120566833571635,0.6120566833571635
lfr,node_removal,weighted_slack,weighted_slack,node,weighted_directed_community_assortativity,auc_abs_delta,7,7,280,40,40,True,2.5360352316640182,6,273,0.020928150545338232,True,0.9264189033851014,0.4762954031826129,True,2.6267859703208045,6.0,120.11404555393304,0.019857664105642967,True,0.052794432751026334,0.031866164575251994,0.031866164575251994
lfr,node_removal,weighted_slack,weighted_slack,node,weighted_directed_community_assortativity,auc_abs_marginal_delta,7,7,280,40,40,True,16.141614314182814,6,273,6.814304766740287e-16,True,0.814207156052139,0.559633419126704,True,17.087778725382837,6.0,120.78962795181829,3.1909705202549266e-14,True,0.261862290495998,0.24497711429434912,0.24497711429434912
lfr,node_removal,weighted_slack,weighted_slack,node,weighted_directed_community_assortativity,auc_raw,7,7,280,40,40,True,364.80522351173425,6,273,3.212641272844525e-127,True,3.783068813973564,0.0012300564808635844,False,347.7487522934685,6.0,119.58238288653769,3.414350635960231e-73,True,0.889106944311912,0.8863097138116222,0.8863097138116222
lfr,node_removal,weighted_slack,weighted_slack,node,weighted_directed_community_assortativity_louvain_dynamic,auc_abs_delta,7,7,280,40,40,True,2.980346016229262,6,273,0.007774387593392809,True,1.2884144484658104,0.26260483765702197,True,3.318089651173193,6.0,121.02741545965853,0.004644508472678105,True,0.06147534539525692,0.04070848150816756,0.04070848150816756
lfr,node_removal,weighted_slack,weighted_slack,node,weighted_directed_community_assortativity_louvain_dynamic,auc_abs_marginal_delta,7,7,280,40,40,True,1.7624051494045034,6,273,0.10692329836407921,False,3.133311439082952,0.005495916531705044,False,2.5403789873679252,6.0,120.89950270985545,0.023704976827223116,True,0.037289789714112974,0.016074637774087026,0.016074637774087026
lfr,node_removal,weighted_slack,weighted_slack,node,weighted_directed_community_assortativity_louvain_dynamic,auc_raw,7,7,280,40,40,True,77.4564603752308,6,273,4.451862408541062e-56,True,0.3671154325633842,0.89941978812832,True,82.23179844453315,6.0,121.24822280258358,2.298365267612208e-40,True,0.6299503103688412,0.6209756218197209,0.6209756218197209
lfr,node_removal,weighted_slack,weighted_slack,node,weighted_efficiency,auc_abs_delta,7,7,280,40,40,True,61.26226092107335,6,273,8.71957872999584e-48,True,5.937542878023554,7.594167292067601e-06,False,42.87350616150329,6.0,120.63049833683881,1.107173151240379e-27,True,0.5738194413694836,0.5635730412766503,0.5635730412766503
lfr,node_removal,weighted_slack,weighted_slack,node,weighted_efficiency,auc_abs_marginal_delta,7,7,280,40,40,True,81.41907165837162,6,273,6.078362910075254e-58,True,8.064278112732646,4.974854552848064e-08,False,61.91553201042067,6.0,120.29344752009948,1.810910611843989e-34,True,0.6415038385840668,0.632793834448122,0.632793834448122
lfr,node_removal,weighted_slack,weighted_slack,node,weighted_efficiency,auc_raw,7,7,280,40,40,True,100.94620869291752,6,273,2.300826967706054e-66,True,5.325092104395388,3.2503684095189774e-05,False,80.08807685657271,6.0,120.66686619422599,1.028376413522092e-39,True,0.6893057156883537,0.6817014429857436,0.6817014429857436
lfr,node_removal,weighted_slack,weighted_slack,node,yuan_out_in_strength_assortativity,auc_abs_delta,7,7,280,40,40,True,8.48960454801405,6,273,1.8361687286794416e-08,True,3.6608049673115186,0.0016341767958794958,False,13.684547908344133,6.0,120.50535883453496,8.314748931920767e-12,True,0.15724517004869099,0.13829616367649333,0.13829616367649333
lfr,node_removal,weighted_slack,weighted_slack,node,yuan_out_in_strength_assortativity,auc_abs_marginal_delta,7,7,280,40,40,True,14.986862448534557,6,273,8.087467230721478e-15,True,5.745647494540161,1.1977557737575226e-05,False,17.49335475298588,6.0,120.54902035134548,1.729247366832032e-14,True,0.24777053796245738,0.23060261542191332,0.23060261542191332
lfr,node_removal,weighted_slack,weighted_slack,node,yuan_out_in_strength_assortativity,auc_raw,7,7,280,40,40,True,18.181150268110102,6,273,9.480140204347432e-18,True,2.091211691422577,0.05446651131301506,True,18.071867232538487,6.0,121.12889435750512,6.81176238236277e-15,True,0.28550285589321006,0.2690953441001963,0.2690953441001963
null,edge_weakening,edge_weight,edge_weight,edge,community_assortativity,auc_abs_delta,7,7,280,40,40,True,,6,273,,False,,,False,,6.0,,,False,,,
null,edge_weakening,edge_weight,edge_weight,edge,community_assortativity,auc_abs_marginal_delta,7,7,280,40,40,True,,6,273,,False,,,False,,6.0,,,False,,,
null,edge_weakening,edge_weight,edge_weight,edge,community_assortativity,auc_raw,7,7,280,40,40,True,1.6124993517562118,6,273,0.1436434577245728,False,0.4330496698363823,0.8565484361640007,True,1.6857961232515954,6.0,121.25404225476265,0.130090486038379,False,0.03422657201259484,0.012954952536970396,0.012954952536970396
null,edge_weakening,edge_weight,edge_weight,edge,community_assortativity_louvain_dynamic,auc_abs_delta,7,7,280,40,40,True,4.90519192189477,6,273,8.793768451984965e-05,True,4.114097918158538,0.0005676523363559759,False,3.5854850471644624,6.0,120.83937388600938,0.0026363261657953,True,0.09731521168485172,0.077220652570164,0.077220652570164
null,edge_weakening,edge_weight,edge_weight,edge,community_assortativity_louvain_dynamic,auc_abs_marginal_delta,7,7,280,40,40,True,0.6341073081578232,6,273,0.702916122626659,False,0.27578852232056245,0.9480330848082162,True,0.6404043907432042,6.0,121.28615553872645,0.6976838071012321,False,0.013744870013897428,0.0,-0.007902517829207891
null,edge_weakening,edge_weight,edge_weight,edge,community_assortativity_louvain_dynamic,auc_raw,7,7,280,40,40,True,8.461578473047394,6,273,1.9605780758756126e-08,True,0.4005413341605657,0.8783786369061118,True,8.414992458666429,6.0,121.24925418198548,1.2304847576700001e-07,True,0.15680746769247622,0.13784999779297882,0.13784999779297882
null,edge_weakening,edge_weight,edge_weight,edge,gscc_ratio,auc_abs_delta,7,7,280,40,40,True,,6,273,,False,,,False,,6.0,,,False,,,
null,edge_weakening,edge_weight,edge_weight,edge,gscc_ratio,auc_abs_marginal_delta,7,7,280,40,40,True,,6,273,,False,,,False,,6.0,,,False,,,
null,edge_weakening,edge_weight,edge_weight,edge,gscc_ratio,auc_raw,7,7,280,40,40,True,0.11493015413421233,6,273,0.9946250904095179,False,0.5928807781317254,0.7359559907266244,True,0.1161294382303346,6.0,121.30281280953892,0.9943569195498869,False,0.0025195731692715974,0.0,-0.019332437208990194
null,edge_weakening,edge_weight,edge_weight,edge,reachability,auc_abs_delta,7,7,280,40,40,True,,6,273,,False,,,False,,6.0,,,False,,,
null,edge_weakening,edge_weight,edge_weight,edge,reachability,auc_abs_marginal_delta,7,7,280,40,40,True,,6,273,,False,,,False,,6.0,,,False,,,
null,edge_weakening,edge_weight,edge_weight,edge,reachability,auc_raw,7,7,280,40,40,True,0.11493015413421233,6,273,0.9946250904095179,False,0.5928807781317254,0.7359559907266244,True,0.1161294382303346,6.0,121.30281280953892,0.9943569195498869,False,0.0025195731692715974,0.0,-0.019332437208990194
null,edge_weakening,edge_weight,edge_weight,edge,spectral_gamma,auc_abs_delta,7,7,280,40,40,True,1.2156046076703306,6,273,0.2983111205786749,False,1.5199853968724364,0.17154838337530717,True,1.0494141379250932,6.0,120.98596591877822,0.3969996313857928,False,0.02602138231709278,0.004598851587387813,0.004598851587387813
null,edge_weakening,edge_weight,edge_weight,edge,spectral_gamma,auc_abs_marginal_delta,7,7,280,40,40,True,0.6924906076577108,6,273,0.6558798594945897,False,0.8662651704618587,0.5201504395731686,True,0.8311837629546841,6.0,121.04401622254952,0.548034041464863,False,0.0149914109100432,0.0,-0.0066331963396712495
null,edge_weakening,edge_weight,edge_weight,edge,spectral_gamma,auc_raw,7,7,280,40,40,True,16.64530328920194,6,273,2.3446127776918654e-16,True,2.8273519383824595,0.010967746107267726,False,14.265778225415096,6.0,120.19305343865356,3.1703650473265825e-12,True,0.2678449119757399,0.25108022263270563,0.25108022263270563
null,edge_weakening,edge_weight,edge_weight,edge,spectral_kappa,auc_abs_delta,7,7,280,40,40,True,4.120858726819697,6,273,0.0005587267363777178,True,1.9500339465898677,0.07305742347642974,True,3.3507150938764734,6.0,121.02228918358408,0.004334541672625382,True,0.08304690472017964,0.06268354777937984,0.06268354777937984
null,edge_weakening,edge_weight,edge_weight,edge,spectral_kappa,auc_abs_marginal_delta,7,7,280,40,40,True,3.289569076427148,6,273,0.003846661110924297,True,1.3979330628570732,0.21547930369217516,True,3.5327933353164225,6.0,120.84278029793518,0.0029482981664402676,True,0.06742361407771713,0.04676766997450641,0.04676766997450641
null,edge_weakening,edge_weight,edge_weight,edge,spectral_kappa,auc_raw,7,7,280,40,40,True,19.73181554414895,6,273,3.9768418526042844e-19,True,2.931933369520119,0.008671524317655293,False,17.7021280947106,6.0,120.59426662607093,1.2493815434665355e-14,True,0.30248760331980096,0.2864258452324003,0.2864258452324003
null,edge_weakening,edge_weight,edge_weight,edge,weighted_directed_community_assortativity,auc_abs_delta,7,7,280,40,40,True,1.5760431125844228,6,273,0.1541222807588464,False,1.7304795523257521,0.11394458206009425,True,1.3749493613089008,6.0,120.98797842497622,0.2300772161888569,False,0.03347866575819146,0.012193269930452257,0.012193269930452257
null,edge_weakening,edge_weight,edge_weight,edge,weighted_directed_community_assortativity,auc_abs_marginal_delta,7,7,280,40,40,True,1.5427372473024836,6,273,0.1642783217513732,False,0.11495161318371086,0.9946223391751748,True,1.414876924745934,6.0,121.26199125705482,0.21429615892682546,False,0.03279437672158302,0.011496380007074999,0.011496380007074999
null,edge_weakening,edge_weight,edge_weight,edge,weighted_directed_community_assortativity,auc_raw,7,7,280,40,40,True,1.376323090095869,6,273,0.22417547412564628,False,0.9042476230460559,0.49222005233600485,True,1.5917503701302458,6.0,121.16745709231563,0.15519983834444848,False,0.029360730521687625,0.007999557256918834,0.007999557256918834
null,edge_weakening,edge_weight,edge_weight,edge,weighted_directed_community_assortativity_louvain_dynamic,auc_abs_delta,7,7,280,40,40,True,1.5606831017472087,6,273,0.1587354111068195,False,1.5326699474932162,0.1674613477130144,True,1.9448652771805928,6.0,120.91979767480842,0.07892669076809054,False,0.03316320543781621,0.011872000112151095,0.011872000112151095
null,edge_weakening,edge_weight,edge_weight,edge,weighted_directed_community_assortativity_louvain_dynamic,auc_abs_marginal_delta,7,7,280,40,40,True,0.732699892805666,6,273,0.623651299462588,False,0.312042947246959,0.9304409256056905,True,0.738984177878721,6.0,121.30329466651823,0.6192313708660349,False,0.01584808792271478,0.0,-0.0057608568179851796
null,edge_weakening,edge_weight,edge_weight,edge,weighted_directed_community_assortativity_louvain_dynamic,auc_raw,7,7,280,40,40,True,4.220460165405071,6,273,0.00044228493171130927,True,0.8295853522038462,0.5478371075822361,True,4.571762535710134,6.0,121.1733470954644,0.0003236031386993462,True,0.08488377121540885,0.06455493370555677,0.06455493370555677
null,edge_weakening,edge_weight,edge_weight,edge,weighted_efficiency,auc_abs_delta,7,7,280,40,40,True,19.364613439219323,6,273,8.376235832453423e-19,True,0.35520815952853096,0.9065322292838076,True,19.636424158965234,6.0,121.1828090327464,6.503229784036528e-16,True,0.2985389477016586,0.28239661604873156,0.28239661604873156
null,edge_weakening,edge_weight,edge_weight,edge,weighted_efficiency,auc_abs_marginal_delta,7,7,280,40,40,True,9.6336992265148,6,273,1.2835047335200668e-09,True,0.5445995692313489,0.7740261637174518,True,9.822480437855639,6.0,121.23010067442222,8.208839880151953e-09,True,0.1747334091792956,0.15612372697843868,0.15612372697843868
null,edge_weakening,edge_weight,edge_weight,edge,weighted_efficiency,auc_raw,7,7,280,40,40,True,1.7154175970563212,6,273,0.11739991499846644,False,1.1148718518871195,0.35375552678629857,True,1.4777285849141029,6.0,121.16232225747616,0.19137253628862688,False,0.03633172561759212,0.015098905170029068,0.015098905170029068
null,edge_weakening,edge_weight,edge_weight,edge,yuan_out_in_strength_assortativity,auc_abs_delta,7,7,280,40,40,True,2.7232180302580438,6,273,0.013837770135633164,True,1.7501335892294834,0.10957429518771455,True,2.8116183501692062,6.0,121.02044876152435,0.013489907120371292,True,0.056471097149703706,0.035611120816899974,0.035611120816899974
null,edge_weakening,edge_weight,edge_weight,edge,yuan_out_in_strength_assortativity,auc_abs_marginal_delta,7,7,280,40,40,True,4.942159978958853,6,273,8.056814719570913e-05,True,0.9698146770546147,0.4459925124833606,True,5.634073768102071,6.0,121.1996298401602,3.453010187094963e-05,True,0.09797677143525156,0.07789471205413917,0.07789471205413917
null,edge_weakening,edge_weight,edge_weight,edge,yuan_out_in_strength_assortativity,auc_raw,7,7,280,40,40,True,0.682157188517823,6,273,0.6641982459402143,False,0.6800935029899242,0.6658605431364601,True,0.6715960662488544,6.0,121.2159910183166,0.6727626204356586,False,0.014771011794300225,0.0,-0.006857624100133947
null,edge_weakening,random_edge,random_edge,edge,community_assortativity,auc_abs_delta,7,7,280,40,40,True,,6,273,,False,,,False,,6.0,,,False,,,
null,edge_weakening,random_edge,random_edge,edge,community_assortativity,auc_abs_marginal_delta,7,7,280,40,40,True,,6,273,,False,,,False,,6.0,,,False,,,
null,edge_weakening,random_edge,random_edge,edge,community_assortativity,auc_raw,7,7,280,40,40,True,1.6124993517562118,6,273,0.1436434577245728,False,0.4330496698363823,0.8565484361640007,True,1.6857961232515952,6.0,121.25404225476265,0.130090486038379,False,0.03422657201259484,0.012954952536970396,0.012954952536970396
null,edge_weakening,random_edge,random_edge,edge,community_assortativity_louvain_dynamic,auc_abs_delta,7,7,280,40,40,True,1.316344956437548,6,273,0.2498521552736517,False,0.729665643983355,0.6260727752764437,True,1.192268861377282,6.0,121.22380282615359,0.31496938085953696,False,0.02811720901455257,0.006733177493500309,0.006733177493500309
null,edge_weakening,random_edge,random_edge,edge,community_assortativity_louvain_dynamic,auc_abs_marginal_delta,7,7,280,40,40,True,1.8845369877569553,6,273,0.08355477858065241,False,0.8329608540855259,0.545262088641352,True,1.739263864491585,6.0,121.0849417002557,0.11753416803133356,False,0.03977113859409196,0.018601779130246503,0.018601779130246503
null,edge_weakening,random_edge,random_edge,edge,community_assortativity_louvain_dynamic,auc_raw,7,7,280,40,40,True,20.47861186441271,6,273,8.842414938568411e-20,True,1.7955658712487885,0.1000490090924368,True,19.65555052216477,6.0,121.08946118700392,6.373507695594646e-16,True,0.3103825813507058,0.29448227140294514,0.29448227140294514
null,edge_weakening,random_edge,random_edge,edge,gscc_ratio,auc_abs_delta,7,7,280,40,40,True,,6,273,,False,,,False,,6.0,,,False,,,
null,edge_weakening,random_edge,random_edge,edge,gscc_ratio,auc_abs_marginal_delta,7,7,280,40,40,True,,6,273,,False,,,False,,6.0,,,False,,,
null,edge_weakening,random_edge,random_edge,edge,gscc_ratio,auc_raw,7,7,280,40,40,True,0.11493015413421233,6,273,0.9946250904095179,False,0.5928807781317254,0.7359559907266244,True,0.1161294382303346,6.0,121.30281280953892,0.9943569195498869,False,0.0025195731692715974,0.0,-0.019332437208990194
null,edge_weakening,random_edge,random_edge,edge,reachability,auc_abs_delta,7,7,280,40,40,True,,6,273,,False,,,False,,6.0,,,False,,,
null,edge_weakening,random_edge,random_edge,edge,reachability,auc_abs_marginal_delta,7,7,280,40,40,True,,6,273,,False,,,False,,6.0,,,False,,,
null,edge_weakening,random_edge,random_edge,edge,reachability,auc_raw,7,7,280,40,40,True,0.11493015413421233,6,273,0.9946250904095179,False,0.5928807781317254,0.7359559907266244,True,0.1161294382303346,6.0,121.30281280953892,0.9943569195498869,False,0.0025195731692715974,0.0,-0.019332437208990194
null,edge_weakening,random_edge,random_edge,edge,spectral_gamma,auc_abs_delta,7,7,280,40,40,True,1.5213325938213382,6,273,0.17111022577991236,False,2.3125328248168815,0.03402053901416255,False,1.3197588723432463,6.0,121.0289217246865,0.2534580311819445,False,0.03235409355500152,0.011047991056867414,0.011047991056867414
null,edge_weakening,random_edge,random_edge,edge,spectral_gamma,auc_abs_marginal_delta,7,7,280,40,40,True,4.703067314727166,6,273,0.00014184240937118554,True,0.6963424734156028,0.6527818151917251,True,4.178912657652474,6.0,120.95975952712158,0.0007462707573640693,True,0.09368087581667557,0.07351770640867475,0.07351770640867475
null,edge_weakening,random_edge,random_edge,edge,spectral_gamma,auc_raw,7,7,280,40,40,True,10.355391906800644,6,273,2.436836191140465e-10,True,2.222537531580693,0.04125271836342766,False,8.79696019536518,6.0,120.79425076988656,5.908398598122707e-08,True,0.18539645955898942,0.16699478999922887,0.16699478999922887
null,edge_weakening,random_edge,random_edge,edge,spectral_kappa,auc_abs_delta,7,7,280,40,40,True,4.199499673192261,6,273,0.00046459672966811375,True,2.0641120803481,0.05764952082103641,True,3.384649720056497,6.0,120.87944809391956,0.004035987990747434,True,0.08449782595009617,0.06416173345643464,0.06416173345643464
null,edge_weakening,random_edge,random_edge,edge,spectral_kappa,auc_abs_marginal_delta,7,7,280,40,40,True,4.6969838927397625,6,273,0.00014389623422617954,True,1.3036753740704683,0.2555731525824999,True,3.92669606501561,6.0,121.14807025921532,0.0012746168869702374,True,0.09357103810811078,0.07340579667430976,0.07340579667430976
null,edge_weakening,random_edge,random_edge,edge,spectral_kappa,auc_raw,7,7,280,40,40,True,13.19553334417521,6,273,4.0560332874732897e-13,True,2.8196797708109704,0.011157766402556075,False,11.827474339472626,6.0,120.7078575158215,2.0996136486484044e-10,True,0.22481324544407916,0.20718786151263271,0.20718786151263271
null,edge_weakening,random_edge,random_edge,edge,weighted_directed_community_assortativity,auc_abs_delta,7,7,280,40,40,True,0.8937841091222747,6,273,0.4998346362760344,False,1.0185931537707584,0.41337785509313424,True,1.0314611953004227,6.0,120.7231869080115,0.4083059925804519,False,0.019265169381743386,0.0,-0.002281247047826181
null,edge_weakening,random_edge,random_edge,edge,weighted_directed_community_assortativity,auc_abs_marginal_delta,7,7,280,40,40,True,0.6842462785406653,6,273,0.6625157956953932,False,1.0085181605850913,0.41998484153910726,True,0.8383228819280121,6.0,121.10077185441742,0.542664748156506,False,0.014815577467994607,0.0,-0.006812243845824577
null,edge_weakening,random_edge,random_edge,edge,weighted_directed_community_assortativity,auc_raw,7,7,280,40,40,True,0.9750554324950479,6,273,0.4424135023046203,False,1.471055139942749,0.1881356821687701,True,1.137860129177055,6.0,121.0517361683385,0.34456570369197714,False,0.020980188693078907,0.0,-0.0005348123178625131
null,edge_weakening,random_edge,random_edge,edge,weighted_directed_community_assortativity_louvain_dynamic,auc_abs_delta,7,7,280,40,40,True,0.7499517529619489,6,273,0.6099259778572259,False,0.6712882300194755,0.6729558972020145,True,0.7781944246541781,6.0,121.2524108510696,0.5885703517853049,False,0.01621518995236404,0.0,-0.005387041442301834
null,edge_weakening,random_edge,random_edge,edge,weighted_directed_community_assortativity_louvain_dynamic,auc_abs_marginal_delta,7,7,280,40,40,True,1.6314228781525464,6,273,0.13845724541129242,False,0.20951267455675432,0.9736399558888276,True,1.4934561367955015,6.0,121.27589045082391,0.18596981501775525,False,0.03461433537388034,0.013349860094332535,0.013349860094332535
null,edge_weakening,random_edge,random_edge,edge,weighted_directed_community_assortativity_louvain_dynamic,auc_raw,7,7,280,40,40,True,9.82520215310947,6,273,8.248032421195206e-10,True,4.285400409509053,0.00037969436439144977,False,11.367056651400468,6.0,120.81125288940756,4.78695547986494e-10,True,0.17758999101203068,0.1590359514070713,0.1590359514070713
null,edge_weakening,random_edge,random_edge,edge,weighted_efficiency,auc_abs_delta,7,7,280,40,40,True,9.095800649378935,6,273,4.466536148471902e-09,True,1.0499881340810093,0.3932314762868834,True,10.693678908374391,6.0,121.20595097917935,1.615670151017771e-09,True,0.16660256908389884,0.14783484101723127,0.14783484101723127
null,edge_weakening,random_edge,random_edge,edge,weighted_efficiency,auc_abs_marginal_delta,7,7,280,40,40,True,6.306026193124133,6,273,3.1667013964686795e-06,True,0.9962638548377781,0.42811257144876713,True,6.71108003603769,6.0,121.23650383818178,3.727565248286314e-06,True,0.12172379656405925,0.10209257787427883,0.10209257787427883
null,edge_weakening,random_edge,random_edge,edge,weighted_efficiency,auc_raw,7,7,280,40,40,True,3.557032957123187,6,273,0.002078166202750191,True,1.2496291391636216,0.28117676684331566,True,3.2553111540892115,6.0,121.17819258692938,0.0053016146369266205,True,0.07250811438661796,0.05194719163058111,0.05194719163058111
null,edge_weakening,random_edge,random_edge,edge,yuan_out_in_strength_assortativity,auc_abs_delta,7,7,280,40,40,True,1.4434658868957801,6,273,0.19808318921599427,False,0.8449291142426445,0.5361751877499237,True,1.467171018719145,6.0,121.0870701845502,0.19507514523290448,False,0.030749026720217565,0.00941338652341035,0.00941338652341035
null,edge_weakening,random_edge,random_edge,edge,yuan_out_in_strength_assortativity,auc_abs_marginal_delta,7,7,280,40,40,True,4.098419293452435,6,273,0.0005888993119477268,True,2.062755156603814,0.05781340464224953,True,5.137855588690364,6.0,121.06298835353331,9.789780753918701e-05,True,0.08263205464681954,0.06226090508384634,0.06226090508384634
null,edge_weakening,random_edge,random_edge,edge,yuan_out_in_strength_assortativity,auc_raw,7,7,280,40,40,True,1.2751252574955514,6,273,0.2688542587124618,False,1.2567884646831429,0.27767217939916666,True,1.3150959940414406,6.0,121.158849476351,0.25551144177452795,False,0.027260755593406308,0.0058609875383546705,0.0058609875383546705
null,edge_weakening,spectral_gamma,spectral_gamma,edge,community_assortativity,auc_abs_delta,7,7,280,40,40,True,,6,273,,False,,,False,,6.0,,,False,,,
null,edge_weakening,spectral_gamma,spectral_gamma,edge,community_assortativity,auc_abs_marginal_delta,7,7,280,40,40,True,,6,273,,False,,,False,,6.0,,,False,,,
null,edge_weakening,spectral_gamma,spectral_gamma,edge,community_assortativity,auc_raw,7,7,280,40,40,True,1.6124993517562118,6,273,0.1436434577245728,False,0.4330496698363823,0.8565484361640007,True,1.6857961232515954,6.0,121.25404225476265,0.130090486038379,False,0.03422657201259484,0.012954952536970396,0.012954952536970396
null,edge_weakening,spectral_gamma,spectral_gamma,edge,community_assortativity_louvain_dynamic,auc_abs_delta,7,7,280,40,40,True,1.1761560369769248,6,273,0.3191785260907951,False,1.2378809371051174,0.28700331998187817,True,0.9955998107226721,6.0,121.13054311351587,0.4314917097852996,False,0.025198219751540175,0.0037605768997183236,0.0037605768997183236
null,edge_weakening,spectral_gamma,spectral_gamma,edge,community_assortativity_louvain_dynamic,auc_abs_marginal_delta,7,7,280,40,40,True,0.2670256513542964,6,273,0.95191805868954,False,0.38758052433489576,0.8867176230680164,True,0.2458328073080691,6.0,121.28372921073581,0.9601480813663652,False,0.005834454993611642,0.0,-0.015957226855854982
null,edge_weakening,spectral_gamma,spectral_gamma,edge,community_assortativity_louvain_dynamic,auc_raw,7,7,280,40,40,True,18.471712687849983,6,273,5.20610028300917e-18,True,0.9889834920064182,0.4329884898236228,True,17.334017548971506,6.0,121.18889151243341,2.113377532900549e-14,True,0.2887481343196602,0.2724065195236283,0.2724065195236283
null,edge_weakening,spectral_gamma,spectral_gamma,edge,gscc_ratio,auc_abs_delta,7,7,280,40,40,True,,6,273,,False,,,False,,6.0,,,False,,,
null,edge_weakening,spectral_gamma,spectral_gamma,edge,gscc_ratio,auc_abs_marginal_delta,7,7,280,40,40,True,,6,273,,False,,,False,,6.0,,,False,,,
null,edge_weakening,spectral_gamma,spectral_gamma,edge,gscc_ratio,auc_raw,7,7,280,40,40,True,0.11493015413421233,6,273,0.9946250904095179,False,0.5928807781317254,0.7359559907266244,True,0.1161294382303346,6.0,121.30281280953892,0.9943569195498869,False,0.0025195731692715974,0.0,-0.019332437208990194
null,edge_weakening,spectral_gamma,spectral_gamma,edge,reachability,auc_abs_delta,7,7,280,40,40,True,,6,273,,False,,,False,,6.0,,,False,,,
null,edge_weakening,spectral_gamma,spectral_gamma,edge,reachability,auc_abs_marginal_delta,7,7,280,40,40,True,,6,273,,False,,,False,,6.0,,,False,,,
null,edge_weakening,spectral_gamma,spectral_gamma,edge,reachability,auc_raw,7,7,280,40,40,True,0.11493015413421233,6,273,0.9946250904095179,False,0.5928807781317254,0.7359559907266244,True,0.1161294382303346,6.0,121.30281280953892,0.9943569195498869,False,0.0025195731692715974,0.0,-0.019332437208990194
null,edge_weakening,spectral_gamma,spectral_gamma,edge,spectral_gamma,auc_abs_delta,7,7,280,40,40,True,2.9582064943745,6,273,0.008172806761869142,True,0.5388137075320827,0.7785206612829753,True,3.2823952262725746,6.0,120.88807783153524,0.005011398115839943,True,0.06104655348146073,0.040271703905305795,0.040271703905305795
null,edge_weakening,spectral_gamma,spectral_gamma,edge,spectral_gamma,auc_abs_marginal_delta,7,7,280,40,40,True,4.434455852155304,6,273,0.00026735292129869586,True,0.5944555294692448,0.734700675682699,True,4.048634676094546,6.0,121.0567923887464,0.0009839060088934056,True,0.0888055306997785,0.06855047710488038,0.06855047710488038
null,edge_weakening,spectral_gamma,spectral_gamma,edge,spectral_gamma,auc_raw,7,7,280,40,40,True,1.766184473983858,6,273,0.10611868171579887,False,0.5791278284075465,0.7468881441714923,True,1.619624678176786,6.0,121.1920258513075,0.14733804432759073,False,0.03736676640264869,0.016153034354015997,0.016153034354015997
null,edge_weakening,spectral_gamma,spectral_gamma,edge,spectral_kappa,auc_abs_delta,7,7,280,40,40,True,4.343296368181958,6,273,0.0003313583088515044,True,0.9153059981977469,0.484241104702283,True,4.330262428204351,6.0,120.91840283698849,0.000541185377252037,True,0.08713902740498822,0.06685260626672,0.06685260626672
null,edge_weakening,spectral_gamma,spectral_gamma,edge,spectral_kappa,auc_abs_marginal_delta,7,7,280,40,40,True,6.474395998974545,6,273,2.1239544246188607e-06,True,1.32915931010005,0.2441724617050771,True,5.849260630810659,6.0,120.78276280011899,2.215594211305674e-05,True,0.12456895120247825,0.10499202968070576,0.10499202968070576
null,edge_weakening,spectral_gamma,spectral_gamma,edge,spectral_kappa,auc_raw,7,7,280,40,40,True,3.5595468403271866,6,273,0.0020661197668624923,True,0.8030071497016794,0.568288842237679,True,3.329180198926461,6.0,121.1781473247014,0.004534275192141037,True,0.0725556404324798,0.05199560677084234,0.05199560677084234
null,edge_weakening,spectral_gamma,spectral_gamma,edge,weighted_directed_community_assortativity,auc_abs_delta,7,7,280,40,40,True,1.1309856703886623,6,273,0.344408447103236,False,0.370176300203815,0.8975576931645924,True,1.081174319701472,6.0,121.1619111836123,0.3775461513930408,False,0.024253951618845054,0.002798979518144471,0.002798979518144471
null,edge_weakening,spectral_gamma,spectral_gamma,edge,weighted_directed_community_assortativity,auc_abs_marginal_delta,7,7,280,40,40,True,0.24029978274601774,6,273,0.9628412352850498,False,0.5486912836625102,0.7708375265197265,True,0.2457091408753137,6.0,121.19952131501692,0.9601964700825258,False,0.005253568163903142,0.0,-0.016548691320981395
null,edge_weakening,spectral_gamma,spectral_gamma,edge,weighted_directed_community_assortativity,auc_raw,7,7,280,40,40,True,1.0540666732156858,6,273,0.39066383311574004,False,2.4296056646864947,0.02640775577604254,False,1.26414953779564,6.0,120.9762236070315,0.2789785666774093,False,0.02264177436129614,0.001157230834164429,0.001157230834164429
null,edge_weakening,spectral_gamma,spectral_gamma,edge,weighted_directed_community_assortativity_louvain_dynamic,auc_abs_delta,7,7,280,40,40,True,0.7583487604996169,6,273,0.6032744220634197,False,0.6403216598191716,0.6979133785565905,True,0.8320771129539168,6.0,121.26614080819698,0.5473563549156766,False,0.016393770655885955,0.0,-0.005205194597716321
null,edge_weakening,spectral_gamma,spectral_gamma,edge,weighted_directed_community_assortativity_louvain_dynamic,auc_abs_marginal_delta,7,7,280,40,40,True,0.1857198208376635,6,273,0.9806438702349246,False,0.7600175276057736,0.601954998962145,True,0.18590395941930318,6.0,121.1501246936923,0.9802673273743886,False,0.004065161314432357,0.0,-0.0177587306035694
null,edge_weakening,spectral_gamma,spectral_gamma,edge,weighted_directed_community_assortativity_louvain_dynamic,auc_raw,7,7,280,40,40,True,6.7603858338041745,6,273,1.0783345631512803e-06,True,2.1982715806605433,0.04343979508878815,False,8.253743188125775,6.0,121.00815511077393,1.6977406954183393e-07,True,0.12935966173887897,0.10987430265610448,0.10987430265610448
null,edge_weakening,spectral_gamma,spectral_gamma,edge,weighted_efficiency,auc_abs_delta,7,7,280,40,40,True,3.9870186237712697,6,273,0.0007643490407613459,True,1.4104277828495093,0.210581788895549,True,3.6806427289070767,6.0,121.04871244621283,0.002151856133607468,True,0.08056695947037938,0.06015703781702011,0.06015703781702011
null,edge_weakening,spectral_gamma,spectral_gamma,edge,weighted_efficiency,auc_abs_marginal_delta,7,7,280,40,40,True,5.124759418304449,6,273,5.227261379037612e-05,True,1.0855166892879355,0.37125169150755366,True,4.867294925043076,6.0,121.17879810536893,0.00017307865060750143,True,0.10123029673996778,0.08120975795016966,0.08120975795016966
null,edge_weakening,spectral_gamma,spectral_gamma,edge,weighted_efficiency,auc_raw,7,7,280,40,40,True,3.7726522672661336,6,273,0.0012602354472689007,True,0.8336280159468749,0.5447537651431964,True,3.748821456494749,6.0,121.23530372238773,0.0018599352512964334,True,0.07656685998558387,0.056081926835830874,0.056081926835830874
null,edge_weakening,spectral_gamma,spectral_gamma,edge,yuan_out_in_strength_assortativity,auc_abs_delta,7,7,280,40,40,True,2.180313066816194,6,273,0.04512867104232632,True,0.9679482820658901,0.44727138134710975,True,2.47577515943738,6.0,121.08052198095407,0.0270704718494109,True,0.04572774226043437,0.024668496807756082,0.024668496807756082
null,edge_weakening,spectral_gamma,spectral_gamma,edge,yuan_out_in_strength_assortativity,auc_abs_marginal_delta,7,7,280,40,40,True,4.43162395719649,6,273,0.0002691425587909048,True,0.6094882618416738,0.722686092529721,True,5.603079485531925,6.0,121.12818291354077,3.6868094702780625e-05,True,0.08875385188744253,0.06849782526435984,0.06849782526435984
null,edge_weakening,spectral_gamma,spectral_gamma,edge,yuan_out_in_strength_assortativity,auc_raw,7,7,280,40,40,True,0.27985309850278417,6,273,0.9461814109649884,False,1.1481552601997942,0.3346496852948613,True,0.2759985450641682,6.0,121.16731323971543,0.9472814404143011,False,0.006113018709357479,0.0,-0.015673589755608328
null,edge_weakening,spectral_kappa,spectral_kappa,edge,community_assortativity,auc_abs_delta,7,7,280,40,40,True,,6,273,,False,,,False,,6.0,,,False,,,
null,edge_weakening,spectral_kappa,spectral_kappa,edge,community_assortativity,auc_abs_marginal_delta,7,7,280,40,40,True,,6,273,,False,,,False,,6.0,,,False,,,
null,edge_weakening,spectral_kappa,spectral_kappa,edge,community_assortativity,auc_raw,7,7,280,40,40,True,1.6124993517562118,6,273,0.1436434577245728,False,0.4330496698363823,0.8565484361640007,True,1.6857961232515954,6.0,121.25404225476265,0.130090486038379,False,0.03422657201259484,0.012954952536970396,0.012954952536970396
null,edge_weakening,spectral_kappa,spectral_kappa,edge,community_assortativity_louvain_dynamic,auc_abs_delta,7,7,280,40,40,True,1.265772795248404,6,273,0.2733233862896717,False,0.3592156779088446,0.9041621173272341,True,1.139423632779724,6.0,121.20825077255111,0.34367782603790586,False,0.02706622214477788,0.00566288047873739,0.00566288047873739
null,edge_weakening,spectral_kappa,spectral_kappa,edge,community_assortativity_louvain_dynamic,auc_abs_marginal_delta,7,7,280,40,40,True,0.2565289026972506,6,273,0.9563762762190899,False,1.3318081308212442,0.24301171673733205,True,0.3352846097690255,6.0,121.08991643129113,0.9171139140169682,False,0.005606389051992359,0.0,-0.016189446054114043
null,edge_weakening,spectral_kappa,spectral_kappa,edge,community_assortativity_louvain_dynamic,auc_raw,7,7,280,40,40,True,24.57937310994344,6,273,2.991349103562083e-23,True,1.0374984267531318,0.40116554909604313,True,24.026067672972637,6.0,121.18528786628438,1.3927863310961435e-18,True,0.3507362012411604,0.3356683620162561,0.3356683620162561
null,edge_weakening,spectral_kappa,spectral_kappa,edge,gscc_ratio,auc_abs_delta,7,7,280,40,40,True,,6,273,,False,,,False,,6.0,,,False,,,
null,edge_weakening,spectral_kappa,spectral_kappa,edge,gscc_ratio,auc_abs_marginal_delta,7,7,280,40,40,True,,6,273,,False,,,False,,6.0,,,False,,,
null,edge_weakening,spectral_kappa,spectral_kappa,edge,gscc_ratio,auc_raw,7,7,280,40,40,True,0.11493015413421233,6,273,0.9946250904095179,False,0.5928807781317254,0.7359559907266244,True,0.1161294382303346,6.0,121.30281280953892,0.9943569195498869,False,0.0025195731692715974,0.0,-0.019332437208990194
null,edge_weakening,spectral_kappa,spectral_kappa,edge,reachability,auc_abs_delta,7,7,280,40,40,True,,6,273,,False,,,False,,6.0,,,False,,,
null,edge_weakening,spectral_kappa,spectral_kappa,edge,reachability,auc_abs_marginal_delta,7,7,280,40,40,True,,6,273,,False,,,False,,6.0,,,False,,,
null,edge_weakening,spectral_kappa,spectral_kappa,edge,reachability,auc_raw,7,7,280,40,40,True,0.11493015413421233,6,273,0.9946250904095179,False,0.5928807781317254,0.7359559907266244,True,0.1161294382303346,6.0,121.30281280953892,0.9943569195498869,False,0.0025195731692715974,0.0,-0.019332437208990194
null,edge_weakening,spectral_kappa,spectral_kappa,edge,spectral_gamma,auc_abs_delta,7,7,280,40,40,True,10.316792240885984,6,273,2.662367283967584e-10,True,4.395448574071387,0.00029307944475016266,False,9.037006759251339,6.0,120.63746682570729,3.7309801075355896e-08,True,0.1848331268547694,0.16642044673000853,0.16642044673000853
null,edge_weakening,spectral_kappa,spectral_kappa,edge,spectral_gamma,auc_abs_marginal_delta,7,7,280,40,40,True,2.7321745440686946,6,273,0.013564693779308195,True,1.7720535986780996,0.10488006336186699,True,2.2999146361259935,6.0,121.03628210440968,0.03878780686657125,True,0.05664630653491196,0.03578958712103378,0.03578958712103378
null,edge_weakening,spectral_kappa,spectral_kappa,edge,spectral_gamma,auc_raw,7,7,280,40,40,True,4.275511219344636,6,273,0.0003886243113485577,True,1.2399852049551536,0.2859527724134861,True,3.3528522416943205,6.0,121.0267670068657,0.00431489403602237,True,0.08589587760342247,0.0655860708922362,0.0655860708922362
null,edge_weakening,spectral_kappa,spectral_kappa,edge,spectral_kappa,auc_abs_delta,7,7,280,40,40,True,12.355887283715543,6,273,2.6250423920496303e-12,True,3.468535919693023,0.0025493650897311522,False,9.966414328555985,6.0,120.69863218911887,6.36018628480668e-09,True,0.21356318023651316,0.19571505407063744,0.19571505407063744
null,edge_weakening,spectral_kappa,spectral_kappa,edge,spectral_kappa,auc_abs_marginal_delta,7,7,280,40,40,True,11.172250506037534,6,273,3.7797046671736647e-11,True,2.517723239583767,0.021785724650794567,False,8.639015695675248,6.0,121.00825567729284,7.98855222977234e-08,True,0.19713793622590134,0.17896629654518753,0.17896629654518753
null,edge_weakening,spectral_kappa,spectral_kappa,edge,spectral_kappa,auc_raw,7,7,280,40,40,True,14.808654872636469,6,273,1.1888549349319864e-14,True,2.6319345790748985,0.016942895170874807,False,12.051470031367652,6.0,121.00856200858172,1.3910796705558927e-10,True,0.24554775602125883,0.22833536922432313,0.22833536922432313
null,edge_weakening,spectral_kappa,spectral_kappa,edge,weighted_directed_community_assortativity,auc_abs_delta,7,7,280,40,40,True,0.9974103944512289,6,273,0.42734788694374215,False,1.6960735359301058,0.12197628436520107,True,0.8913178148649491,6.0,120.86407360819506,0.5036242412328225,False,0.02145088051119198,0.0,-5.549462695638375e-05
null,edge_weakening,spectral_kappa,spectral_kappa,edge,weighted_directed_community_assortativity,auc_abs_marginal_delta,7,7,280,40,40,True,1.4629092166306106,6,273,0.19102720968635184,False,1.1379286204909898,0.34043730991091303,True,1.3229996888074944,6.0,121.11429420876397,0.25202583835656384,False,0.031150310767216402,0.009822053518514052,0.009822053518514052
null,edge_weakening,spectral_kappa,spectral_kappa,edge,weighted_directed_community_assortativity,auc_raw,7,7,280,40,40,True,0.9409968349787968,6,273,0.46598516686419533,False,1.753699136676343,0.10879795093969435,True,1.1536617988092461,6.0,121.00271915722786,0.3357673498195689,False,0.02026220148379867,0.0,-0.001265954149774539
null,edge_weakening,spectral_kappa,spectral_kappa,edge,weighted_directed_community_assortativity_louvain_dynamic,auc_abs_delta,7,7,280,40,40,True,1.9343390402407703,6,273,0.07545509893977043,False,0.26931364098011124,0.9509179002326941,True,1.8795196302554162,6.0,121.30962300137308,0.08965722087808195,False,0.04077929785423548,0.0196285567156659,0.0196285567156659
null,edge_weakening,spectral_kappa,spectral_kappa,edge,weighted_directed_community_assortativity_louvain_dynamic,auc_abs_marginal_delta,7,7,280,40,40,True,0.5871610466365395,6,273,0.7405095885014212,False,1.3344596616144944,0.24185432353546105,True,0.8971380117586204,6.0,120.85959620752391,0.4994278592874415,False,0.012740230322331592,0.0,-0.008925508952953614
null,edge_weakening,spectral_kappa,spectral_kappa,edge,weighted_directed_community_assortativity_louvain_dynamic,auc_raw,7,7,280,40,40,True,6.546538228746954,6,273,1.7899933105993551e-06,True,1.8462556423007004,0.0903184989642253,True,7.025923489466592,6.0,121.0750666712975,1.969053554998515e-06,True,0.12578239497840574,0.10622864924413303,0.10622864924413303
null,edge_weakening,spectral_kappa,spectral_kappa,edge,weighted_efficiency,auc_abs_delta,7,7,280,40,40,True,3.4532816534388417,6,273,0.0026406087187388237,True,1.8610756445155998,0.0876423766366254,True,3.6788848410077177,6.0,121.08213200187723,0.0021595882486675952,True,0.07054239341677052,0.04994471161596669,0.04994471161596669
null,edge_weakening,spectral_kappa,spectral_kappa,edge,weighted_efficiency,auc_abs_marginal_delta,7,7,280,40,40,True,4.1664092942710065,6,273,0.0005021157009480309,True,1.5122723697737228,0.17407577073391353,True,4.007624915773644,6.0,121.15024455324199,0.0010730342678308012,True,0.08388787016160579,0.06354031400255142,0.06354031400255142
null,edge_weakening,spectral_kappa,spectral_kappa,edge,weighted_efficiency,auc_raw,7,7,280,40,40,True,4.4795376629064,6,273,0.00024040593801002687,True,0.8136326678999546,0.5600761046344063,True,4.266173106676685,6.0,121.23000521136055,0.0006189288147587999,True,0.08962743299306267,0.06938785715540954,0.06938785715540954
null,edge_weakening,spectral_kappa,spectral_kappa,edge,yuan_out_in_strength_assortativity,auc_abs_delta,7,7,280,40,40,True,3.0620563038859863,6,273,0.006461677930916027,True,1.6879423676896197,0.12394744429615694,True,2.968103769285127,6.0,121.12411317666127,0.009715981479567943,True,0.06305450256728434,0.04231706020968601,0.04231706020968601
null,edge_weakening,spectral_kappa,spectral_kappa,edge,yuan_out_in_strength_assortativity,auc_abs_marginal_delta,7,7,280,40,40,True,3.0444206207527382,6,273,0.006725257716566037,True,1.8421300402676266,0.09107673545682386,True,3.6086930259840626,6.0,121.07812783969511,0.0025069858242578354,True,0.06271412001261466,0.04197033436534981,0.04197033436534981
null,edge_weakening,spectral_kappa,spectral_kappa,edge,yuan_out_in_strength_assortativity,auc_raw,7,7,280,40,40,True,1.4770014096016089,6,273,0.1860487692014997,False,0.5387163535685647,0.7785961378065902,True,1.557723373741015,6.0,121.22687725473648,0.16529598374355067,False,0.03144094695877555,0.010118037672204951,0.010118037672204951
null,edge_weakening,weighted_edge_betweenness,weighted_edge_betweenness,edge,community_assortativity,auc_abs_delta,7,7,280,40,40,True,,6,273,,False,,,False,,6.0,,,False,,,
null,edge_weakening,weighted_edge_betweenness,weighted_edge_betweenness,edge,community_assortativity,auc_abs_marginal_delta,7,7,280,40,40,True,,6,273,,False,,,False,,6.0,,,False,,,
null,edge_weakening,weighted_edge_betweenness,weighted_edge_betweenness,edge,community_assortativity,auc_raw,7,7,280,40,40,True,1.6124993517562118,6,273,0.1436434577245728,False,0.4330496698363823,0.8565484361640007,True,1.6857961232515954,6.0,121.25404225476265,0.130090486038379,False,0.03422657201259484,0.012954952536970396,0.012954952536970396
null,edge_weakening,weighted_edge_betweenness,weighted_edge_betweenness,edge,community_assortativity_louvain_dynamic,auc_abs_delta,7,7,280,40,40,True,3.805564633316094,6,273,0.0011672988090198019,True,2.309104868493592,0.03427235095203552,False,2.473317535549658,6.0,120.97530393924697,0.027212701160262184,True,0.07718326849348457,0.056709886730277125,0.056709886730277125
null,edge_weakening,weighted_edge_betweenness,weighted_edge_betweenness,edge,community_assortativity_louvain_dynamic,auc_abs_marginal_delta,7,7,280,40,40,True,1.0157989513290906,6,273,0.415203392006497,False,1.1276171424547767,0.3463473357098999,True,1.0176618465843996,6.0,121.15274179142672,0.4171137992911638,False,0.02183771910253445,0.0003384343804454299,0.0003384343804454299
null,edge_weakening,weighted_edge_betweenness,weighted_edge_betweenness,edge,community_assortativity_louvain_dynamic,auc_raw,7,7,280,40,40,True,9.746621927206752,6,273,9.887905929438336e-10,True,0.34258125651387533,0.9138384470429997,True,9.158099696356489,6.0,121.2782976224453,2.906889055784573e-08,True,0.17642023325967154,0.15784340090896068,0.15784340090896068
null,edge_weakening,weighted_edge_betweenness,weighted_edge_betweenness,edge,gscc_ratio,auc_abs_delta,7,7,280,40,40,True,,6,273,,False,,,False,,6.0,,,False,,,
null,edge_weakening,weighted_edge_betweenness,weighted_edge_betweenness,edge,gscc_ratio,auc_abs_marginal_delta,7,7,280,40,40,True,,6,273,,False,,,False,,6.0,,,False,,,
null,edge_weakening,weighted_edge_betweenness,weighted_edge_betweenness,edge,gscc_ratio,auc_raw,7,7,280,40,40,True,0.11493015413421233,6,273,0.9946250904095179,False,0.5928807781317254,0.7359559907266244,True,0.1161294382303346,6.0,121.30281280953892,0.9943569195498869,False,0.0025195731692715974,0.0,-0.019332437208990194
null,edge_weakening,weighted_edge_betweenness,weighted_edge_betweenness,edge,reachability,auc_abs_delta,7,7,280,40,40,True,,6,273,,False,,,False,,6.0,,,False,,,
null,edge_weakening,weighted_edge_betweenness,weighted_edge_betweenness,edge,reachability,auc_abs_marginal_delta,7,7,280,40,40,True,,6,273,,False,,,False,,6.0,,,False,,,
null,edge_weakening,weighted_edge_betweenness,weighted_edge_betweenness,edge,reachability,auc_raw,7,7,280,40,40,True,0.11493015413421233,6,273,0.9946250904095179,False,0.5928807781317254,0.7359559907266244,True,0.1161294382303346,6.0,121.30281280953892,0.9943569195498869,False,0.0025195731692715974,0.0,-0.019332437208990194
null,edge_weakening,weighted_edge_betweenness,weighted_edge_betweenness,edge,spectral_gamma,auc_abs_delta,7,7,280,40,40,True,0.8655667778022936,6,273,0.5206713022111454,False,1.0071498119207158,0.42088743602011963,True,0.8621288652780208,6.0,121.03127986029392,0.5249456092808779,False,0.018668310083436584,0.0,-0.0028890343799665695
null,edge_weakening,weighted_edge_betweenness,weighted_edge_betweenness,edge,spectral_gamma,auc_abs_marginal_delta,7,7,280,40,40,True,2.841253067439601,6,273,0.01063144126086984,True,0.8659685457432943,0.520371631815115,True,2.614737011834844,6.0,121.10851846072705,0.020317961035245625,True,0.05877491556695572,0.03795778251329553,0.03795778251329553
null,edge_weakening,weighted_edge_betweenness,weighted_edge_betweenness,edge,spectral_gamma,auc_raw,7,7,280,40,40,True,15.617474253235867,6,273,2.084433405795116e-15,True,3.2372679530156483,0.004335738927591855,False,12.039369126205854,6.0,120.70457507600753,1.4393628111378574e-10,True,0.2555320625411645,0.2385196893326889,0.2385196893326889
null,edge_weakening,weighted_edge_betweenness,weighted_edge_betweenness,edge,spectral_kappa,auc_abs_delta,7,7,280,40,40,True,4.080085169093156,6,273,0.0006147472950666028,True,1.9480625985241744,0.07335464649171694,True,3.259467294162767,6.0,120.84517418098193,0.00526118412111148,True,0.08229282291827476,0.06191530211383738,0.06191530211383738
null,edge_weakening,weighted_edge_betweenness,weighted_edge_betweenness,edge,spectral_kappa,auc_abs_marginal_delta,7,7,280,40,40,True,5.4931220688662385,6,273,2.181464359448225e-05,True,1.268840386088325,0.2718510308567172,True,4.8995601195406735,6.0,120.94309196674682,0.00016198158843582788,True,0.1077228035076526,0.08782526628663605,0.08782526628663605
null,edge_weakening,weighted_edge_betweenness,weighted_edge_betweenness,edge,spectral_kappa,auc_raw,7,7,280,40,40,True,18.330687840448768,6,273,6.961793844292018e-18,True,3.1584698329522674,0.005189933641339374,False,15.108631074963434,6.0,120.80016948724523,7.57817275113634e-13,True,0.2871767242469357,0.2708031913806985,0.2708031913806985
null,edge_weakening,weighted_edge_betweenness,weighted_edge_betweenness,edge,weighted_directed_community_assortativity,auc_abs_delta,7,7,280,40,40,True,0.8871478768196794,6,273,0.5046959874365171,False,0.4695925545492698,0.8306409646816093,True,0.995197813417333,6.0,121.13591944668097,0.431756412548404,False,0.019124863619024095,0.0,-0.0024241219390283113
null,edge_weakening,weighted_edge_betweenness,weighted_edge_betweenness,edge,weighted_directed_community_assortativity,auc_abs_marginal_delta,7,7,280,40,40,True,1.1797576168453832,6,273,0.31722840653775375,False,0.30112580057640814,0.9359891874547507,True,1.2445034275643203,6.0,121.20724164469584,0.28846046975842476,False,0.025273430649083713,0.0038371683558492227,0.0038371683558492227
null,edge_weakening,weighted_edge_betweenness,weighted_edge_betweenness,edge,weighted_directed_community_assortativity,auc_raw,7,7,280,40,40,True,1.3412540495604346,6,273,0.2389092389274035,False,1.1890974260924123,0.3122134515716687,True,1.6339514652897709,6.0,121.14585317387369,0.14344285340589097,False,0.028634033754547213,0.007259501044951221,0.007259501044951221
null,edge_weakening,weighted_edge_betweenness,weighted_edge_betweenness,edge,weighted_directed_community_assortativity_louvain_dynamic,auc_abs_delta,7,7,280,40,40,True,0.2858446916760152,6,273,0.9433952007966889,False,0.47824459329850677,0.8243231154401176,True,0.2580482545839884,6.0,121.20463587062201,0.9551510248511835,False,0.006243080008699323,0.0,-0.015541159497354226
null,edge_weakening,weighted_edge_betweenness,weighted_edge_betweenness,edge,weighted_directed_community_assortativity_louvain_dynamic,auc_abs_marginal_delta,7,7,280,40,40,True,0.7416762107894983,6,273,0.6165004415782247,False,0.5137764779297573,0.7977534289426764,True,0.6558004035574702,6.0,121.20848604571613,0.6853827703271149,False,0.016039129018779893,0.0,-0.0055663221997092355
null,edge_weakening,weighted_edge_betweenness,weighted_edge_betweenness,edge,weighted_directed_community_assortativity_louvain_dynamic,auc_raw,7,7,280,40,40,True,5.484900315794299,6,273,2.224456195862123e-05,True,0.8796022612797624,0.5102530635872512,True,5.968093864464183,6.0,121.13047248338009,1.7239269196708997e-05,True,0.10757891614618362,0.0876786495579337,0.0876786495579337
null,edge_weakening,weighted_edge_betweenness,weighted_edge_betweenness,edge,weighted_efficiency,auc_abs_delta,7,7,280,40,40,True,18.86404428506405,6,273,2.3263707112152336e-18,True,0.46620957347046055,0.8330933563556023,True,19.43716220844152,6.0,121.18267678158874,8.72457733541491e-16,True,0.2930835763134535,0.276830117344073,0.276830117344073
null,edge_weakening,weighted_edge_betweenness,weighted_edge_betweenness,edge,weighted_efficiency,auc_abs_marginal_delta,7,7,280,40,40,True,10.813618933779608,6,273,8.547075885801667e-11,True,0.5687671851712912,0.7550822023876077,True,11.032609278414945,6.0,121.24496940312906,8.657416578822256e-10,True,0.1920249335510745,0.17375299769557148,0.17375299769557148
null,edge_weakening,weighted_edge_betweenness,weighted_edge_betweenness,edge,weighted_efficiency,auc_raw,7,7,280,40,40,True,1.7189962733647763,6,273,0.1165704689921603,False,1.1048463203351229,0.35966300200066953,True,1.4921422379353466,6.0,121.16776915287643,0.18642410860820555,False,0.03640476098672256,0.015173287208721936,0.015173287208721936
null,edge_weakening,weighted_edge_betweenness,weighted_edge_betweenness,edge,yuan_out_in_strength_assortativity,auc_abs_delta,7,7,280,40,40,True,2.2578829694456424,6,273,0.03825325543965743,True,0.9102883924589966,0.48785262421168873,True,2.726795805762541,6.0,121.06121652190795,0.01609975349409115,True,0.04727770221494496,0.026247152638817856,0.026247152638817856
null,edge_weakening,weighted_edge_betweenness,weighted_edge_betweenness,edge,yuan_out_in_strength_assortativity,auc_abs_marginal_delta,7,7,280,40,40,True,1.619322957528169,6,273,0.1417538042133613,False,0.4938298074987311,0.81278577532538,True,1.480286874425387,6.0,121.24746460058991,0.1904790919354094,False,0.034366430922358,0.013097388094237536,0.013097388094237536
null,edge_weakening,weighted_edge_betweenness,weighted_edge_betweenness,edge,yuan_out_in_strength_assortativity,auc_raw,7,7,280,40,40,True,0.8002159745517463,6,273,0.5704538948604903,False,0.6577797105453416,0.6838454133852088,True,0.839217266907714,6.0,121.07422007262126,0.5419945204849044,False,0.017283201767170457,0.0,-0.004299492758979168
null,edge_weakening_random_subset,random_fixed_10pct,random_fixed_10pct_vary_alpha,deterioration_severity,community_assortativity,auc_abs_delta,7,7,280,40,40,True,,6,273,,False,,,False,,6.0,,,False,,,
null,edge_weakening_random_subset,random_fixed_10pct,random_fixed_10pct_vary_alpha,deterioration_severity,community_assortativity,auc_abs_marginal_delta,7,7,280,40,40,True,,6,273,,False,,,False,,6.0,,,False,,,
null,edge_weakening_random_subset,random_fixed_10pct,random_fixed_10pct_vary_alpha,deterioration_severity,community_assortativity,auc_raw,7,7,280,40,40,True,1.6123117706654333,6,273,0.14369571862143266,False,0.4334757750721364,0.8562542159015338,True,1.6857974174088162,6.0,121.25391248536799,0.13009017820817823,False,0.03422272671555342,0.012951036399338615,0.012951036399338615
null,edge_weakening_random_subset,random_fixed_10pct,random_fixed_10pct_vary_alpha,deterioration_severity,community_assortativity_louvain_dynamic,auc_abs_delta,7,7,280,40,40,True,0.8030443644013943,6,273,0.568259996816435,False,0.3343830171831207,0.9184471090953108,True,0.6375837133475878,6.0,121.23685059068075,0.699936261015942,False,0.01734323035179923,0.0,-0.004238365835047474
null,edge_weakening_random_subset,random_fixed_10pct,random_fixed_10pct_vary_alpha,deterioration_severity,community_assortativity_louvain_dynamic,auc_abs_marginal_delta,7,7,280,40,40,True,1.758324658512234,6,273,0.10779825808697095,False,1.468823985486744,0.1889239055801203,True,1.95613768478378,6.0,121.07151888276337,0.07718615977638699,False,0.03720666509483472,0.015989979909803886,0.015989979909803886
null,edge_weakening_random_subset,random_fixed_10pct,random_fixed_10pct_vary_alpha,deterioration_severity,community_assortativity_louvain_dynamic,auc_raw,7,7,280,40,40,True,24.495863525878924,6,273,3.504859799181064e-23,True,1.0013197872036579,0.4247470779741323,True,23.01024908950413,6.0,121.18150520586225,5.479623446551989e-18,True,0.3499615876132773,0.3348776542322471,0.3348776542322471
null,edge_weakening_random_subset,random_fixed_10pct,random_fixed_10pct_vary_alpha,deterioration_severity,gscc_ratio,auc_abs_delta,7,7,280,40,40,True,,6,273,,False,,,False,,6.0,,,False,,,
null,edge_weakening_random_subset,random_fixed_10pct,random_fixed_10pct_vary_alpha,deterioration_severity,gscc_ratio,auc_abs_marginal_delta,7,7,280,40,40,True,,6,273,,False,,,False,,6.0,,,False,,,
null,edge_weakening_random_subset,random_fixed_10pct,random_fixed_10pct_vary_alpha,deterioration_severity,gscc_ratio,auc_raw,7,7,280,40,40,True,,6,273,,False,,,False,,6.0,,,False,1.0,1.0,1.0
null,edge_weakening_random_subset,random_fixed_10pct,random_fixed_10pct_vary_alpha,deterioration_severity,reachability,auc_abs_delta,7,7,280,40,40,True,,6,273,,False,,,False,,6.0,,,False,,,
null,edge_weakening_random_subset,random_fixed_10pct,random_fixed_10pct_vary_alpha,deterioration_severity,reachability,auc_abs_marginal_delta,7,7,280,40,40,True,,6,273,,False,,,False,,6.0,,,False,,,
null,edge_weakening_random_subset,random_fixed_10pct,random_fixed_10pct_vary_alpha,deterioration_severity,reachability,auc_raw,7,7,280,40,40,True,,6,273,,False,,,False,,6.0,,,False,1.0,1.0,1.0
null,edge_weakening_random_subset,random_fixed_10pct,random_fixed_10pct_vary_alpha,deterioration_severity,spectral_gamma,auc_abs_delta,7,7,280,40,40,True,2.019532676831586,6,273,0.06326808956023826,False,0.7126382289718787,0.6396968437692327,True,1.8626438745020988,6.0,121.02641696267709,0.09267273277337484,False,0.04249900121211039,0.02138003638091558,0.02138003638091558
null,edge_weakening_random_subset,random_fixed_10pct,random_fixed_10pct_vary_alpha,deterioration_severity,spectral_gamma,auc_abs_marginal_delta,7,7,280,40,40,True,2.1335266175295278,6,273,0.049825123400230174,True,1.3631159941235496,0.22963307792637372,True,1.9380092623296417,6.0,120.90413024274476,0.07999731094959416,False,0.04479044003314204,0.023713850084039315,0.023713850084039315
null,edge_weakening_random_subset,random_fixed_10pct,random_fixed_10pct_vary_alpha,deterioration_severity,spectral_gamma,auc_raw,7,7,280,40,40,True,10.244435668049253,6,273,3.1432223213028974e-10,True,4.250424486465231,0.0004122244875042259,False,7.877511102049422,6.0,120.62127503337376,3.598478613620445e-07,True,0.1837750359345916,0.16534168138390096,0.16534168138390096
null,edge_weakening_random_subset,random_fixed_10pct,random_fixed_10pct_vary_alpha,deterioration_severity,spectral_kappa,auc_abs_delta,7,7,280,40,40,True,4.587610081926595,6,273,0.0001863082162577198,True,1.6873521627892705,0.12409163116548144,True,3.673448806532906,6.0,120.94460114892766,0.0021860208310994604,True,0.09159171448633303,0.07138914962151997,0.07138914962151997
null,edge_weakening_random_subset,random_fixed_10pct,random_fixed_10pct_vary_alpha,deterioration_severity,spectral_kappa,auc_abs_marginal_delta,7,7,280,40,40,True,4.78959112178367,6,273,0.00011560305077760944,True,2.4962368103068076,0.022835145764732796,False,3.999842429655392,6.0,120.92161943275089,0.0010922800539348893,True,0.09524020806184276,0.07510646425013175,0.07510646425013175
null,edge_weakening_random_subset,random_fixed_10pct,random_fixed_10pct_vary_alpha,deterioration_severity,spectral_kappa,auc_raw,7,7,280,40,40,True,14.39552441821639,6,273,2.9145321944150974e-14,True,3.6906022295098286,0.001524996355074099,False,12.094149300229743,6.0,120.80502471807796,1.3004464183921274e-10,True,0.24034390813077477,0.22302756819652342,0.22302756819652342
null,edge_weakening_random_subset,random_fixed_10pct,random_fixed_10pct_vary_alpha,deterioration_severity,weighted_directed_community_assortativity,auc_abs_delta,7,7,280,40,40,True,0.4985535739524443,6,273,0.8092515542255965,False,0.6590130676480556,0.6828511533363673,True,0.49216144831037345,6.0,121.1751018694049,0.8131819408492078,False,0.010838461977960099,0.0,-0.010861995749916321
null,edge_weakening_random_subset,random_fixed_10pct,random_fixed_10pct_vary_alpha,deterioration_severity,weighted_directed_community_assortativity,auc_abs_marginal_delta,7,7,280,40,40,True,0.49951044490018737,6,273,0.8085336306556402,False,0.6928066961098784,0.6556255686635111,True,0.4929892168691814,6.0,121.1714850703171,0.8125668053297387,False,0.010859038282559956,0.0,-0.010841043950646185
null,edge_weakening_random_subset,random_fixed_10pct,random_fixed_10pct_vary_alpha,deterioration_severity,weighted_directed_community_assortativity,auc_raw,7,7,280,40,40,True,1.025279666663718,6,273,0.4090307833407461,False,1.5856521974346174,0.15129674840073568,True,1.2350347026750224,6.0,121.09043375591874,0.293137963709418,False,0.022037044677849657,0.0005414138550414838,0.0005414138550414838
null,edge_weakening_random_subset,random_fixed_10pct,random_fixed_10pct_vary_alpha,deterioration_severity,weighted_directed_community_assortativity_louvain_dynamic,auc_abs_delta,7,7,280,40,40,True,0.3729965165663262,6,273,0.8958300380585149,False,0.528406697737865,0.7865597133870728,True,0.37473093967934495,6.0,121.30414780700204,0.8938598468866817,False,0.00813106936303197,0.0,-0.013618767820656458
null,edge_weakening_random_subset,random_fixed_10pct,random_fixed_10pct_vary_alpha,deterioration_severity,weighted_directed_community_assortativity_louvain_dynamic,auc_abs_marginal_delta,7,7,280,40,40,True,0.9702633870597432,6,273,0.44568538672534097,False,0.7471877752823728,0.6121197706605093,True,0.9667897430969493,6.0,121.26856322780239,0.45073829054694914,False,0.020879231498608604,0.0,-0.0006376194339122953
null,edge_weakening_random_subset,random_fixed_10pct,random_fixed_10pct_vary_alpha,deterioration_severity,weighted_directed_community_assortativity_louvain_dynamic,auc_raw,7,7,280,40,40,True,11.611925537825277,6,273,1.3968805092046542e-11,True,3.358528803193359,0.003283860915255297,False,14.08536574243656,6.0,120.89578553961563,4.1336035621155364e-12,True,0.20331875398133145,0.18526861658783927,0.18526861658783927
null,edge_weakening_random_subset,random_fixed_10pct,random_fixed_10pct_vary_alpha,deterioration_severity,weighted_efficiency,auc_abs_delta,7,7,280,40,40,True,19.29961740037555,6,273,9.560496642788099e-19,True,1.0448953417819598,0.39645373007610835,True,19.40068104580496,6.0,121.14669512911495,9.23600879853743e-16,True,0.2978353603714909,0.2816786840000149,0.2816786840000149
null,edge_weakening_random_subset,random_fixed_10pct,random_fixed_10pct_vary_alpha,deterioration_severity,weighted_efficiency,auc_abs_marginal_delta,7,7,280,40,40,True,30.447618381641163,6,273,6.646793359203488e-28,True,2.1576074138504304,0.04735302957233649,False,31.95051290122328,6.0,120.93591248651133,8.415169279780763e-23,True,0.4009028726699516,0.38688688152232525,0.38688688152232525
null,edge_weakening_random_subset,random_fixed_10pct,random_fixed_10pct_vary_alpha,deterioration_severity,weighted_efficiency,auc_raw,7,7,280,40,40,True,3.63486592592195,6,273,0.0017354826915562237,True,1.2195355773922083,0.29629087455118996,True,3.482410131024304,6.0,121.18481246298917,0.0032765084065336804,True,0.07397732460290071,0.05344389489259055,0.05344389489259055
null,edge_weakening_random_subset,random_fixed_10pct,random_fixed_10pct_vary_alpha,deterioration_severity,yuan_out_in_strength_assortativity,auc_abs_delta,7,7,280,40,40,True,1.2471640428243538,6,273,0.2823915324558702,False,0.5544661021959423,0.7663236525544272,True,1.2828479032571267,6.0,121.17557908581169,0.27016046120647863,False,0.02667892413070972,0.00526846857496865,0.00526846857496865
null,edge_weakening_random_subset,random_fixed_10pct,random_fixed_10pct_vary_alpha,deterioration_severity,yuan_out_in_strength_assortativity,auc_abs_marginal_delta,7,7,280,40,40,True,1.2517402817050023,6,273,0.2801397127170875,False,0.8430815785099521,0.5375734591308865,True,1.3277077828709982,6.0,121.04854228125774,0.24997132633864336,False,0.026774196514666105,0.005365490818603713,0.005365490818603713
null,edge_weakening_random_subset,random_fixed_10pct,random_fixed_10pct_vary_alpha,deterioration_severity,yuan_out_in_strength_assortativity,auc_raw,7,7,280,40,40,True,0.8134960853229354,6,273,0.560181372333647,False,2.3119702776977475,0.03406174136999963,False,0.8158597077125632,6.0,121.16105018081556,0.5596336178677148,False,0.017564989778017168,0.0,-0.004012548658063403
null,edge_weakening_random_subset,weighted_edge_betweenness_fixed_10pct,random_fixed_10pct_vary_alpha,deterioration_severity,community_assortativity,auc_abs_delta,7,7,280,40,40,True,,6,273,,False,,,False,,6.0,,,False,,,
null,edge_weakening_random_subset,weighted_edge_betweenness_fixed_10pct,random_fixed_10pct_vary_alpha,deterioration_severity,community_assortativity,auc_abs_marginal_delta,7,7,280,40,40,True,,6,273,,False,,,False,,6.0,,,False,,,
null,edge_weakening_random_subset,weighted_edge_betweenness_fixed_10pct,random_fixed_10pct_vary_alpha,deterioration_severity,community_assortativity,auc_raw,7,7,280,40,40,True,1.6123117706654335,6,273,0.14369571862142796,False,0.4334757750721364,0.8562542159015338,True,1.6857974174088164,6.0,121.25391248536799,0.13009017820817823,False,0.034222726715553424,0.012951036399338624,0.012951036399338624
null,edge_weakening_random_subset,weighted_edge_betweenness_fixed_10pct,random_fixed_10pct_vary_alpha,deterioration_severity,community_assortativity_louvain_dynamic,auc_abs_delta,7,7,280,40,40,True,2.0695749229248683,6,273,0.05699414250935638,False,1.839329095202079,0.09159484394929056,True,1.6533589144781788,6.0,120.96371107369743,0.13832457671517742,False,0.04350627320673178,0.022405930741687834,0.022405930741687834
null,edge_weakening_random_subset,weighted_edge_betweenness_fixed_10pct,random_fixed_10pct_vary_alpha,deterioration_severity,community_assortativity_louvain_dynamic,auc_abs_marginal_delta,7,7,280,40,40,True,1.459463917152493,6,273,0.19226159387410816,False,1.0372504101968414,0.40132418468705655,True,1.4567242775430742,6.0,120.95335010071861,0.198804559913274,False,0.031079228666820634,0.009749663540385228,0.009749663540385228
null,edge_weakening_random_subset,weighted_edge_betweenness_fixed_10pct,random_fixed_10pct_vary_alpha,deterioration_severity,community_assortativity_louvain_dynamic,auc_raw,7,7,280,40,40,True,7.5319713499475025,6,273,1.740674458047647e-07,True,1.1193781030541992,0.35112323276663054,True,7.344209680919052,6.0,121.02127653849183,1.0363275874285577e-06,True,0.14202699160937296,0.12278455978342034,0.12278455978342034
null,edge_weakening_random_subset,weighted_edge_betweenness_fixed_10pct,random_fixed_10pct_vary_alpha,deterioration_severity,gscc_ratio,auc_abs_delta,7,7,280,40,40,True,,6,273,,False,,,False,,6.0,,,False,,,
null,edge_weakening_random_subset,weighted_edge_betweenness_fixed_10pct,random_fixed_10pct_vary_alpha,deterioration_severity,gscc_ratio,auc_abs_marginal_delta,7,7,280,40,40,True,,6,273,,False,,,False,,6.0,,,False,,,
null,edge_weakening_random_subset,weighted_edge_betweenness_fixed_10pct,random_fixed_10pct_vary_alpha,deterioration_severity,gscc_ratio,auc_raw,7,7,280,40,40,True,,6,273,,False,,,False,,6.0,,,False,1.0,1.0,1.0
null,edge_weakening_random_subset,weighted_edge_betweenness_fixed_10pct,random_fixed_10pct_vary_alpha,deterioration_severity,reachability,auc_abs_delta,7,7,280,40,40,True,,6,273,,False,,,False,,6.0,,,False,,,
null,edge_weakening_random_subset,weighted_edge_betweenness_fixed_10pct,random_fixed_10pct_vary_alpha,deterioration_severity,reachability,auc_abs_marginal_delta,7,7,280,40,40,True,,6,273,,False,,,False,,6.0,,,False,,,
null,edge_weakening_random_subset,weighted_edge_betweenness_fixed_10pct,random_fixed_10pct_vary_alpha,deterioration_severity,reachability,auc_raw,7,7,280,40,40,True,,6,273,,False,,,False,,6.0,,,False,1.0,1.0,1.0
null,edge_weakening_random_subset,weighted_edge_betweenness_fixed_10pct,random_fixed_10pct_vary_alpha,deterioration_severity,spectral_gamma,auc_abs_delta,7,7,280,40,40,True,0.6645120209159529,6,273,0.6784181269021793,False,1.210315259539857,0.3010463301545717,True,0.5665788885095708,6.0,121.07513109404475,0.7562227727888309,False,0.014394433988923698,0.0,-0.007241084483222229
null,edge_weakening_random_subset,weighted_edge_betweenness_fixed_10pct,random_fixed_10pct_vary_alpha,deterioration_severity,spectral_gamma,auc_abs_marginal_delta,7,7,280,40,40,True,1.188015871906056,6,273,0.3127910703638243,False,1.2078987027959702,0.3023024152680572,True,0.9780026422894504,6.0,121.0370620520683,0.4431911174495641,False,0.025445841930090043,0.004012744548024078,0.004012744548024078
null,edge_weakening_random_subset,weighted_edge_betweenness_fixed_10pct,random_fixed_10pct_vary_alpha,deterioration_severity,spectral_gamma,auc_raw,7,7,280,40,40,True,11.99890048031358,6,273,5.843226995132903e-12,True,3.9022353083203454,0.0009317681740463786,False,10.38862391002704,6.0,120.74013223635525,2.8864733397361445e-09,True,0.20868052049833122,0.19073601499971654,0.19073601499971654
null,edge_weakening_random_subset,weighted_edge_betweenness_fixed_10pct,random_fixed_10pct_vary_alpha,deterioration_severity,spectral_kappa,auc_abs_delta,7,7,280,40,40,True,2.459222265024904,6,273,0.0247580460416175,True,1.3985092833183126,0.2152513547786719,True,2.124916618488602,6.0,121.0778145809823,0.05521099041435412,False,0.05127735915805979,0.03032094154346064,0.03032094154346064
null,edge_weakening_random_subset,weighted_edge_betweenness_fixed_10pct,random_fixed_10pct_vary_alpha,deterioration_severity,spectral_kappa,auc_abs_marginal_delta,7,7,280,40,40,True,2.701618176777171,6,273,0.014518451370593205,True,0.8125891578705868,0.5608805662517105,True,2.2206070487639944,6.0,121.16139730406479,0.04554073600383837,True,0.056048287982140274,0.035180453106511654,0.035180453106511654
null,edge_weakening_random_subset,weighted_edge_betweenness_fixed_10pct,random_fixed_10pct_vary_alpha,deterioration_severity,spectral_kappa,auc_raw,7,7,280,40,40,True,16.099487233927377,6,273,7.452806416653367e-16,True,2.9091726564501337,0.009127478220684404,False,14.964829037666735,6.0,120.71996994821886,9.644207650165073e-13,True,0.2613574878113627,0.24446215735284993,0.24446215735284993
null,edge_weakening_random_subset,weighted_edge_betweenness_fixed_10pct,random_fixed_10pct_vary_alpha,deterioration_severity,weighted_directed_community_assortativity,auc_abs_delta,7,7,280,40,40,True,2.351059284044657,6,273,0.03130923313194498,True,0.8112494762152366,0.5619140299844477,True,2.384545809629506,6.0,121.26012724334676,0.03262987588593294,True,0.049132857646655884,0.028136677805847728,0.028136677805847728
null,edge_weakening_random_subset,weighted_edge_betweenness_fixed_10pct,random_fixed_10pct_vary_alpha,deterioration_severity,weighted_directed_community_assortativity,auc_abs_marginal_delta,7,7,280,40,40,True,2.441010372887631,6,273,0.025760364272588387,True,0.83787836850841,0.5415202316015946,True,2.4710095203060907,6.0,121.25690533277012,0.027328514604944166,True,0.05091695719179322,0.029953854801653183,0.029953854801653183
null,edge_weakening_random_subset,weighted_edge_betweenness_fixed_10pct,random_fixed_10pct_vary_alpha,deterioration_severity,weighted_directed_community_assortativity,auc_raw,7,7,280,40,40,True,1.2695661247943308,6,273,0.2715036247897174,False,0.8072814174898519,0.5649795143943566,True,1.5396409055054026,6.0,121.18687923944073,0.17090137764612628,False,0.027145133683874088,0.005743241601685865,0.005743241601685865
null,edge_weakening_random_subset,weighted_edge_betweenness_fixed_10pct,random_fixed_10pct_vary_alpha,deterioration_severity,weighted_directed_community_assortativity_louvain_dynamic,auc_abs_delta,7,7,280,40,40,True,1.1418853029315217,6,273,0.3381893680544783,False,0.5470178065563308,0.7721426434127401,True,1.1436556654117054,6.0,121.1699530470072,0.34131058939639125,False,0.024481971419361797,0.0030311833406782996,0.0030311833406782996
null,edge_weakening_random_subset,weighted_edge_betweenness_fixed_10pct,random_fixed_10pct_vary_alpha,deterioration_severity,weighted_directed_community_assortativity_louvain_dynamic,auc_abs_marginal_delta,7,7,280,40,40,True,0.139311793854166,6,273,0.990937961114222,False,0.8724097725281669,0.5155788139566803,True,0.14858467669744374,6.0,121.23439369644652,0.9890297021163418,False,0.003052451677698714,0.0,-0.018789866193724983
null,edge_weakening_random_subset,weighted_edge_betweenness_fixed_10pct,random_fixed_10pct_vary_alpha,deterioration_severity,weighted_directed_community_assortativity_louvain_dynamic,auc_raw,7,7,280,40,40,True,4.654521758639557,6,273,0.0001590805903814586,True,1.1835764973805707,0.31517052483156777,True,5.455529094871541,6.0,121.09929225212856,5.021738801877447e-05,True,0.09280363156563867,0.07262391594872901,0.07262391594872901
null,edge_weakening_random_subset,weighted_edge_betweenness_fixed_10pct,random_fixed_10pct_vary_alpha,deterioration_severity,weighted_efficiency,auc_abs_delta,7,7,280,40,40,True,23.215193714099566,6,273,4.0680975846142256e-22,True,0.5941265862666427,0.7349629489735188,True,23.97373535894428,6.0,121.13586375107901,1.5017354179296827e-18,True,0.3378465876220914,0.32251152322684123,0.32251152322684123
null,edge_weakening_random_subset,weighted_edge_betweenness_fixed_10pct,random_fixed_10pct_vary_alpha,deterioration_severity,weighted_efficiency,auc_abs_marginal_delta,7,7,280,40,40,True,28.35060219622708,6,273,2.789359389470458e-26,True,1.1959277925679987,0.3085844227936083,True,30.08499468311358,6.0,121.0090817222129,7.207261093820805e-22,True,0.3838912798692856,0.3695165008977852,0.3695165008977852
null,edge_weakening_random_subset,weighted_edge_betweenness_fixed_10pct,random_fixed_10pct_vary_alpha,deterioration_severity,weighted_efficiency,auc_raw,7,7,280,40,40,True,1.7625053750524098,6,273,0.10690188894474813,False,1.0739150198849023,0.3783326312612079,True,1.5572734221596316,6.0,121.20169570491785,0.165435470519207,False,0.037291831253252125,0.016076716970341996,0.016076716970341996
null,edge_weakening_random_subset,weighted_edge_betweenness_fixed_10pct,random_fixed_10pct_vary_alpha,deterioration_severity,yuan_out_in_strength_assortativity,auc_abs_delta,7,7,280,40,40,True,1.7484744860888477,6,273,0.10993725151073083,False,0.9859629769998175,0.4350216820924171,True,2.4397118491643366,6.0,120.80906762523135,0.02916560751915918,True,0.03700594580262358,0.015785558534509386,0.015785558534509386
null,edge_weakening_random_subset,weighted_edge_betweenness_fixed_10pct,random_fixed_10pct_vary_alpha,deterioration_severity,yuan_out_in_strength_assortativity,auc_abs_marginal_delta,7,7,280,40,40,True,3.2811586493335905,6,273,0.0039214797973947885,True,0.5156879534883839,0.7962985583451174,True,3.61937290148906,6.0,121.16223164060001,0.002449860317723714,True,0.0672628272919962,0.04660388147188876,0.04660388147188876
null,edge_weakening_random_subset,weighted_edge_betweenness_fixed_10pct,random_fixed_10pct_vary_alpha,deterioration_severity,yuan_out_in_strength_assortativity,auc_raw,7,7,280,40,40,True,0.6263106006276413,6,273,0.7091868708929676,False,0.49010728141397836,0.815558984304632,True,0.6294206318249601,6.0,121.2415935617493,0.7064518998492713,False,0.013578163795721378,0.0,-0.00807226973574602
null,node_redistribution,out_degree,out_degree,node,community_assortativity,auc_abs_delta,7,7,280,40,40,True,0.6478780841576024,6,273,0.6918261206300131,False,0.5078167844838049,0.8022739745543663,True,0.815101399552198,6.0,120.8760203646183,0.5602157829528525,False,0.014039173870055297,0.0,-0.0076028365978083
null,node_redistribution,out_degree,out_degree,node,community_assortativity,auc_abs_marginal_delta,7,7,280,40,40,True,0.7872695862836411,6,273,0.5805359770346792,False,0.4269481909913265,0.8607394820809109,True,0.6719108660291655,6.0,121.1626412131914,0.6725112522327912,False,0.01700833929761402,0.0,-0.00457938402804019
null,node_redistribution,out_degree,out_degree,node,community_assortativity,auc_raw,7,7,280,40,40,True,1.3909383283638181,6,273,0.2182625837760608,False,1.0932964387578419,0.3665560532309288,True,1.389548199441508,6.0,121.18616112396924,0.22418908459746692,False,0.02966326497080257,0.0083076545949396,0.0083076545949396
null,node_redistribution,out_degree,out_degree,node,community_assortativity_louvain_dynamic,auc_abs_delta,7,7,280,40,40,True,0.7091046139512417,6,273,0.6425308523445721,False,1.3326042319791,0.24266374189809975,True,0.6783813644814619,6.0,121.11295340105451,0.6673450200158901,False,0.015345560574596193,0.0,-0.006272572466527028
null,node_redistribution,out_degree,out_degree,node,community_assortativity_louvain_dynamic,auc_abs_marginal_delta,7,7,280,40,40,True,1.3675664211705405,6,273,0.2277818003503914,False,0.604765454673408,0.7264663670596505,True,1.527659841664104,6.0,121.22963854762355,0.17470153779498518,False,0.029179377671992805,0.007814870085882065,0.007814870085882065
null,node_redistribution,out_degree,out_degree,node,community_assortativity_louvain_dynamic,auc_raw,7,7,280,40,40,True,6.942257081318938,6,273,7.010351321259801e-07,True,1.473070451538031,0.1874261419802808,True,6.004332526778408,6.0,120.97525176137526,1.6021118780507692e-05,True,0.13237906733407756,0.11295150438325502,0.11295150438325502
null,node_redistribution,out_degree,out_degree,node,gscc_ratio,auc_abs_delta,7,7,280,40,40,True,1.3066976909102388,6,273,0.2541988390255858,False,0.8493818811009936,0.5328120410309927,True,1.0909319940708604,6.0,120.86927335244731,0.37172656971000895,False,0.02791689555924433,0.006529182976454045,0.006529182976454045
null,node_redistribution,out_degree,out_degree,node,gscc_ratio,auc_abs_marginal_delta,7,7,280,40,40,True,0.8317570167939193,6,273,0.5461798384363523,False,0.2194554064720039,0.970365109127315,True,0.6063639152055463,6.0,121.23036939397223,0.7248125412275654,False,0.017952201046302563,0.0,-0.0036182513272147686
null,node_redistribution,out_degree,out_degree,node,gscc_ratio,auc_raw,7,7,280,40,40,True,1.3066976909102181,6,273,0.2541988390255955,False,0.849381881101012,0.5328120410309809,True,1.0909319940707356,6.0,120.86927335244732,0.3717265697100818,False,0.027916895559242445,0.0065291829764521254,0.0065291829764521254
null,node_redistribution,out_degree,out_degree,node,reachability,auc_abs_delta,7,7,280,40,40,True,1.2183374119451595,6,273,0.2969055183332628,False,1.0115101989097042,0.41801559589451287,True,1.1092588235826248,6.0,120.93317323940926,0.36093982961169624,False,0.026078355511717947,0.004656870917170278,0.004656870917170278
null,node_redistribution,out_degree,out_degree,node,reachability,auc_abs_marginal_delta,7,7,280,40,40,True,1.0111706281735426,6,273,0.41823878623043764,False,0.2741970273831597,0.9487495787639403,True,0.77884444302832,6.0,121.2369952778819,0.588066507607413,False,0.021740382246174042,0.00023931331914449998,0.00023931331914449998
null,node_redistribution,out_degree,out_degree,node,reachability,auc_raw,7,7,280,40,40,True,1.2183374119451653,6,273,0.2969055183332573,False,1.0115101989096522,0.4180155958945467,True,1.1092588235825815,6.0,120.93317323940929,0.360939829611724,False,0.026078355511717433,0.004656870917169757,0.004656870917169757
null,node_redistribution,out_degree,out_degree,node,spectral_gamma,auc_abs_delta,7,7,280,40,40,True,0.4486332780460754,6,273,0.8456627522484412,False,1.6097130730043536,0.14442146447716847,True,0.4503474674741539,6.0,121.18913606071148,0.8435318750528658,False,0.009763800270865238,0.0,-0.011956264463528491
null,node_redistribution,out_degree,out_degree,node,spectral_gamma,auc_abs_marginal_delta,7,7,280,40,40,True,1.1880407891744833,6,273,0.3127777537796496,False,1.1302966197288082,0.34480440867254974,True,0.7384443693080717,6.0,120.08999288490084,0.6196672523351994,False,0.02544636204674394,0.004013274212664843,0.004013274212664843
null,node_redistribution,out_degree,out_degree,node,spectral_gamma,auc_raw,7,7,280,40,40,True,1.916243238690274,6,273,0.07831008670452916,False,1.4138315505802732,0.2092640120776582,True,2.3071654573636566,6.0,121.14867607819855,0.03821390783269059,True,0.040413223566532555,0.019255721024895242,0.019255721024895242
null,node_redistribution,out_degree,out_degree,node,spectral_kappa,auc_abs_delta,7,7,280,40,40,True,0.7117518767525087,6,273,0.640407516370413,False,1.2056901503520363,0.3034539220156176,True,0.6980928871336991,6.0,121.23844999697766,0.6516300781947661,False,0.015401966985600583,0.0,-0.00621513480408212
null,node_redistribution,out_degree,out_degree,node,spectral_kappa,auc_abs_marginal_delta,7,7,280,40,40,True,1.1450977202173893,6,273,0.33637236002144855,False,1.5359825747783478,0.16640808477275387,True,0.754865353229436,6.0,120.17272080232469,0.6067677517122791,False,0.02454915470615618,0.0030995994728633624,0.0030995994728633624
null,node_redistribution,out_degree,out_degree,node,spectral_kappa,auc_raw,7,7,280,40,40,True,2.0702644481867822,6,273,0.056911919070585494,False,1.460321687858223,0.19195363414632075,True,2.6259074904312385,6.0,121.1438273363457,0.019851514071586047,True,0.04352013746826449,0.022420051377240062,0.022420051377240062
null,node_redistribution,out_degree,out_degree,node,weighted_directed_community_assortativity,auc_abs_delta,7,7,280,40,40,True,1.5170771849973521,6,273,0.17249756837174363,False,0.624896730084434,0.7103231918503176,True,1.6634052804504387,6.0,121.1248058877878,0.13571957804715906,False,0.032266514122690625,0.010958799425135413,0.010958799425135413
null,node_redistribution,out_degree,out_degree,node,weighted_directed_community_assortativity,auc_abs_marginal_delta,7,7,280,40,40,True,0.31466828733440283,6,273,0.9290754881973243,False,0.45109837203197833,0.8439179072182244,True,0.28134254441502665,6.0,121.27284445123615,0.944821305209719,False,0.006868286928564167,0.0,-0.014904563196157568
null,node_redistribution,out_degree,out_degree,node,weighted_directed_community_assortativity,auc_raw,7,7,280,40,40,True,0.8385899058793846,6,273,0.5409797489689285,False,0.5052915878790842,0.8041821044062722,True,0.861211722166145,6.0,121.19525556617768,0.5256189400241706,False,0.01809700958925781,0.0,-0.0034707924655532955
null,node_redistribution,out_degree,out_degree,node,weighted_directed_community_assortativity_louvain_dynamic,auc_abs_delta,7,7,280,40,40,True,0.8428283008241014,6,273,0.5377652761762609,False,0.3889840975693005,0.8858252644144311,True,0.7685240436530093,6.0,121.21954242120785,0.5960871806533466,False,0.018186811891433764,0.0,-0.0033793465030260835
null,node_redistribution,out_degree,out_degree,node,weighted_directed_community_assortativity_louvain_dynamic,auc_abs_marginal_delta,7,7,280,40,40,True,2.361806969445818,6,273,0.030590498231253635,True,0.9981872904702375,0.4268302316738589,True,3.2436186333718107,6.0,121.02806612913295,0.005437103527226416,True,0.04934638115425838,0.028354158821775968,0.028354158821775968
null,node_redistribution,out_degree,out_degree,node,weighted_directed_community_assortativity_louvain_dynamic,auc_raw,7,7,280,40,40,True,1.8281593966306302,6,273,0.0936879989031885,False,0.17760682652103058,0.9827628825190958,True,2.0652128950503106,6.0,121.2205286873981,0.06219056756387813,False,0.03862730813826651,0.01743683397275612,0.01743683397275612
null,node_redistribution,out_degree,out_degree,node,weighted_efficiency,auc_abs_delta,7,7,280,40,40,True,7.020755206368919,6,273,5.822071083125895e-07,True,1.1700065462166824,0.3225292086663517,True,7.300500160044134,6.0,121.16986401774413,1.1286832299151362e-06,True,0.1336758235631294,0.11427310337707353,0.11427310337707353
null,node_redistribution,out_degree,out_degree,node,weighted_efficiency,auc_abs_marginal_delta,7,7,280,40,40,True,3.5363392496027592,6,273,0.002179998433185649,True,1.0751749685625405,0.3775590958037899,True,3.6270165965344994,6.0,121.17274208358208,0.002410284036998769,True,0.07211670576798705,0.051548461366750245,0.051548461366750245
null,node_redistribution,out_degree,out_degree,node,weighted_efficiency,auc_raw,7,7,280,40,40,True,1.6101019865571486,6,273,0.14431264501005275,False,0.5416267703074078,0.776337605966775,True,1.453394107830682,6.0,121.31138349680651,0.19997376338152967,False,0.03417742519463407,0.012904900312291872,0.012904900312291872
null,node_redistribution,out_degree,out_degree,node,yuan_out_in_strength_assortativity,auc_abs_delta,7,7,280,40,40,True,0.6178798669207127,6,273,0.7159582003045348,False,1.2669305087638716,0.27276697164832714,True,0.528340026674425,6.0,120.87054998901897,0.78586631329725,False,0.0133978376435275,0.0,-0.008255890177124175
null,node_redistribution,out_degree,out_degree,node,yuan_out_in_strength_assortativity,auc_abs_marginal_delta,7,7,280,40,40,True,1.0377739688828538,6,273,0.40098935703554284,False,0.9102329539550631,0.4878926094559777,True,1.0649481245328871,6.0,121.29076270359826,0.3873878839425466,False,0.022299604823745094,0.0008087875236023495,0.0008087875236023495
null,node_redistribution,out_degree,out_degree,node,yuan_out_in_strength_assortativity,auc_raw,7,7,280,40,40,True,0.6017885080185124,6,273,0.7288466520943304,False,1.1590805418503891,0.3285477947107836,True,0.7257037914066924,6.0,121.01913864908924,0.6297170143327246,False,0.013053474225058379,0.0,-0.008606543928861515
null,node_redistribution,out_strength,out_strength,node,community_assortativity,auc_abs_delta,7,7,280,40,40,True,0.3040865395668742,6,273,0.934505359679778,False,0.66784137294399,0.6757342468551528,True,0.34208666173082775,6.0,121.08135471231073,0.9132723263468282,False,0.006638851738789632,0.0,-0.015138178339413442
null,node_redistribution,out_strength,out_strength,node,community_assortativity,auc_abs_marginal_delta,7,7,280,40,40,True,0.4677889487035984,6,273,0.8319497154404526,False,0.555440308725006,0.7655606530580146,True,0.4654794585328192,6.0,121.08042272199388,0.8327205116469607,False,0.010176450932317322,0.0,-0.01153608608137746
null,node_redistribution,out_strength,out_strength,node,community_assortativity,auc_raw,7,7,280,40,40,True,0.6205493707135776,6,273,0.7138153215535541,False,1.3046501482799275,0.25512924422833805,True,0.6083318827796935,6.0,121.11695373135022,0.7232480771539559,False,0.013454943169164086,0.0,-0.00819774144506744
null,node_redistribution,out_strength,out_strength,node,community_assortativity_louvain_dynamic,auc_abs_delta,7,7,280,40,40,True,1.0512075315338756,6,273,0.3924626028197495,False,0.41586349126492067,0.8682453422937022,True,1.0581732208891717,6.0,121.26195759040165,0.3915545806115103,False,0.02258174572210145,0.0010961014903337375,0.0010961014903337375
null,node_redistribution,out_strength,out_strength,node,community_assortativity_louvain_dynamic,auc_abs_marginal_delta,7,7,280,40,40,True,0.3090248748011382,6,273,0.9319957816633784,False,0.962544291958583,0.450986827669272,True,0.3921924164045283,6.0,121.13411122075443,0.8828524458448814,False,0.006745938723771667,0.0,-0.015029140444263555
null,node_redistribution,out_strength,out_strength,node,community_assortativity_louvain_dynamic,auc_raw,7,7,280,40,40,True,4.259283163118505,6,273,0.0004037324746671436,True,1.1762531702902348,0.31912581310616844,True,3.6149552987195928,6.0,121.18339930566373,0.002472738360085752,True,0.08559775970156062,0.06528234663998488,0.06528234663998488
null,node_redistribution,out_strength,out_strength,node,gscc_ratio,auc_abs_delta,7,7,280,40,40,True,0.33615232448292287,6,273,0.9174616724834062,False,0.6151872143751034,0.7181184325590244,True,0.28025700331914993,6.0,121.06155650336187,0.9453234841111533,False,0.007333781468026634,0.0,-0.014430586865660936
null,node_redistribution,out_strength,out_strength,node,gscc_ratio,auc_abs_marginal_delta,7,7,280,40,40,True,0.6332755334940122,6,273,0.7035854402513467,False,1.1018345174457205,0.36145145809430973,True,0.7299020540600126,6.0,121.09034894485669,0.6263978977429419,False,0.01372708801121728,0.0,-0.007920624715266235
null,node_redistribution,out_strength,out_strength,node,gscc_ratio,auc_raw,7,7,280,40,40,True,0.33615232448291965,6,273,0.9174616724834062,False,0.6151872143750896,0.7181184325590324,True,0.28025700331910997,6.0,121.0615565033619,0.9453234841111724,False,0.007333781468025629,0.0,-0.014430586865661964
null,node_redistribution,out_strength,out_strength,node,reachability,auc_abs_delta,7,7,280,40,40,True,0.29519737994862055,6,273,0.9389129705074754,False,0.41563812647497744,0.8683964571786327,True,0.21672211359763344,6.0,121.19425050604214,0.9708456361241184,False,0.00644603357638381,0.0,-0.015334509047259531
null,node_redistribution,out_strength,out_strength,node,reachability,auc_abs_marginal_delta,7,7,280,40,40,True,0.5314913106439272,6,273,0.7841832583277617,False,1.1703521618062784,0.3223401907771781,True,0.5644762105922508,6.0,121.16323852355308,0.7578699998068414,False,0.011546254433887024,0.0,-0.010141285061325273
null,node_redistribution,out_strength,out_strength,node,reachability,auc_raw,7,7,280,40,40,True,0.295197379948612,6,273,0.9389129705074803,False,0.41563812647498155,0.8683964571786327,True,0.21672211359791957,6.0,121.19425050604214,0.9708456361240217,False,0.006446033576391045,0.0,-0.015334509047252165
null,node_redistribution,out_strength,out_strength,node,spectral_gamma,auc_abs_delta,7,7,280,40,40,True,0.9324757260871073,6,273,0.471995992038744,False,0.2882788519425646,0.9422441550234213,True,0.8859845207292769,6.0,121.27298620757296,0.5074747024044972,False,0.0200824037810936,0.0,-0.0014490454211318587
null,node_redistribution,out_strength,out_strength,node,spectral_gamma,auc_abs_marginal_delta,7,7,280,40,40,True,0.5590269464883255,6,273,0.7627479649916544,False,0.8249864385707779,0.5513538022982682,True,0.6164285158693383,6.0,120.73022839214825,0.7168051621133722,False,0.012137185336933067,0.0,-0.009539565965240249
null,node_redistribution,out_strength,out_strength,node,spectral_gamma,auc_raw,7,7,280,40,40,True,1.6442184526133738,6,273,0.13504559157893828,False,0.5225624322326524,0.7910470021951497,True,1.8401441451743765,6.0,121.17298431337838,0.09679707923603506,False,0.03487635401711132,0.013616706831613371,0.013616706831613371
null,node_redistribution,out_strength,out_strength,node,spectral_kappa,auc_abs_delta,7,7,280,40,40,True,1.6593588317619061,6,273,0.13110581677214508,False,0.4040081758779479,0.8761112979947758,True,1.6339259265655226,6.0,121.26360809769504,0.14343993885697656,False,0.03518620424169811,0.013932267178949933,0.013932267178949933
null,node_redistribution,out_strength,out_strength,node,spectral_kappa,auc_abs_marginal_delta,7,7,280,40,40,True,0.6262868425979427,6,273,0.7092059673822215,False,1.2179558020721777,0.29710148741996556,True,0.6767150955864435,6.0,120.58618376265166,0.6686759290558115,False,0.013577655724491587,0.0,-0.008072787089017076
null,node_redistribution,out_strength,out_strength,node,spectral_kappa,auc_raw,7,7,280,40,40,True,1.778043979879598,6,273,0.10362944269630955,False,0.2892175313256893,0.9417973500951404,True,1.8675976269129417,6.0,121.21623544112931,0.09176967528699292,False,0.037608239051435635,0.01639896142851146,0.01639896142851146
null,node_redistribution,out_strength,out_strength,node,weighted_directed_community_assortativity,auc_abs_delta,7,7,280,40,40,True,0.3275415867431362,6,273,0.922209204331627,False,0.385329064529852,0.8881435034201633,True,0.30001626312177543,6.0,121.09526163373394,0.935805661505201,False,0.007147265059443749,0.0,-0.014620501989117565
null,node_redistribution,out_strength,out_strength,node,weighted_directed_community_assortativity,auc_abs_marginal_delta,7,7,280,40,40,True,0.07028335623729068,6,273,0.9986401385532135,False,1.3849752249694132,0.2206591167684653,True,0.06464508473755184,6.0,121.05445802317652,0.998903070098816,False,0.0015423067635516544,0.0,-0.020327473591858013
null,node_redistribution,out_strength,out_strength,node,weighted_directed_community_assortativity,auc_raw,7,7,280,40,40,True,0.7541541052395244,6,273,0.6065946105077913,False,0.8404640496319972,0.5395573050679248,True,0.8080972876957591,6.0,121.15329911010858,0.5655503685128493,False,0.016304570255973976,0.0,-0.005296026452622757
null,node_redistribution,out_strength,out_strength,node,weighted_directed_community_assortativity_louvain_dynamic,auc_abs_delta,7,7,280,40,40,True,1.2935768144049422,6,273,0.26020892709697535,False,0.72669623466467,0.6284444747111664,True,1.3866100896520772,6.0,121.1539440362752,0.22536320273129715,False,0.027644324338265303,0.0062516033274672925,0.0062516033274672925
null,node_redistribution,out_strength,out_strength,node,weighted_directed_community_assortativity_louvain_dynamic,auc_abs_marginal_delta,7,7,280,40,40,True,0.5680782122251148,6,273,0.7556256896382054,False,0.1986569897838168,0.9769815938824196,True,0.5917479428231014,6.0,121.19865281385836,0.7364016906487088,False,0.012331276542687846,0.0,-0.009341930812125466
null,node_redistribution,out_strength,out_strength,node,weighted_directed_community_assortativity_louvain_dynamic,auc_raw,7,7,280,40,40,True,4.77541174095934,6,273,0.0001195453022354285,True,1.0438652619597533,0.39710763900934903,True,4.983863430652827,6.0,121.14862495905639,0.00013534026397109597,True,0.09498503494241546,0.07484647461292093,0.07484647461292093
null,node_redistribution,out_strength,out_strength,node,weighted_efficiency,auc_abs_delta,7,7,280,40,40,True,3.9139543642966355,6,273,0.0009066255484184541,True,0.8967252425738966,0.4976880103564537,True,3.9975138748235106,6.0,121.15572837781497,0.0010963297648431838,True,0.07920747114148324,0.0587720424574113,0.0587720424574113
null,node_redistribution,out_strength,out_strength,node,weighted_efficiency,auc_abs_marginal_delta,7,7,280,40,40,True,5.21407177370137,6,273,4.229658386755708e-05,True,1.3899377934729589,0.2186631624912072,True,4.71659758468623,6.0,121.22988701179604,0.00023797858180139175,True,0.10281311658365404,0.08282253565640027,0.08282253565640027
null,node_redistribution,out_strength,out_strength,node,weighted_efficiency,auc_raw,7,7,280,40,40,True,3.022244484166595,6,273,0.00707166192585777,True,0.5590728027244536,0.7627119675791811,True,2.940511930905746,6.0,121.28090518113164,0.010291229890372143,True,0.062285751953473203,0.04153398456379271,0.04153398456379271
null,node_redistribution,out_strength,out_strength,node,yuan_out_in_strength_assortativity,auc_abs_delta,7,7,280,40,40,True,0.6589542507829653,6,273,0.6828985684456639,False,0.674505306519242,0.6703631228503606,True,0.8041718076320988,6.0,120.9901741581771,0.5685549561152743,False,0.014275762124134068,0.0,-0.0073619250527643225
null,node_redistribution,out_strength,out_strength,node,yuan_out_in_strength_assortativity,auc_abs_marginal_delta,7,7,280,40,40,True,0.8634059634992052,6,273,0.5222844480982373,False,1.0371297802940618,0.4014013568280086,True,0.9562205252139998,6.0,121.03298247948497,0.4579429960390906,False,0.018622574108963147,0.0,-0.0029356076356570515
null,node_redistribution,out_strength,out_strength,node,yuan_out_in_strength_assortativity,auc_raw,7,7,280,40,40,True,0.4327557346505903,6,273,0.8567512791977187,False,0.9069476893454805,0.4902653128240202,True,0.5240150688863928,6.0,121.03950428210135,0.7891757090762355,False,0.009421506019594848,0.0,-0.012304802008391347
null,node_redistribution,random,random,node,community_assortativity,auc_abs_delta,7,7,280,40,40,True,0.919317126965139,6,273,0.48136468002641497,False,2.0640716097207346,0.05765440238608806,True,0.7414730799157299,6.0,120.94534569263139,0.617274781358969,False,0.019804624106180693,0.0,-0.0017319130447533695
null,node_redistribution,random,random,node,community_assortativity,auc_abs_marginal_delta,7,7,280,40,40,True,0.9895775355673968,6,273,0.43258932809962947,False,1.0090394612895646,0.4196413094065437,True,1.0241379314779666,6.0,121.16236634760045,0.4129543645843265,False,0.02128600834908236,0.0,-0.00022338841479446918
null,node_redistribution,random,random,node,community_assortativity,auc_raw,7,7,280,40,40,True,1.2783212398481918,6,273,0.26734051512799684,False,0.1832270624858285,0.9813095048182617,True,1.2136111294170884,6.0,121.29935730811333,0.3039104595511941,False,0.027327214956984206,0.005928667835689592,0.005928667835689592
null,node_redistribution,random,random,node,community_assortativity_louvain_dynamic,auc_abs_delta,7,7,280,40,40,True,0.9690335356315884,6,273,0.4465274844895001,False,2.0379144846781836,0.06089189334853725,True,0.8397624673540799,6.0,121.00388927691509,0.5415873448302866,False,0.02085331804649117,0.0,-0.0006640077072732423
null,node_redistribution,random,random,node,community_assortativity_louvain_dynamic,auc_abs_marginal_delta,7,7,280,40,40,True,0.4392476884873108,6,273,0.8522494786387038,False,0.31003707484279963,0.9314760911690917,True,0.42935483106443606,6.0,121.25428710355853,0.8581601816406963,False,0.00956149067711855,0.0,-0.012162264198757936
null,node_redistribution,random,random,node,community_assortativity_louvain_dynamic,auc_raw,7,7,280,40,40,True,15.043177485906346,6,273,7.161819762423933e-15,True,0.45301288643866644,0.8425586145608368,True,13.452818064156205,6.0,121.26473573589419,1.1892647140134938e-11,True,0.24847023414666863,0.2313163158616227,0.2313163158616227
null,node_redistribution,random,random,node,gscc_ratio,auc_abs_delta,7,7,280,40,40,True,1.8596600661873834,6,273,0.08789480642142602,False,0.4992035143816632,0.8087639882074781,True,1.822137528676298,6.0,121.20783898984511,0.10022697958683503,False,0.039266752835399425,0.01808808139159749,0.01808808139159749
null,node_redistribution,random,random,node,gscc_ratio,auc_abs_marginal_delta,7,7,280,40,40,True,0.9048565894044799,6,273,0.4917788176991399,False,0.852083846985189,0.5307760291117776,True,0.8533118941426892,6.0,121.24713193219803,0.5314706167505525,False,0.01949917866163814,0.0,-0.0020429525156899974
null,node_redistribution,random,random,node,gscc_ratio,auc_raw,7,7,280,40,40,True,1.8596600661873783,6,273,0.08789480642142806,False,0.4992035143816604,0.8087639882074781,True,1.8221375286759396,6.0,121.20783898984511,0.10022697958690353,False,0.03926675283539188,0.0180880813915898,0.0180880813915898
null,node_redistribution,random,random,node,reachability,auc_abs_delta,7,7,280,40,40,True,2.173745841365225,6,273,0.04576165449969596,True,0.8965861641499352,0.49778940860434795,True,2.2917942420096837,6.0,121.13848105287717,0.03942709923516733,True,0.04559628791492306,0.024534609545197945,0.024534609545197945
null,node_redistribution,random,random,node,reachability,auc_abs_marginal_delta,7,7,280,40,40,True,0.9455950674737458,6,273,0.4627601349126427,False,0.46339896646619116,0.835122929092015,True,0.8866009192166379,6.0,121.27398862781395,0.5070274781008466,False,0.02035919802728654,0.0,-0.0011671807052925857
null,node_redistribution,random,random,node,reachability,auc_raw,7,7,280,40,40,True,2.173745841365207,6,273,0.045761654499698115,True,0.8965861641500082,0.4977894086043022,True,2.291794242008772,6.0,121.13848105287717,0.03942709923524024,True,0.04559628791490563,0.02453460954518019,0.02453460954518019
null,node_redistribution,random,random,node,spectral_gamma,auc_abs_delta,7,7,280,40,40,True,1.2877591989251462,6,273,0.26291021388152297,False,0.9889953550453845,0.4329805162999014,True,1.1174892890960682,6.0,121.17141120040286,0.3561585572684405,False,0.02752342110358493,0.006128478702920657,0.006128478702920657
null,node_redistribution,random,random,node,spectral_gamma,auc_abs_marginal_delta,7,7,280,40,40,True,1.4315534808762265,6,273,0.20251508744589827,False,2.1982568922962398,0.04344115163553402,False,1.6602981044986302,6.0,120.3204119212908,0.13658357009326647,False,0.03050300649987139,0.009162840538863619,0.009162840538863619
null,node_redistribution,random,random,node,spectral_gamma,auc_raw,7,7,280,40,40,True,3.5445698645608377,6,273,0.002138919759526671,True,1.8391071456817258,0.09163601488265084,True,3.2199499845171995,6.0,121.15922518891202,0.005713576979299425,True,0.07227242229566601,0.05170709057363663,0.05170709057363663
null,node_redistribution,random,random,node,spectral_kappa,auc_abs_delta,7,7,280,40,40,True,2.3862228364375784,6,273,0.029015921780038867,True,1.6218288647308123,0.14106540954653946,True,2.0825813777864015,6.0,121.13401193135626,0.060081049814567085,False,0.04983109326847653,0.02884785599309321,0.02884785599309321
null,node_redistribution,random,random,node,spectral_kappa,auc_abs_marginal_delta,7,7,280,40,40,True,1.7028821103506107,6,273,0.12034750773639268,False,1.2480745811274632,0.28194234966698023,True,2.068204116774758,6.0,120.77640133333905,0.061852116645540155,False,0.03607580796379385,0.014838269067313399,0.014838269067313399
null,node_redistribution,random,random,node,spectral_kappa,auc_raw,7,7,280,40,40,True,4.893359001173225,6,273,9.043567968089174e-05,True,1.379807314405418,0.22275384432769696,True,4.484907849159768,6.0,121.12093431573909,0.00038921287435781234,True,0.09710325126490006,0.07700468798712885,0.07700468798712885
null,node_redistribution,random,random,node,weighted_directed_community_assortativity,auc_abs_delta,7,7,280,40,40,True,0.2536727178937448,6,273,0.9575520047419895,False,0.7564875893097578,0.60474695333859,True,0.24851687689749982,6.0,121.06224076046566,0.9590737260019933,False,0.005544313774717694,0.0,-0.016252651703118525
null,node_redistribution,random,random,node,weighted_directed_community_assortativity,auc_abs_marginal_delta,7,7,280,40,40,True,0.6973790913819421,6,273,0.6519483593101392,False,0.8075089925409044,0.564803526188312,True,0.6650727035058448,6.0,121.1946809938321,0.677973661844784,False,0.015095641897833028,0.0,-0.006527060002427107
null,node_redistribution,random,random,node,weighted_directed_community_assortativity,auc_raw,7,7,280,40,40,True,0.8498203332160105,6,273,0.5324814082204674,False,0.6031593542544903,0.7277508159105315,True,0.8940011103066715,6.0,121.21923704039082,0.5016767036702953,False,0.01833492184233987,0.0,-0.0032285255501854205
null,node_redistribution,random,random,node,weighted_directed_community_assortativity_louvain_dynamic,auc_abs_delta,7,7,280,40,40,True,1.6041841281586815,6,273,0.1459763716338516,False,1.4058962458607382,0.21234704611905564,True,1.3120848538991412,6.0,121.1343343054809,0.25685293897438155,False,0.03405608562912582,0.012781325446861226,0.012781325446861226
null,node_redistribution,random,random,node,weighted_directed_community_assortativity_louvain_dynamic,auc_abs_marginal_delta,7,7,280,40,40,True,3.3039702684559535,6,273,0.003721793348189343,True,0.5800005097414775,0.7461962290419453,True,3.10886580980595,6.0,121.13977897969228,0.007224215519772427,True,0.0676988009434848,0.04704799473015432,0.04704799473015432
null,node_redistribution,random,random,node,weighted_directed_community_assortativity_louvain_dynamic,auc_raw,7,7,280,40,40,True,5.465980042131566,6,273,2.3266336892650513e-05,True,1.9064787427859462,0.07989189365890524,True,6.4085395569601245,6.0,121.06246334923792,6.946764111237099e-06,True,0.1072476196398666,0.08734106934783627,0.08734106934783627
null,node_redistribution,random,random,node,weighted_efficiency,auc_abs_delta,7,7,280,40,40,True,8.534605534255153,6,273,1.6527682282583554e-08,True,0.935273569806649,0.4700174777171766,True,8.604293585633082,6.0,121.18219719634094,8.51259675770493e-08,True,0.1579470313490975,0.13901159932786541,0.13901159932786541
null,node_redistribution,random,random,node,weighted_efficiency,auc_abs_marginal_delta,7,7,280,40,40,True,5.192291078588885,6,273,4.4538691769059095e-05,True,0.9285857578120507,0.4747547205416137,True,5.220767747027127,6.0,121.16219294956588,8.214978173413912e-05,True,0.10242762692534949,0.08242974815935959,0.08242974815935959
null,node_redistribution,random,random,node,weighted_efficiency,auc_raw,7,7,280,40,40,True,2.320541241857502,6,273,0.033439115386427395,True,1.269865825322096,0.27136026371056154,True,2.156899386681916,6.0,121.18716373445248,0.051774031649992155,False,0.04852603466198929,0.027518609633941465,0.027518609633941465
null,node_redistribution,random,random,node,yuan_out_in_strength_assortativity,auc_abs_delta,7,7,280,40,40,True,0.6176047046234144,6,273,0.7161790124928488,False,0.6163245894187614,0.7172061072241112,True,0.5507737967143564,6.0,121.24550274211941,0.7685576681268862,False,0.01339195104730796,0.0,-0.008261884308581378
null,node_redistribution,random,random,node,yuan_out_in_strength_assortativity,auc_abs_marginal_delta,7,7,280,40,40,True,2.1926981080193872,6,273,0.0439574266356378,True,1.079177838759809,0.37510890221190685,True,2.779451206675974,6.0,121.05075986022692,0.014426205709924181,True,0.04597555170926022,0.024920892987911714,0.024920892987911714
null,node_redistribution,random,random,node,yuan_out_in_strength_assortativity,auc_raw,7,7,280,40,40,True,1.0684916490905452,6,273,0.3816748745940097,False,0.8410757345773193,0.5390934095186672,True,1.0447339656151784,6.0,121.17736970203327,0.3999134566247219,False,0.02294451916420214,0.0014655272723758557,0.0014655272723758557
null,node_redistribution,weighted_betweenness,weighted_betweenness,node,community_assortativity,auc_abs_delta,7,7,280,40,40,True,1.0020014235742565,6,273,0.42429464500890823,False,0.6747111860516471,0.6701972107304253,True,0.9236428233040606,6.0,120.9892630360638,0.48055839369526454,False,0.0215474902778333,4.288580874831332e-05,4.288580874831332e-05
null,node_redistribution,weighted_betweenness,weighted_betweenness,node,community_assortativity,auc_abs_marginal_delta,7,7,280,40,40,True,1.0199531270411462,6,273,0.4124912506653001,False,0.6534080727252878,0.687369343125569,True,0.8241827395344753,6.0,121.23563020257605,0.5533175085313591,False,0.02192506781457314,0.0004273842726097299,0.0004273842726097299
null,node_redistribution,weighted_betweenness,weighted_betweenness,node,community_assortativity,auc_raw,7,7,280,40,40,True,0.7034303965584452,6,273,0.6470857542470789,False,0.92349921630421,0.47837583508219905,True,0.6362268428540511,6.0,121.19000631011275,0.7010195326734328,False,0.015224635714729134,0.0,-0.006395708058087201
null,node_redistribution,weighted_betweenness,weighted_betweenness,node,community_assortativity_louvain_dynamic,auc_abs_delta,7,7,280,40,40,True,2.7537367228181115,6,273,0.01292855989997311,True,0.5842628888925331,0.7428131569261982,True,2.7306153236192667,6.0,121.2699421064994,0.015964670200898246,True,0.05706784406431116,0.036218961430605504,0.036218961430605504
null,node_redistribution,weighted_betweenness,weighted_betweenness,node,community_assortativity_louvain_dynamic,auc_abs_marginal_delta,7,7,280,40,40,True,1.2899589692265498,6,273,0.26188615120154635,False,0.45647956687186075,0.8400881752692443,True,1.3123918795143596,6.0,121.25573764719198,0.2567070511206667,False,0.027569140850816926,0.006175038459426896,0.006175038459426896
null,node_redistribution,weighted_betweenness,weighted_betweenness,node,community_assortativity_louvain_dynamic,auc_raw,7,7,280,40,40,True,6.454873762689792,6,273,2.2246054001460932e-06,True,1.7904619949412015,0.10108010526764025,True,6.926360653168397,6.0,121.03900899235721,2.411399919994692e-06,True,0.12424000474283209,0.10465680249959516,0.10465680249959516
null,node_redistribution,weighted_betweenness,weighted_betweenness,node,gscc_ratio,auc_abs_delta,7,7,280,40,40,True,1.273103160078888,6,273,0.2698155441581024,False,1.3064671369370109,0.25430346510514784,True,1.3530875445521904,6.0,121.09371193224423,0.23910575093473757,False,0.027218702075886336,0.005818161467065286,0.005818161467065286
null,node_redistribution,weighted_betweenness,weighted_betweenness,node,gscc_ratio,auc_abs_marginal_delta,7,7,280,40,40,True,1.612463991505192,6,273,0.14365330795215253,False,1.5807958545877594,0.1527189847575251,True,1.6817825508136675,6.0,121.04642971722242,0.131098953818848,False,0.03422584715152935,0.01295421432202935,0.01295421432202935
null,node_redistribution,weighted_betweenness,weighted_betweenness,node,gscc_ratio,auc_raw,7,7,280,40,40,True,1.2731031600788985,6,273,0.2698155441580936,False,1.3064671369370122,0.25430346510514223,True,1.3530875445521922,6.0,121.09371193224423,0.23910575093473502,False,0.027218702075886288,0.005818161467065237,0.005818161467065237
null,node_redistribution,weighted_betweenness,weighted_betweenness,node,reachability,auc_abs_delta,7,7,280,40,40,True,2.527981807662956,6,273,0.02130121796490105,True,1.164383065762324,0.3256164543714817,True,2.7449299036711645,6.0,121.13913190655302,0.015500070289164522,True,0.052635603506865254,0.031704387437890565,0.031704387437890565
null,node_redistribution,weighted_betweenness,weighted_betweenness,node,reachability,auc_abs_marginal_delta,7,7,280,40,40,True,1.0984673330303847,6,273,0.36345847288978683,False,0.7700694070440058,0.5940257056746758,True,1.1853016342381943,6.0,121.18803938663824,0.3186472319493424,False,0.02357303567904368,0.002105571493303372,0.002105571493303372
null,node_redistribution,weighted_betweenness,weighted_betweenness,node,reachability,auc_raw,7,7,280,40,40,True,2.5279818076628824,6,273,0.02130121796490445,True,1.1643830657623433,0.325616454371467,True,2.7449299036708634,6.0,121.13913190655299,0.0155000702891742,True,0.052635603506859904,0.03170438743788512,0.03170438743788512
null,node_redistribution,weighted_betweenness,weighted_betweenness,node,spectral_gamma,auc_abs_delta,7,7,280,40,40,True,1.9532679083770377,6,273,0.07257225738211563,False,0.31140319438770847,0.930771844371606,True,1.917157354538319,6.0,121.22061008976087,0.08330989780376674,False,0.04116192613221953,0.020018253214413712,0.020018253214413712
null,node_redistribution,weighted_betweenness,weighted_betweenness,node,spectral_gamma,auc_abs_marginal_delta,7,7,280,40,40,True,1.2162615638748644,6,273,0.29797274798416923,False,1.2452005893020803,0.28336205782153684,True,1.1711434144506259,6.0,121.05784032546939,0.3262265765820713,False,0.02603507907437918,0.004612799840731383,0.004612799840731383
null,node_redistribution,weighted_betweenness,weighted_betweenness,node,spectral_gamma,auc_raw,7,7,280,40,40,True,1.7612716705690152,6,273,0.10716569476355299,False,0.6941803354417919,0.6545206115884932,True,1.835672386316119,6.0,121.21319884519765,0.09763604089421772,False,0.0372667007956498,0.01605112297220268,0.01605112297220268
null,node_redistribution,weighted_betweenness,weighted_betweenness,node,spectral_kappa,auc_abs_delta,7,7,280,40,40,True,2.646698815627348,6,273,0.016398539315147138,True,0.23828680007132869,0.9636063614818926,True,2.721216877457147,6.0,121.264181571842,0.016280496738237078,True,0.05497155320580958,0.0340837116021411,0.0340837116021411
null,node_redistribution,weighted_betweenness,weighted_betweenness,node,spectral_kappa,auc_abs_marginal_delta,7,7,280,40,40,True,0.7950608297785151,6,273,0.5744607569881193,False,1.2659044773228156,0.2732600523163099,True,0.8475410538005572,6.0,121.13180807326407,0.5357687575866211,False,0.0171737722238202,0.0,-0.004410924459000436
null,node_redistribution,weighted_betweenness,weighted_betweenness,node,spectral_kappa,auc_raw,7,7,280,40,40,True,2.378787759956209,6,273,0.02948700241339718,True,0.7194124001150562,0.6342699177159736,True,2.4066158443980057,6.0,121.23260058070379,0.031190401300493126,True,0.04968354194518112,0.028697569341589926,0.028697569341589926
null,node_redistribution,weighted_betweenness,weighted_betweenness,node,weighted_directed_community_assortativity,auc_abs_delta,7,7,280,40,40,True,1.2173680296882392,6,273,0.2974035243326842,False,0.8227604603469549,0.5530593881749983,True,1.0746572615615484,6.0,121.13710470181303,0.3814813164748,False,0.02605814670284121,0.004636291033739461,0.004636291033739461
null,node_redistribution,weighted_betweenness,weighted_betweenness,node,weighted_directed_community_assortativity,auc_abs_marginal_delta,7,7,280,40,40,True,0.5138397255617965,6,273,0.7977053277049391,False,0.9815960452957008,0.43797175341143724,True,0.5232884372606491,6.0,121.20491886884865,0.7897322040098697,False,0.011167069051973677,0.0,-0.01052739158616104
null,node_redistribution,weighted_betweenness,weighted_betweenness,node,weighted_directed_community_assortativity,auc_raw,7,7,280,40,40,True,0.9467912129412839,6,273,0.46192335344233404,False,0.7770143696264208,0.588566517743762,True,0.9558931692762064,6.0,121.20080682244907,0.45816064196102446,False,0.02038442674329423,0.0,-0.0011414898074316368
null,node_redistribution,weighted_betweenness,weighted_betweenness,node,weighted_directed_community_assortativity_louvain_dynamic,auc_abs_delta,7,7,280,40,40,True,6.037964038425195,6,273,5.983179065400413e-06,True,1.6095266454382824,0.14447365340467622,True,6.87871992779516,6.0,121.11256720974563,2.6535638065524447e-06,True,0.11715565702058896,0.09743738558273954,0.09743738558273954
null,node_redistribution,weighted_betweenness,weighted_betweenness,node,weighted_directed_community_assortativity_louvain_dynamic,auc_abs_marginal_delta,7,7,280,40,40,True,0.6788350682461991,6,273,0.66687434805518,False,0.4757718051733238,0.8261353726695913,True,0.6863088785811109,6.0,121.2439558500728,0.6610196329248017,False,0.014700134103490569,0.0,-0.00692979727764753
null,node_redistribution,weighted_betweenness,weighted_betweenness,node,weighted_directed_community_assortativity_louvain_dynamic,auc_raw,7,7,280,40,40,True,10.518296841946817,6,273,1.677956902832723e-10,True,1.309470133506276,0.25294343302069916,True,12.127769940015082,6.0,121.09238311668572,1.2104746577453392e-10,True,0.18776538086517822,0.16941003869278196,0.16941003869278196
null,node_redistribution,weighted_betweenness,weighted_betweenness,node,weighted_efficiency,auc_abs_delta,7,7,280,40,40,True,8.295679735531124,6,273,2.891151480722062e-08,True,0.9277258922128949,0.47536576548983334,True,9.040245608749824,6.0,121.11710833926125,3.662298805177741e-08,True,0.15420717381607885,0.13519945335872235,0.13519945335872235
null,node_redistribution,weighted_betweenness,weighted_betweenness,node,weighted_efficiency,auc_abs_marginal_delta,7,7,280,40,40,True,3.288013682763235,6,273,0.0038603912721700264,True,0.9409287605520882,0.4660330100626122,True,3.626605818876414,6.0,121.20437205372366,0.00241205936060333,True,0.06739388293491645,0.04673738376865723,0.04673738376865723
null,node_redistribution,weighted_betweenness,weighted_betweenness,node,weighted_efficiency,auc_raw,7,7,280,40,40,True,3.4000688912041492,6,273,0.002984803521130285,True,0.9355265005606977,0.46983885158829297,True,3.019153553981157,6.0,121.24821361966356,0.008724138634207942,True,0.06953096321334094,0.048914378833567175,0.048914378833567175
null,node_redistribution,weighted_betweenness,weighted_betweenness,node,yuan_out_in_strength_assortativity,auc_abs_delta,7,7,280,40,40,True,0.798187725357431,6,273,0.5720291140208027,False,1.1795103348174225,0.317362010614883,True,0.8712079684689228,6.0,120.98045664346799,0.5182646420733172,False,0.017240150523651368,0.0,-0.004343331691946758
null,node_redistribution,weighted_betweenness,weighted_betweenness,node,yuan_out_in_strength_assortativity,auc_abs_marginal_delta,7,7,280,40,40,True,2.6693943080809346,6,273,0.015594624488972178,True,0.5331964588533238,0.7828672574049733,True,2.451418799596246,6.0,121.16716477701242,0.028455558663553225,True,0.055416812821188106,0.03453724350755584,0.03453724350755584
null,node_redistribution,weighted_betweenness,weighted_betweenness,node,yuan_out_in_strength_assortativity,auc_raw,7,7,280,40,40,True,0.7633140261352364,6,273,0.5993510935363603,False,0.7071723950208209,0.6440813682765996,True,0.6940222474666885,6.0,121.2772159061806,0.6548714900337808,False,0.01649933737354014,0.0,-0.005097697012427508
null,node_redistribution,weighted_slack,weighted_slack,node,community_assortativity,auc_abs_delta,7,7,280,40,40,True,2.938906397291966,6,273,0.008536339284666253,True,2.886790667362683,0.009598608691629217,False,4.044469200978221,6.0,120.76278390874322,0.0009942636674693595,True,0.06067243494696791,0.039890619018946964,0.039890619018946964
null,node_redistribution,weighted_slack,weighted_slack,node,community_assortativity,auc_abs_marginal_delta,7,7,280,40,40,True,3.241249639917126,6,273,0.0042964508128652545,True,1.2403661349059618,0.28576291837850115,True,3.6190884942573076,6.0,121.06114386903639,0.0024524074905498327,True,0.0664991083294399,0.04582590732076259,0.04582590732076259
null,node_redistribution,weighted_slack,weighted_slack,node,community_assortativity,auc_raw,7,7,280,40,40,True,0.7854017365984071,6,273,0.5819958087270991,False,2.332870557725919,0.0325624920585486,False,0.6696800818303985,6.0,120.96344295536933,0.6742931376252441,False,0.016968670620339032,0.0,-0.004619778424904531
null,node_redistribution,weighted_slack,weighted_slack,node,community_assortativity_louvain_dynamic,auc_abs_delta,7,7,280,40,40,True,2.8213704680141563,6,273,0.01111561885928731,True,1.5049232838586037,0.17651391794198487,True,3.0084990799927738,6.0,121.22185786170922,0.008922563734842789,True,0.05838763347744315,0.03756329551875034,0.03756329551875034
null,node_redistribution,weighted_slack,weighted_slack,node,community_assortativity_louvain_dynamic,auc_abs_marginal_delta,7,7,280,40,40,True,0.6233943984873498,6,273,0.7115302982179612,False,0.44376125227029733,0.8490932359162472,True,0.5954178110802032,6.0,121.26594314989441,0.7334967731738331,False,0.013515796194475056,0.0,-0.008135776727159079
null,node_redistribution,weighted_slack,weighted_slack,node,community_assortativity_louvain_dynamic,auc_raw,7,7,280,40,40,True,7.5208046906772505,6,273,1.7871131051050144e-07,True,0.5812672912198603,0.7451913956830154,True,8.21479581085949,6.0,121.175250015303,1.8263082817108877e-07,True,0.14184629476209343,0.12260038923201831,0.12260038923201831
null,node_redistribution,weighted_slack,weighted_slack,node,gscc_ratio,auc_abs_delta,7,7,280,40,40,True,1.2055962644074438,6,273,0.30350294769360375,False,0.468006681792816,0.8317918763742042,True,1.2325140189732424,6.0,121.2285768579277,0.29438163052557204,False,0.02581267258815044,0.004386309760845618,0.004386309760845618
null,node_redistribution,weighted_slack,weighted_slack,node,gscc_ratio,auc_abs_marginal_delta,7,7,280,40,40,True,1.0283694059240218,6,273,0.4070323077132366,False,0.6412658718276596,0.6971529635242599,True,1.0580127516593454,6.0,121.28376499243696,0.3916525117352667,False,0.022101986789012446,0.0006075465040849604,0.0006075465040849604
null,node_redistribution,weighted_slack,weighted_slack,node,gscc_ratio,auc_raw,7,7,280,40,40,True,1.2055962644074452,6,273,0.30350294769360375,False,0.46800668179281507,0.8317918763742042,True,1.2325140189731576,6.0,121.2285768579277,0.29438163052561467,False,0.025812672588148428,0.004386309760843573,0.004386309760843573
null,node_redistribution,weighted_slack,weighted_slack,node,reachability,auc_abs_delta,7,7,280,40,40,True,0.9162937941545048,6,273,0.4835318624473972,False,0.54979124834806,0.7699789482554378,True,0.972542719244498,6.0,121.20393207425741,0.4468538034862509,False,0.019740778921687484,0.0,-0.0017969275678797363
null,node_redistribution,weighted_slack,weighted_slack,node,reachability,auc_abs_marginal_delta,7,7,280,40,40,True,1.158912117923035,6,273,0.32864122580194005,False,0.7301632519172744,0.6256755188311498,True,1.3541518989391677,6.0,121.2284433126756,0.23864863505830608,False,0.024837958394616014,0.0033937032290418776,0.0033937032290418776
null,node_redistribution,weighted_slack,weighted_slack,node,reachability,auc_raw,7,7,280,40,40,True,0.9162937941545113,6,273,0.48353186244738944,False,0.5497912483480099,0.7699789482554822,True,0.9725427192443001,6.0,121.20393207425738,0.4468538034863838,False,0.019740778921683324,0.0,-0.0017969275678839688
null,node_redistribution,weighted_slack,weighted_slack,node,spectral_gamma,auc_abs_delta,7,7,280,40,40,True,1.5809401066067794,6,273,0.1526765695509689,False,1.0895535501800908,0.36880987359490164,True,1.5478959707230275,6.0,121.1464795042381,0.16832672335003313,False,0.03357919580677463,0.012295651489704622,0.012295651489704622
null,node_redistribution,weighted_slack,weighted_slack,node,spectral_gamma,auc_abs_marginal_delta,7,7,280,40,40,True,1.053649100292526,6,273,0.39092618870897705,False,1.345042152518568,0.23728011807620805,True,1.0354170564294694,6.0,120.83621292766846,0.40579346332310195,False,0.022633007737430134,0.001148303460963957,0.001148303460963957
null,node_redistribution,weighted_slack,weighted_slack,node,spectral_gamma,auc_raw,7,7,280,40,40,True,1.481183470652079,6,273,0.18459298342541777,False,1.3558197229402427,0.23269518357752142,True,1.461985020235998,6.0,121.18719933335393,0.19690536603142592,False,0.03152716388205371,0.010205841183651592,0.010205841183651592
null,node_redistribution,weighted_slack,weighted_slack,node,spectral_kappa,auc_abs_delta,7,7,280,40,40,True,2.1816001617310383,6,273,0.045005589313006585,True,1.2950874908053827,0.25951115293834026,True,2.13496596992216,6.0,121.1255005764026,0.05410745967278434,False,0.04575350144146329,0.02469473274692916,0.02469473274692916
null,node_redistribution,weighted_slack,weighted_slack,node,spectral_kappa,auc_abs_marginal_delta,7,7,280,40,40,True,1.4778081442556812,6,273,0.18576717605180723,False,1.1798217834689375,0.31719374491504676,True,1.6188858297245827,6.0,120.84356221755884,0.1475707354777535,False,0.03145757970907758,0.010134976498772645,0.010134976498772645
null,node_redistribution,weighted_slack,weighted_slack,node,spectral_kappa,auc_raw,7,7,280,40,40,True,2.015115306621673,6,273,0.06385190635590927,False,1.1145442867778084,0.3539474274859229,True,1.9855889218459104,6.0,121.22502484789375,0.07282383671297979,False,0.04240998456213052,0.021289374360848164,0.021289374360848164
null,node_redistribution,weighted_slack,weighted_slack,node,weighted_directed_community_assortativity,auc_abs_delta,7,7,280,40,40,True,2.1542744500622693,6,273,0.04768813966240237,True,3.179165412900429,0.0049508033868732575,False,3.2487287104677263,6.0,120.48167839048102,0.005388669076508478,True,0.04520632146691832,0.024137426472739858,0.024137426472739858
null,node_redistribution,weighted_slack,weighted_slack,node,weighted_directed_community_assortativity,auc_abs_marginal_delta,7,7,280,40,40,True,4.702024524274287,6,273,0.00014219238112857198,True,1.1837009966720227,0.31510360722623376,True,5.059329653672188,6.0,120.99906451327416,0.00011557404705260965,True,0.0936620498641585,0.07349852530891478,0.07349852530891478
null,node_redistribution,weighted_slack,weighted_slack,node,weighted_directed_community_assortativity,auc_raw,7,7,280,40,40,True,0.5413529469429218,6,273,0.7765502851618978,False,2.634618135295443,0.016842669676572688,False,0.45298012505191176,6.0,120.84052550478407,0.8416617834047138,False,0.011757972177028878,0.0,-0.009925702440664515
null,node_redistribution,weighted_slack,weighted_slack,node,weighted_directed_community_assortativity_louvain_dynamic,auc_abs_delta,7,7,280,40,40,True,2.500775288685876,6,273,0.02260950558291755,True,0.5799407646315152,0.7462436067590834,True,2.4181064650508843,6.0,121.25493671898415,0.030463632077031604,True,0.05209864369160147,0.031157462961744483,0.031157462961744483
null,node_redistribution,weighted_slack,weighted_slack,node,weighted_directed_community_assortativity_louvain_dynamic,auc_abs_marginal_delta,7,7,280,40,40,True,0.19993405693478922,6,273,0.9766011912069252,False,1.1727772355373967,0.3210162641539933,True,0.2236139334672077,6.0,121.11366274399911,0.9684684781758263,False,0.004374930972235152,0.0,-0.017443323255772126
null,node_redistribution,weighted_slack,weighted_slack,node,weighted_directed_community_assortativity_louvain_dynamic,auc_raw,7,7,280,40,40,True,7.432026092382559,6,273,2.2033949549696828e-07,True,1.1322652671264979,0.34367401439417145,True,7.312252191878259,6.0,121.21438977934318,1.1014173077027936e-06,True,0.14040698308829902,0.12113341700462854,0.12113341700462854
null,node_redistribution,weighted_slack,weighted_slack,node,weighted_efficiency,auc_abs_delta,7,7,280,40,40,True,7.142324303676508,6,273,4.3674536431174916e-07,True,1.6952696120646316,0.12216990714265717,True,7.810197921092136,6.0,121.0082745392494,4.081381718179548e-07,True,0.13567646182328033,0.11631209365704327,0.11631209365704327
null,node_redistribution,weighted_slack,weighted_slack,node,weighted_efficiency,auc_abs_marginal_delta,7,7,280,40,40,True,4.554644379488181,6,273,0.00020138086135478887,True,1.6931278469613582,0.1226870963511164,True,4.535685364652765,6.0,121.10436507558589,0.00034950372260198105,True,0.09099344198626658,0.07077960143695453,0.07077960143695453
null,node_redistribution,weighted_slack,weighted_slack,node,weighted_efficiency,auc_raw,7,7,280,40,40,True,1.8068072096293253,6,273,0.09781181454881391,False,0.3472431891524377,0.911169895886965,True,1.7116228806949088,6.0,121.25003809348206,0.12387341971530938,False,0.038193387298848115,0.016994905654716792,0.016994905654716792
null,node_redistribution,weighted_slack,weighted_slack,node,yuan_out_in_strength_assortativity,auc_abs_delta,7,7,280,40,40,True,0.39543665029035835,6,273,0.8816892045378868,False,0.35025637726791137,0.9094269757800834,True,0.4376504269337765,6.0,121.24983696975693,0.8524338525882513,False,0.008616034167045167,0.0,-0.013124961870490203
null,node_redistribution,weighted_slack,weighted_slack,node,yuan_out_in_strength_assortativity,auc_abs_marginal_delta,7,7,280,40,40,True,1.921214466481341,6,273,0.07751595795671559,False,0.9792603321899903,0.43955474996066335,True,1.8101069807853298,6.0,121.18801729332148,0.10258445803105963,False,0.040513818300442615,0.019358173647274685,0.019358173647274685
null,node_redistribution,weighted_slack,weighted_slack,node,yuan_out_in_strength_assortativity,auc_raw,7,7,280,40,40,True,1.677902475580154,6,273,0.12642080701175956,False,1.2518379113591447,0.280091827544795,True,1.7277853550976752,6.0,121.17972823094189,0.12012746059771229,False,0.03556543185548905,0.01431848441884422,0.01431848441884422
null,node_removal,out_degree,out_degree,node,community_assortativity,auc_abs_delta,7,7,280,40,40,True,0.6478780841576024,6,273,0.6918261206300131,False,0.5078167844838049,0.8022739745543663,True,0.815101399552198,6.0,120.8760203646183,0.5602157829528525,False,0.014039173870055297,0.0,-0.0076028365978083
null,node_removal,out_degree,out_degree,node,community_assortativity,auc_abs_marginal_delta,7,7,280,40,40,True,0.7872695862836411,6,273,0.5805359770346792,False,0.4269481909913265,0.8607394820809109,True,0.6719108660291655,6.0,121.1626412131914,0.6725112522327912,False,0.01700833929761402,0.0,-0.00457938402804019
null,node_removal,out_degree,out_degree,node,community_assortativity,auc_raw,7,7,280,40,40,True,1.3909383283638181,6,273,0.2182625837760608,False,1.0932964387578419,0.3665560532309288,True,1.389548199441508,6.0,121.18616112396924,0.22418908459746692,False,0.02966326497080257,0.0083076545949396,0.0083076545949396
null,node_removal,out_degree,out_degree,node,community_assortativity_louvain_dynamic,auc_abs_delta,7,7,280,40,40,True,0.6660187603158113,6,273,0.677203482516287,False,0.9157053656832302,0.48395428761740833,True,0.527699037722235,6.0,121.10459704988935,0.786359714028527,False,0.014426601604388753,0.0,-0.00720832899294216
null,node_removal,out_degree,out_degree,node,community_assortativity_louvain_dynamic,auc_abs_marginal_delta,7,7,280,40,40,True,0.8468410431898109,6,273,0.5347299295944463,False,2.7292616212991865,0.013652927401347634,False,1.03205388637642,6.0,121.09932824967767,0.40791173755732385,False,0.018271817973541313,0.0,-0.0032927844910248887
null,node_removal,out_degree,out_degree,node,community_assortativity_louvain_dynamic,auc_raw,7,7,280,40,40,True,8.319612671103751,6,273,2.7335054514564317e-08,True,1.3150446417665054,0.25043447173816313,True,8.297266602301372,6.0,120.82755138916161,1.5648027183591335e-07,True,0.15458328773091667,0.13558283254357742,0.13558283254357742
null,node_removal,out_degree,out_degree,node,gscc_ratio,auc_abs_delta,7,7,280,40,40,True,1.3066976909102388,6,273,0.2541988390255858,False,0.8493818811009936,0.5328120410309927,True,1.0909319940708604,6.0,120.86927335244731,0.37172656971000895,False,0.02791689555924433,0.006529182976454045,0.006529182976454045
null,node_removal,out_degree,out_degree,node,gscc_ratio,auc_abs_marginal_delta,7,7,280,40,40,True,0.8317570167939193,6,273,0.5461798384363523,False,0.2194554064720039,0.970365109127315,True,0.6063639152055463,6.0,121.23036939397223,0.7248125412275654,False,0.017952201046302563,0.0,-0.0036182513272147686
null,node_removal,out_degree,out_degree,node,gscc_ratio,auc_raw,7,7,280,40,40,True,1.3066976909102181,6,273,0.2541988390255955,False,0.849381881101012,0.5328120410309809,True,1.0909319940707356,6.0,120.86927335244732,0.3717265697100818,False,0.027916895559242445,0.0065291829764521254,0.0065291829764521254
null,node_removal,out_degree,out_degree,node,reachability,auc_abs_delta,7,7,280,40,40,True,1.2183374119451595,6,273,0.2969055183332628,False,1.0115101989097042,0.41801559589451287,True,1.1092588235826248,6.0,120.93317323940926,0.36093982961169624,False,0.026078355511717947,0.004656870917170278,0.004656870917170278
null,node_removal,out_degree,out_degree,node,reachability,auc_abs_marginal_delta,7,7,280,40,40,True,1.0111706281735426,6,273,0.41823878623043764,False,0.2741970273831597,0.9487495787639403,True,0.77884444302832,6.0,121.2369952778819,0.588066507607413,False,0.021740382246174042,0.00023931331914449998,0.00023931331914449998
null,node_removal,out_degree,out_degree,node,reachability,auc_raw,7,7,280,40,40,True,1.2183374119451653,6,273,0.2969055183332573,False,1.0115101989096522,0.4180155958945467,True,1.1092588235825815,6.0,120.93317323940929,0.360939829611724,False,0.026078355511717433,0.004656870917169757,0.004656870917169757
null,node_removal,out_degree,out_degree,node,spectral_gamma,auc_abs_delta,7,7,280,40,40,True,0.3700743253161026,6,273,0.8976199485349852,False,1.1145978434283372,0.35391604671345,True,0.3878577540685797,6.0,121.24463346491316,0.8856237546270684,False,0.008067881527539945,0.0,-0.013683107472650998
null,node_removal,out_degree,out_degree,node,spectral_gamma,auc_abs_marginal_delta,7,7,280,40,40,True,1.0793033061536392,6,273,0.3750322829641569,False,1.3201886523722277,0.24813729846311866,True,1.067989440518797,6.0,120.19557267872325,0.3855854722237494,False,0.023171306343069572,0.0016964736468138089,0.0016964736468138089
null,node_removal,out_degree,out_degree,node,spectral_gamma,auc_raw,7,7,280,40,40,True,2.1324849801984627,6,273,0.049934757878480666,True,1.8294572112481449,0.09344256025515776,True,2.7116011769078328,6.0,121.10682383573346,0.016615527822974017,True,0.04476955130694894,0.023692574892649653,0.023692574892649653
null,node_removal,out_degree,out_degree,node,spectral_kappa,auc_abs_delta,7,7,280,40,40,True,0.6605615259856873,6,273,0.681602855989953,False,1.2182679619640415,0.29694117567614814,True,0.6861660816422287,6.0,121.25799888164676,0.6611334788601438,False,0.014310084282961533,0.0,-0.007326975674062655
null,node_removal,out_degree,out_degree,node,spectral_kappa,auc_abs_marginal_delta,7,7,280,40,40,True,1.2705452766207368,6,273,0.27103547362857183,False,1.4602738892546252,0.1919707838390772,True,1.0287879894310876,6.0,120.3222775531231,0.41002521468178815,False,0.027165500618096187,0.005763982678554208,0.005763982678554208
null,node_removal,out_degree,out_degree,node,spectral_kappa,auc_raw,7,7,280,40,40,True,2.216083901313097,6,273,0.04182395797466423,True,1.8567764128655588,0.08841109883712073,True,2.886314022212469,6.0,121.09832637834765,0.011535681695274292,True,0.04644312190196548,0.025397118730399716,0.025397118730399716
null,node_removal,out_degree,out_degree,node,weighted_directed_community_assortativity,auc_abs_delta,7,7,280,40,40,True,0.9479438066461424,6,273,0.46111788252475316,False,0.7528683261653782,0.6076133658204143,True,1.1022921177777627,6.0,120.7255504568096,0.3650234012054003,False,0.02040873565022062,0.0,-0.0011167355647787565
null,node_removal,out_degree,out_degree,node,weighted_directed_community_assortativity,auc_abs_marginal_delta,7,7,280,40,40,True,0.4774588958317442,6,273,0.824899499753236,False,0.2617555623924831,0.9541832494773561,True,0.4602679661824589,6.0,121.20784879828528,0.8364688492168884,False,0.010384629931669196,0.0,-0.011324108926075905
null,node_removal,out_degree,out_degree,node,weighted_directed_community_assortativity,auc_raw,7,7,280,40,40,True,1.316141758654917,6,273,0.2499430799419965,False,0.7233719436789355,0.6311018379729801,True,1.332259575247801,6.0,121.16686362987554,0.2479845941185923,False,0.028112990716745723,0.006728881675036937,0.006728881675036937
null,node_removal,out_degree,out_degree,node,weighted_directed_community_assortativity_louvain_dynamic,auc_abs_delta,7,7,280,40,40,True,0.5817706762781637,6,273,0.7447919551136308,False,0.27322625785655497,0.9491842523526534,True,0.5302837414997813,6.0,121.24670227817629,0.7843805136175772,False,0.01262474656985448,0.0,-0.009043101729482262
null,node_removal,out_degree,out_degree,node,weighted_directed_community_assortativity_louvain_dynamic,auc_abs_marginal_delta,7,7,280,40,40,True,0.5351764159937308,6,273,0.7813371358337711,False,2.5281715320756057,0.021292355903904474,False,0.498784010940016,6.0,121.10567544939866,0.8082462038610645,False,0.011625379930287219,0.0,-0.010060715179146694
null,node_removal,out_degree,out_degree,node,weighted_directed_community_assortativity_louvain_dynamic,auc_raw,7,7,280,40,40,True,2.0069084943949083,6,273,0.0649499422201268,False,0.16617871577188528,0.9855163357280308,True,2.2402628619164124,6.0,121.19717957296977,0.04376472278725939,True,0.0422445610122515,0.021120893303956133,0.021120893303956133
null,node_removal,out_degree,out_degree,node,weighted_efficiency,auc_abs_delta,7,7,280,40,40,True,3.5753924258745964,6,273,0.001991758470773661,True,0.7219981282591553,0.6322006944867657,True,3.4779471994048303,6.0,121.26821997149369,0.003306601478610581,True,0.07285509598878896,0.05230066478403372,0.05230066478403372
null,node_removal,out_degree,out_degree,node,weighted_efficiency,auc_abs_marginal_delta,7,7,280,40,40,True,4.096800682416412,6,273,0.0005911372097444712,True,1.4631019652665895,0.1909583526548505,True,3.9167154574003344,6.0,121.21609537425833,0.0013015140047340067,True,0.08260211598424445,0.062230404097303633,0.062230404097303633
null,node_removal,out_degree,out_degree,node,weighted_efficiency,auc_raw,7,7,280,40,40,True,4.150199749559236,6,273,0.0005215769794597816,True,1.1354137468591745,0.3418718221683532,True,3.7573627996155223,6.0,121.04931331879736,0.0018280440863478722,True,0.08358878253246253,0.06323560625509712,0.06323560625509712
null,node_removal,out_degree,out_degree,node,yuan_out_in_strength_assortativity,auc_abs_delta,7,7,280,40,40,True,0.31731089816885455,6,273,0.9276890295740666,False,0.6897686979619334,0.6580700434212748,True,0.31497487708559807,6.0,121.14577278521791,0.9281364709754378,False,0.00692556791196439,0.0,-0.01484623858100535
null,node_removal,out_degree,out_degree,node,yuan_out_in_strength_assortativity,auc_abs_marginal_delta,7,7,280,40,40,True,0.7037586179848154,6,273,0.6468221493152402,False,1.050429745123536,0.39295290645487957,True,0.5508420533583258,6.0,121.11436318124885,0.7685033795984018,False,0.015231631344184003,0.0,-0.0063885845384568036
null,node_removal,out_degree,out_degree,node,yuan_out_in_strength_assortativity,auc_raw,7,7,280,40,40,True,0.8526344456133517,6,273,0.530361582058952,False,0.6502223470502138,0.6899369674487825,True,0.8784244176711292,6.0,121.26669604370205,0.5129766375143646,False,0.018394519660231354,0.0,-0.003167836808875599
null,node_removal,out_strength,out_strength,node,community_assortativity,auc_abs_delta,7,7,280,40,40,True,0.3040865395668742,6,273,0.934505359679778,False,0.66784137294399,0.6757342468551528,True,0.34208666173082775,6.0,121.08135471231073,0.9132723263468282,False,0.006638851738789632,0.0,-0.015138178339413442
null,node_removal,out_strength,out_strength,node,community_assortativity,auc_abs_marginal_delta,7,7,280,40,40,True,0.4677889487035984,6,273,0.8319497154404526,False,0.555440308725006,0.7655606530580146,True,0.4654794585328192,6.0,121.08042272199388,0.8327205116469607,False,0.010176450932317322,0.0,-0.01153608608137746
null,node_removal,out_strength,out_strength,node,community_assortativity,auc_raw,7,7,280,40,40,True,0.6205493707135776,6,273,0.7138153215535541,False,1.3046501482799275,0.25512924422833805,True,0.6083318827796935,6.0,121.11695373135022,0.7232480771539559,False,0.013454943169164086,0.0,-0.00819774144506744
null,node_removal,out_strength,out_strength,node,community_assortativity_louvain_dynamic,auc_abs_delta,7,7,280,40,40,True,0.8624246522709531,6,273,0.5230178399564677,False,0.49016240764151336,0.8155179943978834,True,0.8515945974165021,6.0,121.25523191298672,0.5327469482208137,False,0.01860180218656254,0.0,-0.002956759821205692
null,node_removal,out_strength,out_strength,node,community_assortativity_louvain_dynamic,auc_abs_marginal_delta,7,7,280,40,40,True,1.149676141926831,6,273,0.33379523691984403,False,2.9357410135647535,0.008597449271103669,False,1.5729673956418342,6.0,120.82502746169958,0.16073398971491884,False,0.02464489010446856,0.003197091719419004,0.003197091719419004
null,node_removal,out_strength,out_strength,node,community_assortativity_louvain_dynamic,auc_raw,7,7,280,40,40,True,4.597487406798538,6,273,0.00018201467368810772,True,0.6999725732960237,0.6498637444815913,True,3.993945869627769,6.0,121.21517060880656,0.0011043326500922086,True,0.09177081815433767,0.07157162938702809,0.07157162938702809
null,node_removal,out_strength,out_strength,node,gscc_ratio,auc_abs_delta,7,7,280,40,40,True,0.33615232448292287,6,273,0.9174616724834062,False,0.6151872143751034,0.7181184325590244,True,0.28025700331914993,6.0,121.06155650336187,0.9453234841111533,False,0.007333781468026634,0.0,-0.014430586865660936
null,node_removal,out_strength,out_strength,node,gscc_ratio,auc_abs_marginal_delta,7,7,280,40,40,True,0.6332755334940122,6,273,0.7035854402513467,False,1.1018345174457205,0.36145145809430973,True,0.7299020540600126,6.0,121.09034894485669,0.6263978977429419,False,0.01372708801121728,0.0,-0.007920624715266235
null,node_removal,out_strength,out_strength,node,gscc_ratio,auc_raw,7,7,280,40,40,True,0.33615232448291965,6,273,0.9174616724834062,False,0.6151872143750896,0.7181184325590324,True,0.28025700331910997,6.0,121.0615565033619,0.9453234841111724,False,0.007333781468025629,0.0,-0.014430586865661964
null,node_removal,out_strength,out_strength,node,reachability,auc_abs_delta,7,7,280,40,40,True,0.29519737994862055,6,273,0.9389129705074754,False,0.41563812647497744,0.8683964571786327,True,0.21672211359763344,6.0,121.19425050604214,0.9708456361241184,False,0.00644603357638381,0.0,-0.015334509047259531
null,node_removal,out_strength,out_strength,node,reachability,auc_abs_marginal_delta,7,7,280,40,40,True,0.5314913106439272,6,273,0.7841832583277617,False,1.1703521618062784,0.3223401907771781,True,0.5644762105922508,6.0,121.16323852355308,0.7578699998068414,False,0.011546254433887024,0.0,-0.010141285061325273
null,node_removal,out_strength,out_strength,node,reachability,auc_raw,7,7,280,40,40,True,0.295197379948612,6,273,0.9389129705074803,False,0.41563812647498155,0.8683964571786327,True,0.21672211359791957,6.0,121.19425050604214,0.9708456361240217,False,0.006446033576391045,0.0,-0.015334509047252165
null,node_removal,out_strength,out_strength,node,spectral_gamma,auc_abs_delta,7,7,280,40,40,True,1.0008837011300684,6,273,0.4250366903164842,False,0.27113869293226445,0.9501128858341175,True,0.9881408227769353,6.0,121.30434692073106,0.4364173714044488,False,0.02152397162090376,1.8936094204756734e-05,1.8936094204756734e-05
null,node_removal,out_strength,out_strength,node,spectral_gamma,auc_abs_marginal_delta,7,7,280,40,40,True,1.383835064715331,6,273,0.22111983976405955,False,0.9836586526761446,0.4365768093538098,True,1.3627107400188447,6.0,120.90120537293058,0.23510671705334957,False,0.029516251450103836,0.008157937760296415,0.008157937760296415
null,node_removal,out_strength,out_strength,node,spectral_gamma,auc_raw,7,7,280,40,40,True,2.610674406212991,6,273,0.017757565252281123,True,0.3194431488999343,0.9265615897910968,True,2.6281630012045847,6.0,121.18352726746068,0.019757281420419794,True,0.05426393286800089,0.03336294771871363,0.03336294771871363
null,node_removal,out_strength,out_strength,node,spectral_kappa,auc_abs_delta,7,7,280,40,40,True,1.632676970099271,6,273,0.1381195079804866,False,0.29895750369636803,0.9370659069185029,True,1.6423373196209103,6.0,121.28898399808966,0.1411921231468023,False,0.03464002206229517,0.013376020076682168,0.013376020076682168
null,node_removal,out_strength,out_strength,node,spectral_kappa,auc_abs_marginal_delta,7,7,280,40,40,True,1.3811960337292142,6,273,0.22218932316059933,False,0.8494790197138335,0.5327387814781059,True,1.0338074535356154,6.0,120.90989429906392,0.4068087856231332,False,0.02946162108866632,0.008102302885822888,0.008102302885822888
null,node_removal,out_strength,out_strength,node,spectral_kappa,auc_raw,7,7,280,40,40,True,2.740395388706594,6,273,0.013318655353986153,True,0.20834486200179217,0.9740111788044808,True,2.6847776455760983,6.0,121.19323117680366,0.01756569990669843,True,0.05680706732656983,0.03595333645152335,0.03595333645152335
null,node_removal,out_strength,out_strength,node,weighted_directed_community_assortativity,auc_abs_delta,7,7,280,40,40,True,0.46235975541662905,6,273,0.8358715152440823,False,0.39858760576471325,0.8796496596578645,True,0.6204711148656439,6.0,121.00978830414843,0.7135866103557126,False,0.010059530404379236,0.0,-0.011655139643831417
null,node_removal,out_strength,out_strength,node,weighted_directed_community_assortativity,auc_abs_marginal_delta,7,7,280,40,40,True,0.23782075576274023,6,273,0.9637823367517797,False,0.5205998071230714,0.7925493041031659,True,0.20416274360103084,6.0,121.0778455975829,0.974923451283342,False,0.0051996521004507275,0.0,-0.01660358903963822
null,node_removal,out_strength,out_strength,node,weighted_directed_community_assortativity,auc_raw,7,7,280,40,40,True,0.6164156801296689,6,273,0.7171330304573111,False,1.032248847729145,0.40453224103662994,True,0.6754248022317108,6.0,121.1484816558952,0.66970524716732,False,0.013366513226119295,0.0,-0.008287786820163736
null,node_removal,out_strength,out_strength,node,weighted_directed_community_assortativity_louvain_dynamic,auc_abs_delta,7,7,280,40,40,True,1.4106406622429994,6,273,0.21049916725523146,False,0.44151837580631065,0.8506642928750873,True,1.428147608266804,6.0,121.2253498486705,0.209269429375665,False,0.03007080360295274,0.008722687968834355,0.008722687968834355
null,node_removal,out_strength,out_strength,node,weighted_directed_community_assortativity_louvain_dynamic,auc_abs_marginal_delta,7,7,280,40,40,True,1.4273896790011777,6,273,0.2040839403297603,False,0.9896424680734893,0.4325457114172363,True,1.6744240547385774,6.0,121.13533738576352,0.1329268889130699,False,0.03041698438300099,0.009075236073617515,0.009075236073617515
null,node_removal,out_strength,out_strength,node,weighted_directed_community_assortativity_louvain_dynamic,auc_raw,7,7,280,40,40,True,5.724441757425132,6,273,1.2596101555340791e-05,True,0.39730804860538355,0.8804794370601234,True,5.740981353418684,6.0,121.24845339610211,2.7610928702787065e-05,True,0.11175215504608971,0.09193111225463238,0.09193111225463238
null,node_removal,out_strength,out_strength,node,weighted_efficiency,auc_abs_delta,7,7,280,40,40,True,4.687649536530453,6,273,0.000147105334027671,True,0.6276792202545319,0.708086659108644,True,4.46625803203558,6.0,121.27721116333367,0.0004045003567340109,True,0.09340245219331063,0.07323403065686501,0.07323403065686501
null,node_removal,out_strength,out_strength,node,weighted_efficiency,auc_abs_marginal_delta,7,7,280,40,40,True,4.560591839206064,6,273,0.00019857457855656672,True,1.254929302591053,0.27857891838426124,True,4.357841181740655,6.0,121.21932617978642,0.0005094171277585835,True,0.09110143671202733,0.07088963135007155,0.07088963135007155
null,node_removal,out_strength,out_strength,node,weighted_efficiency,auc_raw,7,7,280,40,40,True,2.661619162559236,6,273,0.01586563928724893,True,1.7307116768898647,0.11389205831955665,True,2.4691487989038152,6.0,121.12611707205005,0.02743959207052222,True,0.05526432061130449,0.034381918043415824,0.034381918043415824
null,node_removal,out_strength,out_strength,node,yuan_out_in_strength_assortativity,auc_abs_delta,7,7,280,40,40,True,1.419100093286447,6,273,0.2072380266052621,False,0.8619767737891102,0.5233527311642479,True,1.2052391435144656,6.0,120.97274289393164,0.3082314799903825,False,0.03024568012738811,0.008900780896763397,0.008900780896763397
null,node_removal,out_strength,out_strength,node,yuan_out_in_strength_assortativity,auc_abs_marginal_delta,7,7,280,40,40,True,1.1812247564689276,6,273,0.3164366037420426,False,0.49525706751806414,0.8117196900553283,True,1.1053957395421399,6.0,121.23485577852874,0.3631766396031144,False,0.025304065234604618,0.0038683652767226365,0.0038683652767226365
null,node_removal,out_strength,out_strength,node,yuan_out_in_strength_assortativity,auc_raw,7,7,280,40,40,True,0.8290625639339241,6,273,0.5482363881557197,False,0.633212389274389,0.7036362485103277,True,0.7075171055355322,6.0,121.09959409890726,0.644135425629867,False,0.01789508610906643,0.0,-0.003676411552086724
null,node_removal,random,random,node,community_assortativity,auc_abs_delta,7,7,280,40,40,True,0.919317126965139,6,273,0.48136468002641497,False,2.0640716097207346,0.05765440238608806,True,0.7414730799157299,6.0,120.94534569263139,0.617274781358969,False,0.019804624106180693,0.0,-0.0017319130447533695
null,node_removal,random,random,node,community_assortativity,auc_abs_marginal_delta,7,7,280,40,40,True,0.9895775355673968,6,273,0.43258932809962947,False,1.0090394612895646,0.4196413094065437,True,1.0241379314779666,6.0,121.16236634760045,0.4129543645843265,False,0.02128600834908236,0.0,-0.00022338841479446918
null,node_removal,random,random,node,community_assortativity,auc_raw,7,7,280,40,40,True,1.2783212398481918,6,273,0.26734051512799684,False,0.1832270624858285,0.9813095048182617,True,1.2136111294170884,6.0,121.29935730811333,0.3039104595511941,False,0.027327214956984206,0.005928667835689592,0.005928667835689592
null,node_removal,random,random,node,community_assortativity_louvain_dynamic,auc_abs_delta,7,7,280,40,40,True,1.3957301258380357,6,273,0.216352642001777,False,1.5627811162000083,0.15809823509958534,True,1.2579292839309473,6.0,121.04984446598009,0.2819529273955777,False,0.029762413808097188,0.00840862669155572,0.00840862669155572
null,node_removal,random,random,node,community_assortativity_louvain_dynamic,auc_abs_marginal_delta,7,7,280,40,40,True,0.39038478529429577,6,273,0.8849321122171792,False,1.3310329424655087,0.24335094403463656,True,0.4002985749325523,6.0,121.22259343966803,0.8776091538878357,False,0.008506897188175155,0.0,-0.013236088622424149
null,node_removal,random,random,node,community_assortativity_louvain_dynamic,auc_raw,7,7,280,40,40,True,17.103472816401766,6,273,8.940533880375029e-17,True,0.31633809283024883,0.9282008157894308,True,15.878064080236618,6.0,121.27383099145833,2.1061698467780492e-13,True,0.27320325929140515,0.2565467107293204,0.2565467107293204
null,node_removal,random,random,node,gscc_ratio,auc_abs_delta,7,7,280,40,40,True,1.8596600661873834,6,273,0.08789480642142602,False,0.4992035143816632,0.8087639882074781,True,1.822137528676298,6.0,121.20783898984511,0.10022697958683503,False,0.039266752835399425,0.01808808139159749,0.01808808139159749
null,node_removal,random,random,node,gscc_ratio,auc_abs_marginal_delta,7,7,280,40,40,True,0.9048565894044799,6,273,0.4917788176991399,False,0.852083846985189,0.5307760291117776,True,0.8533118941426892,6.0,121.24713193219803,0.5314706167505525,False,0.01949917866163814,0.0,-0.0020429525156899974
null,node_removal,random,random,node,gscc_ratio,auc_raw,7,7,280,40,40,True,1.8596600661873783,6,273,0.08789480642142806,False,0.4992035143816604,0.8087639882074781,True,1.8221375286759396,6.0,121.20783898984511,0.10022697958690353,False,0.03926675283539188,0.0180880813915898,0.0180880813915898
null,node_removal,random,random,node,reachability,auc_abs_delta,7,7,280,40,40,True,2.173745841365225,6,273,0.04576165449969596,True,0.8965861641499352,0.49778940860434795,True,2.2917942420096837,6.0,121.13848105287717,0.03942709923516733,True,0.04559628791492306,0.024534609545197945,0.024534609545197945
null,node_removal,random,random,node,reachability,auc_abs_marginal_delta,7,7,280,40,40,True,0.9455950674737458,6,273,0.4627601349126427,False,0.46339896646619116,0.835122929092015,True,0.8866009192166379,6.0,121.27398862781395,0.5070274781008466,False,0.02035919802728654,0.0,-0.0011671807052925857
null,node_removal,random,random,node,reachability,auc_raw,7,7,280,40,40,True,2.173745841365207,6,273,0.045761654499698115,True,0.8965861641500082,0.4977894086043022,True,2.291794242008772,6.0,121.13848105287717,0.03942709923524024,True,0.04559628791490563,0.02453460954518019,0.02453460954518019
null,node_removal,random,random,node,spectral_gamma,auc_abs_delta,7,7,280,40,40,True,1.8194796226245593,6,273,0.09534474604576594,False,1.146204330108805,0.3357481174819102,True,1.5614895685851946,6.0,121.1493885550442,0.16415632595381965,False,0.038450964320297015,0.01725723577635026,0.01725723577635026
null,node_removal,random,random,node,spectral_gamma,auc_abs_marginal_delta,7,7,280,40,40,True,1.5815998819748822,6,273,0.15248270458175667,False,1.882125923823378,0.0839665946034952,True,1.5580837836320207,6.0,120.35890218472574,0.1652584784809443,False,0.03359273869069185,0.01230944380522702,0.01230944380522702
null,node_removal,random,random,node,spectral_gamma,auc_raw,7,7,280,40,40,True,4.377951377924533,6,273,0.0003054050684158766,True,2.6699976576006077,0.0155737822872862,False,3.9809096770766663,6.0,121.10535219986953,0.0011360454522734717,True,0.08777327971537698,0.06749879427423526,0.06749879427423526
null,node_removal,random,random,node,spectral_kappa,auc_abs_delta,7,7,280,40,40,True,2.9851433271519086,6,273,0.007690590557602534,True,1.922734188825834,0.077274683259041,True,2.6008197757595695,6.0,121.14771514368422,0.020910561951818212,True,0.061568206718700405,0.040803072432539035,0.040803072432539035
null,node_removal,random,random,node,spectral_kappa,auc_abs_marginal_delta,7,7,280,40,40,True,1.8835262920921596,6,273,0.08372718056931902,False,1.8488725298504256,0.08984055788010503,True,2.1001036929809604,6.0,120.72064484311565,0.058044232791379456,False,0.039750656810160157,0.018580919174364965,0.018580919174364965
null,node_removal,random,random,node,spectral_kappa,auc_raw,7,7,280,40,40,True,5.96584710020003,6,273,7.100574508038193e-06,True,1.8347635620237157,0.09244516384691916,True,5.569315099380237,6.0,121.05475364608715,3.9594649619520375e-05,True,0.11591856418072728,0.09617674480506676,0.09617674480506676
null,node_removal,random,random,node,weighted_directed_community_assortativity,auc_abs_delta,7,7,280,40,40,True,1.0980371676834493,6,273,0.36371544576724696,False,1.3197594770011902,0.24832829624160674,True,1.0949740842865918,6.0,120.94738071309636,0.36932414449633305,False,0.023564021886418717,0.00209639235673795,0.00209639235673795
null,node_removal,random,random,node,weighted_directed_community_assortativity,auc_abs_marginal_delta,7,7,280,40,40,True,0.6244657112012973,6,273,0.7106695439050662,False,0.8901390246222063,0.5025017930348654,True,0.566559051144465,6.0,121.1284739403039,0.7562387666615891,False,0.013538708829957053,0.0,-0.008112445505399921
null,node_removal,random,random,node,weighted_directed_community_assortativity,auc_raw,7,7,280,40,40,True,0.6111887632015239,6,273,0.7213238177718244,False,0.7494609696551912,0.6103153637871916,True,0.654718429741284,6.0,121.20026794503936,0.6862473775623115,False,0.013254673748278536,0.0,-0.00840166929056816
null,node_removal,random,random,node,weighted_directed_community_assortativity_louvain_dynamic,auc_abs_delta,7,7,280,40,40,True,1.9725230408826062,6,273,0.06974504535853332,False,1.7258780009577266,0.11499032800140754,True,1.578035822708998,6.0,121.10089241822757,0.15920844754123709,False,0.0415508364529921,0.020414348918459866,0.020414348918459866
null,node_removal,random,random,node,weighted_directed_community_assortativity_louvain_dynamic,auc_abs_marginal_delta,7,7,280,40,40,True,3.6162863012654864,6,273,0.0018118338770790258,True,0.5745437829276152,0.750518361238015,True,3.710965620616323,6.0,121.18575411570312,0.002016289467782224,True,0.07362703033132854,0.05308704417464347,0.05308704417464347
null,node_removal,random,random,node,weighted_directed_community_assortativity_louvain_dynamic,auc_raw,7,7,280,40,40,True,8.809889664222496,6,273,8.691135198602367e-09,True,2.369161370490528,0.030107806984429903,False,10.605801946176227,6.0,121.01411320118038,1.9127159651784048e-09,True,0.16221520092732128,0.1433623964184784,0.1433623964184784
null,node_removal,random,random,node,weighted_efficiency,auc_abs_delta,7,7,280,40,40,True,5.101553117111307,6,273,5.522859648137308e-05,True,0.7463228334495394,0.6128067084337028,True,5.018835735789055,6.0,121.20718900299165,0.0001256503969053319,True,0.10081811333546141,0.08078977625332988,0.08078977625332988
null,node_removal,random,random,node,weighted_efficiency,auc_abs_marginal_delta,7,7,280,40,40,True,4.614140068320219,6,273,0.00017499782690637901,True,1.0788127052703247,0.3753319409424925,True,4.50756889385756,6.0,121.1891157806001,0.0003707676992351567,True,0.09207261786852593,0.07187911855450412,0.07187911855450412
null,node_removal,random,random,node,weighted_efficiency,auc_raw,7,7,280,40,40,True,3.4892506812808697,6,273,0.0024304159759507733,True,1.6279709432869953,0.1393906809090216,True,3.278436673459909,6.0,121.18046745263104,0.005048437052700202,True,0.0712248224407756,0.050639898827659895,0.050639898827659895
null,node_removal,random,random,node,yuan_out_in_strength_assortativity,auc_abs_delta,7,7,280,40,40,True,0.9199551143732653,6,273,0.4809080511937909,False,0.5855504581235791,0.7417900666101822,True,0.8847584697899018,6.0,121.21387581410764,0.5083664803959332,False,0.019818095732893413,0.0,-0.0017181946783553304
null,node_removal,random,random,node,yuan_out_in_strength_assortativity,auc_abs_marginal_delta,7,7,280,40,40,True,0.6100044792691447,6,273,0.7222726115358029,False,1.2624244696562532,0.27493773488709083,True,0.6156316481199594,6.0,121.20027308472918,0.7174417115754133,False,0.013229330297363291,0.0,-0.008427475682098591
null,node_removal,random,random,node,yuan_out_in_strength_assortativity,auc_raw,7,7,280,40,40,True,3.092540824583226,6,273,0.006029705328979544,True,1.0748780477643074,0.3777412884262935,True,3.0297751729986033,6.0,121.15254300331388,0.008533645407864667,True,0.06364229513634925,0.042915808772296865,0.042915808772296865
null,node_removal,weighted_betweenness,weighted_betweenness,node,community_assortativity,auc_abs_delta,7,7,280,40,40,True,1.0020014235742565,6,273,0.42429464500890823,False,0.6747111860516471,0.6701972107304253,True,0.9236428233040606,6.0,120.9892630360638,0.48055839369526454,False,0.0215474902778333,4.288580874831332e-05,4.288580874831332e-05
null,node_removal,weighted_betweenness,weighted_betweenness,node,community_assortativity,auc_abs_marginal_delta,7,7,280,40,40,True,1.0199531270411462,6,273,0.4124912506653001,False,0.6534080727252878,0.687369343125569,True,0.8241827395344753,6.0,121.23563020257605,0.5533175085313591,False,0.02192506781457314,0.0004273842726097299,0.0004273842726097299
null,node_removal,weighted_betweenness,weighted_betweenness,node,community_assortativity,auc_raw,7,7,280,40,40,True,0.7034303965584452,6,273,0.6470857542470789,False,0.92349921630421,0.47837583508219905,True,0.6362268428540511,6.0,121.19000631011275,0.7010195326734328,False,0.015224635714729134,0.0,-0.006395708058087201
null,node_removal,weighted_betweenness,weighted_betweenness,node,community_assortativity_louvain_dynamic,auc_abs_delta,7,7,280,40,40,True,2.230453207750084,6,273,0.040562176253528176,True,0.6387530899625531,0.6991764557780904,True,2.2367215761420374,6.0,121.29748269903315,0.04407326054856817,True,0.04673019126891344,0.025689503063571584,0.025689503063571584
null,node_removal,weighted_betweenness,weighted_betweenness,node,community_assortativity_louvain_dynamic,auc_abs_marginal_delta,7,7,280,40,40,True,0.16545889553361215,6,273,0.9856807438302664,False,0.4383528571760207,0.8528726744985687,True,0.18412352437510554,6.0,121.20701628620415,0.9807513782935496,False,0.003623283320378385,0.0,-0.018208649374854002
null,node_removal,weighted_betweenness,weighted_betweenness,node,community_assortativity_louvain_dynamic,auc_raw,7,7,280,40,40,True,7.6365567624821065,6,273,1.3604078063581087e-07,True,1.5641727643485648,0.15767682587497178,True,7.554460477931807,6.0,121.06745327174443,6.790509237599955e-07,True,0.14371568704794235,0.12450573033924463,0.12450573033924463
null,node_removal,weighted_betweenness,weighted_betweenness,node,gscc_ratio,auc_abs_delta,7,7,280,40,40,True,1.273103160078888,6,273,0.2698155441581024,False,1.3064671369370109,0.25430346510514784,True,1.3530875445521904,6.0,121.09371193224423,0.23910575093473757,False,0.027218702075886336,0.005818161467065286,0.005818161467065286
null,node_removal,weighted_betweenness,weighted_betweenness,node,gscc_ratio,auc_abs_marginal_delta,7,7,280,40,40,True,1.612463991505192,6,273,0.14365330795215253,False,1.5807958545877594,0.1527189847575251,True,1.6817825508136675,6.0,121.04642971722242,0.131098953818848,False,0.03422584715152935,0.01295421432202935,0.01295421432202935
null,node_removal,weighted_betweenness,weighted_betweenness,node,gscc_ratio,auc_raw,7,7,280,40,40,True,1.2731031600788985,6,273,0.2698155441580936,False,1.3064671369370122,0.25430346510514223,True,1.3530875445521922,6.0,121.09371193224423,0.23910575093473502,False,0.027218702075886288,0.005818161467065237,0.005818161467065237
null,node_removal,weighted_betweenness,weighted_betweenness,node,reachability,auc_abs_delta,7,7,280,40,40,True,2.527981807662956,6,273,0.02130121796490105,True,1.164383065762324,0.3256164543714817,True,2.7449299036711645,6.0,121.13913190655302,0.015500070289164522,True,0.052635603506865254,0.031704387437890565,0.031704387437890565
null,node_removal,weighted_betweenness,weighted_betweenness,node,reachability,auc_abs_marginal_delta,7,7,280,40,40,True,1.0984673330303847,6,273,0.36345847288978683,False,0.7700694070440058,0.5940257056746758,True,1.1853016342381943,6.0,121.18803938663824,0.3186472319493424,False,0.02357303567904368,0.002105571493303372,0.002105571493303372
null,node_removal,weighted_betweenness,weighted_betweenness,node,reachability,auc_raw,7,7,280,40,40,True,2.5279818076628824,6,273,0.02130121796490445,True,1.1643830657623433,0.325616454371467,True,2.7449299036708634,6.0,121.13913190655299,0.0155000702891742,True,0.052635603506859904,0.03170438743788512,0.03170438743788512
null,node_removal,weighted_betweenness,weighted_betweenness,node,spectral_gamma,auc_abs_delta,7,7,280,40,40,True,2.7691953031933556,6,273,0.012490424805641847,True,0.30687788290885926,0.9330921422013577,True,2.7352605681441835,6.0,121.29577853340595,0.015809973072328568,True,0.057369825326467686,0.03652655762158763,0.03652655762158763
null,node_removal,weighted_betweenness,weighted_betweenness,node,spectral_gamma,auc_abs_marginal_delta,7,7,280,40,40,True,1.1889899734996305,6,273,0.31227080161883475,False,0.6363059942397131,0.7011465269709711,True,1.1215949878004519,6.0,121.04321986196739,0.35380506106762283,False,0.02546617466290214,0.0040334505383416075,0.0040334505383416075
null,node_removal,weighted_betweenness,weighted_betweenness,node,spectral_gamma,auc_raw,7,7,280,40,40,True,2.7260246717451158,6,273,0.013751629240222118,True,1.29212647060857,0.2608802587564786,True,2.7198697748666305,6.0,121.14727068683248,0.016330492525070774,True,0.056526008318124044,0.03566705268931973,0.03566705268931973
null,node_removal,weighted_betweenness,weighted_betweenness,node,spectral_kappa,auc_abs_delta,7,7,280,40,40,True,3.209272579750258,6,273,0.004622109183019973,True,0.5379265118962576,0.7792083000175444,True,3.241420617063636,6.0,121.28545309814423,0.005457706485641121,True,0.06588627605751678,0.045201639371303094,0.045201639371303094
null,node_removal,weighted_betweenness,weighted_betweenness,node,spectral_kappa,auc_abs_marginal_delta,7,7,280,40,40,True,2.8795482501845533,6,273,0.009756073008589742,True,1.597527381374766,0.14786811276717055,True,2.439086596573347,6.0,120.75691128056398,0.02920566138566812,True,0.05951994911762262,0.03871667962999376,0.03871667962999376
null,node_removal,weighted_betweenness,weighted_betweenness,node,spectral_kappa,auc_raw,7,7,280,40,40,True,3.6173658289635493,6,273,0.0018073083019312212,True,1.2746656878297284,0.26907249255896104,True,3.42458604003587,6.0,121.17654857030244,0.003704242542313251,True,0.07364739065119938,0.053107785552970306,0.053107785552970306
null,node_removal,weighted_betweenness,weighted_betweenness,node,weighted_directed_community_assortativity,auc_abs_delta,7,7,280,40,40,True,1.1527081577417033,6,273,0.33209666176596,False,1.1669434404357013,0.3242080827589763,True,1.10136724585426,6.0,120.62940072724841,0.3655718608762476,False,0.024708279610353556,0.003261644528881939,0.003261644528881939
null,node_removal,weighted_betweenness,weighted_betweenness,node,weighted_directed_community_assortativity,auc_abs_marginal_delta,7,7,280,40,40,True,0.511974491187607,6,273,0.7991227746418115,False,0.4969681047572931,0.8104396223376553,True,0.44466083375514587,6.0,121.1768279755181,0.8475381462152553,False,0.011126983722154014,0.0,-0.010568208517529848
null,node_removal,weighted_betweenness,weighted_betweenness,node,weighted_directed_community_assortativity,auc_raw,7,7,280,40,40,True,0.5756260702349171,6,273,0.749661934850371,False,1.3618141594416626,0.23017696883654729,True,0.5946414519949331,6.0,121.111803077187,0.7341106934019997,False,0.012493071051437635,0.0,-0.009177181853408196
null,node_removal,weighted_betweenness,weighted_betweenness,node,weighted_directed_community_assortativity_louvain_dynamic,auc_abs_delta,7,7,280,40,40,True,4.061903136303759,6,273,0.0006414916322402314,True,0.9594321151927183,0.4531350199403912,True,4.3683548346659835,6.0,121.24572210330071,0.0004980815702894999,True,0.08195615743674789,0.06157231443484755,0.06157231443484755
null,node_removal,weighted_betweenness,weighted_betweenness,node,weighted_directed_community_assortativity_louvain_dynamic,auc_abs_marginal_delta,7,7,280,40,40,True,0.5810452090489103,6,273,0.745367593487295,False,1.108702470193275,0.3573824457316233,True,0.49395162156319755,6.0,121.13400612747482,0.8118505788440712,False,0.012609202035521837,0.0,-0.00905893013857573
null,node_removal,weighted_betweenness,weighted_betweenness,node,weighted_directed_community_assortativity_louvain_dynamic,auc_raw,7,7,280,40,40,True,8.38046336287442,6,273,2.3704476285391e-08,True,0.4568774889176453,0.8398038629771352,True,8.295537329357455,6.0,121.24422907799512,1.5557298850087117e-07,True,0.15553807149789386,0.13655606428760228,0.13655606428760228
null,node_removal,weighted_betweenness,weighted_betweenness,node,weighted_efficiency,auc_abs_delta,7,7,280,40,40,True,5.586732332608786,6,273,1.7467730442117565e-05,True,1.57446841478659,0.15458972544801877,True,5.393157079609102,6.0,121.20393236773847,5.7171868014771346e-05,True,0.10935779364856164,0.08949128101091547,0.08949128101091547
null,node_removal,weighted_betweenness,weighted_betweenness,node,weighted_efficiency,auc_abs_marginal_delta,7,7,280,40,40,True,4.143606264901149,6,273,0.0005297056797555724,True,1.0917777714414796,0.3674693535583352,True,4.14151528097547,6.0,121.207327196343,0.0008068677863131429,True,0.08346706810118956,0.06311160489363328,0.06311160489363328
null,node_removal,weighted_betweenness,weighted_betweenness,node,weighted_efficiency,auc_raw,7,7,280,40,40,True,5.941317149569928,6,273,7.52641526251791e-06,True,1.0600331294519074,0.38692834685392435,True,6.278930033249702,6.0,121.16487488232033,9.058924334661357e-06,True,0.11549698722322854,0.09574714577428073,0.09574714577428073
null,node_removal,weighted_betweenness,weighted_betweenness,node,yuan_out_in_strength_assortativity,auc_abs_delta,7,7,280,40,40,True,1.8333950824724035,6,273,0.09270144790117185,False,1.324250106463293,0.24633574851165546,True,1.904610452593729,6.0,121.12885840225474,0.08538684338990019,False,0.03873364839513302,0.017545136822638117,0.017545136822638117
null,node_removal,weighted_betweenness,weighted_betweenness,node,yuan_out_in_strength_assortativity,auc_abs_marginal_delta,7,7,280,40,40,True,0.6298432361660105,6,273,0.7063465465896464,False,0.137892231097888,0.9911841366776742,True,0.5933129511911921,6.0,121.31984836034488,0.7351639034839759,False,0.013653704239606145,0.0,-0.007995349209063063
null,node_removal,weighted_betweenness,weighted_betweenness,node,yuan_out_in_strength_assortativity,auc_raw,7,7,280,40,40,True,2.815904540193604,6,273,0.01125244144293091,True,0.4791024462245085,0.8236932043590852,True,2.8221432469877685,6.0,121.24771104214975,0.013189092167707315,True,0.058281109853817965,0.03745479035024148,0.03745479035024148
null,node_removal,weighted_slack,weighted_slack,node,community_assortativity,auc_abs_delta,7,7,280,40,40,True,2.938906397291966,6,273,0.008536339284666253,True,2.886790667362683,0.009598608691629217,False,4.044469200978221,6.0,120.76278390874322,0.0009942636674693595,True,0.06067243494696791,0.039890619018946964,0.039890619018946964
null,node_removal,weighted_slack,weighted_slack,node,community_assortativity,auc_abs_marginal_delta,7,7,280,40,40,True,3.241249639917126,6,273,0.0042964508128652545,True,1.2403661349059618,0.28576291837850115,True,3.6190884942573076,6.0,121.06114386903639,0.0024524074905498327,True,0.0664991083294399,0.04582590732076259,0.04582590732076259
null,node_removal,weighted_slack,weighted_slack,node,community_assortativity,auc_raw,7,7,280,40,40,True,0.7854017365984071,6,273,0.5819958087270991,False,2.332870557725919,0.0325624920585486,False,0.6696800818303985,6.0,120.96344295536933,0.6742931376252441,False,0.016968670620339032,0.0,-0.004619778424904531
null,node_removal,weighted_slack,weighted_slack,node,community_assortativity_louvain_dynamic,auc_abs_delta,7,7,280,40,40,True,3.5739377920903963,6,273,0.001998473312594672,True,0.9790657648214819,0.43968677554016256,True,3.796655772109832,6.0,121.25283441963343,0.0016798937290796474,True,0.07282761385955915,0.05227266846909372,0.05227266846909372
null,node_removal,weighted_slack,weighted_slack,node,community_assortativity_louvain_dynamic,auc_abs_marginal_delta,7,7,280,40,40,True,1.2181746338282153,6,273,0.29698909789887973,False,0.6849158129302628,0.6619766567553935,True,1.280729907124005,6.0,121.24910491205418,0.27114090343929675,False,0.026074962118621363,0.004653415214309476,0.004653415214309476
null,node_removal,weighted_slack,weighted_slack,node,community_assortativity_louvain_dynamic,auc_raw,7,7,280,40,40,True,9.93215520728241,6,273,6.445737296816011e-10,True,1.2292174391183783,0.2913604961915021,True,12.32512861018611,6.0,121.09132388092546,8.534987070339684e-11,True,0.1791767823232237,0.16065367765405056,0.16065367765405056
null,node_removal,weighted_slack,weighted_slack,node,gscc_ratio,auc_abs_delta,7,7,280,40,40,True,1.2055962644074438,6,273,0.30350294769360375,False,0.468006681792816,0.8317918763742042,True,1.2325140189732424,6.0,121.2285768579277,0.29438163052557204,False,0.02581267258815044,0.004386309760845618,0.004386309760845618
null,node_removal,weighted_slack,weighted_slack,node,gscc_ratio,auc_abs_marginal_delta,7,7,280,40,40,True,1.0283694059240218,6,273,0.4070323077132366,False,0.6412658718276596,0.6971529635242599,True,1.0580127516593454,6.0,121.28376499243696,0.3916525117352667,False,0.022101986789012446,0.0006075465040849604,0.0006075465040849604
null,node_removal,weighted_slack,weighted_slack,node,gscc_ratio,auc_raw,7,7,280,40,40,True,1.2055962644074452,6,273,0.30350294769360375,False,0.46800668179281507,0.8317918763742042,True,1.2325140189731576,6.0,121.2285768579277,0.29438163052561467,False,0.025812672588148428,0.004386309760843573,0.004386309760843573
null,node_removal,weighted_slack,weighted_slack,node,reachability,auc_abs_delta,7,7,280,40,40,True,0.9162937941545048,6,273,0.4835318624473972,False,0.54979124834806,0.7699789482554378,True,0.972542719244498,6.0,121.20393207425741,0.4468538034862509,False,0.019740778921687484,0.0,-0.0017969275678797363
null,node_removal,weighted_slack,weighted_slack,node,reachability,auc_abs_marginal_delta,7,7,280,40,40,True,1.158912117923035,6,273,0.32864122580194005,False,0.7301632519172744,0.6256755188311498,True,1.3541518989391677,6.0,121.2284433126756,0.23864863505830608,False,0.024837958394616014,0.0033937032290418776,0.0033937032290418776
null,node_removal,weighted_slack,weighted_slack,node,reachability,auc_raw,7,7,280,40,40,True,0.9162937941545113,6,273,0.48353186244738944,False,0.5497912483480099,0.7699789482554822,True,0.9725427192443001,6.0,121.20393207425738,0.4468538034863838,False,0.019740778921683324,0.0,-0.0017969275678839688
null,node_removal,weighted_slack,weighted_slack,node,spectral_gamma,auc_abs_delta,7,7,280,40,40,True,1.8033406698682053,6,273,0.09849678184998058,False,1.0902609609559397,0.36838314767694136,True,1.905320337992808,6.0,121.13850719624013,0.08526771671992128,False,0.0381229030409033,0.016923120828125915,0.016923120828125915
null,node_removal,weighted_slack,weighted_slack,node,spectral_gamma,auc_abs_marginal_delta,7,7,280,40,40,True,2.1609450315093284,6,273,0.047019682808237845,True,0.8257520973005407,0.5507676540954567,True,2.3867140023911864,6.0,120.89069134353593,0.032504997236975836,True,0.045339953500307055,0.024273531340758932,0.024273531340758932
null,node_removal,weighted_slack,weighted_slack,node,spectral_gamma,auc_raw,7,7,280,40,40,True,1.51064313058722,6,273,0.174613754346954,False,1.2003549343540016,0.3062495840301573,True,1.4394854533198704,6.0,121.14521985602009,0.20505944794369416,False,0.03213406645790656,0.010823913715761347,0.010823913715761347
null,node_removal,weighted_slack,weighted_slack,node,spectral_kappa,auc_abs_delta,7,7,280,40,40,True,2.282607242384574,6,273,0.03627967347806967,True,1.0388536994499695,0.40029943724933836,True,2.3380173577919425,6.0,121.18503723488038,0.03588558589680651,True,0.047770671675693516,0.0267492526543234,0.0267492526543234
null,node_removal,weighted_slack,weighted_slack,node,spectral_kappa,auc_abs_marginal_delta,7,7,280,40,40,True,2.3288078323868615,6,273,0.03284890190221219,True,0.7586495006509947,0.6030365777225675,True,2.5094326170428873,6.0,120.66133067114413,0.025277989260766402,True,0.048690484624831706,0.02768610678936129,0.02768610678936129
null,node_removal,weighted_slack,weighted_slack,node,spectral_kappa,auc_raw,7,7,280,40,40,True,2.443415303357246,6,273,0.025625806373957026,True,0.8344334039410352,0.5441404008161563,True,2.343453708534793,6.0,121.18406851366272,0.03549014556906931,True,0.050964564954264935,0.030002345542803333,0.030002345542803333
null,node_removal,weighted_slack,weighted_slack,node,weighted_directed_community_assortativity,auc_abs_delta,7,7,280,40,40,True,2.595555132360099,6,273,0.0183598265356231,True,1.7021473311940702,0.1205223364871895,True,3.4467690995691007,6.0,120.92964581291292,0.0035373716990935618,True,0.05396663216002126,0.0330601259719103,0.0330601259719103
null,node_removal,weighted_slack,weighted_slack,node,weighted_directed_community_assortativity,auc_abs_marginal_delta,7,7,280,40,40,True,3.055267822401653,6,273,0.006561918618878646,True,0.7042681089404543,0.6464129915699262,True,3.752777235666582,6.0,121.11851469980823,0.0018453577711481177,True,0.062923508806022,0.042183625177337425,0.042183625177337425
null,node_removal,weighted_slack,weighted_slack,node,weighted_directed_community_assortativity,auc_raw,7,7,280,40,40,True,0.5532572729111348,6,273,0.7672698111340719,False,2.7561838252228807,0.012858221849983033,False,0.4861536270141688,6.0,120.96872246357626,0.8176282874932439,False,0.01201342327715362,0.0,-0.00966558767324847
null,node_removal,weighted_slack,weighted_slack,node,weighted_directed_community_assortativity_louvain_dynamic,auc_abs_delta,7,7,280,40,40,True,3.563168182316767,6,273,0.0020488874395521955,True,0.7711912908327728,0.5931427370720275,True,3.609359816696993,6.0,121.25452348873448,0.0025015508471045774,True,0.07262409490304787,0.052065341884235464,0.052065341884235464
null,node_removal,weighted_slack,weighted_slack,node,weighted_directed_community_assortativity_louvain_dynamic,auc_abs_marginal_delta,7,7,280,40,40,True,1.5624652701027764,6,273,0.15819401505585953,False,0.6044024652944511,0.7267567124523674,True,1.6043546854800792,6.0,121.20737779975869,0.15159709686959733,False,0.033199817755729825,0.01190928664231659,0.01190928664231659
null,node_removal,weighted_slack,weighted_slack,node,weighted_directed_community_assortativity_louvain_dynamic,auc_raw,7,7,280,40,40,True,11.082762354691566,6,273,4.6316346241081995e-11,True,1.0260975978767197,0.40850110569107856,True,10.585395608643848,6.0,121.22445837235665,1.9723088097266264e-09,True,0.19586817421918795,0.17767160883498737,0.17767160883498737
null,node_removal,weighted_slack,weighted_slack,node,weighted_efficiency,auc_abs_delta,7,7,280,40,40,True,5.234395522478681,6,273,4.030618526868212e-05,True,1.2555552775787677,0.27827335988214225,True,4.961690722111331,6.0,121.16629530942569,0.0001418038682094291,True,0.10317252169013261,0.08318874578184507,0.08318874578184507
null,node_removal,weighted_slack,weighted_slack,node,weighted_efficiency,auc_abs_marginal_delta,7,7,280,40,40,True,4.431796251167318,6,273,0.0002690333367957281,True,1.113250151830619,0.354706320029359,True,4.314179858565297,6.0,121.18882136309566,0.000559040719542409,True,0.08875699622089352,0.06850102879994019,0.06850102879994019
null,node_removal,weighted_slack,weighted_slack,node,weighted_efficiency,auc_raw,7,7,280,40,40,True,3.0644553170656224,6,273,0.006426612999914721,True,0.8795700469095002,0.5102768549295791,True,3.103495829050594,6.0,121.21109738358881,0.007304893842558804,True,0.06310078630674522,0.042364206548636485,0.042364206548636485
null,node_removal,weighted_slack,weighted_slack,node,yuan_out_in_strength_assortativity,auc_abs_delta,7,7,280,40,40,True,0.684614516790659,6,273,0.6622192694153524,False,0.8193309086083009,0.5556914841386313,True,0.6758539128115926,6.0,121.06699448647228,0.6693627520025893,False,0.014823432520840072,0.0,-0.006804245215165773
null,node_removal,weighted_slack,weighted_slack,node,yuan_out_in_strength_assortativity,auc_abs_marginal_delta,7,7,280,40,40,True,1.6855516820958918,6,273,0.1245324202046637,False,1.2113513769165987,0.30050901244974054,True,1.9023584097094204,6.0,121.21409079108123,0.08575690120599834,False,0.035721775458979234,0.014477709936345673,0.014477709936345673
null,node_removal,weighted_slack,weighted_slack,node,yuan_out_in_strength_assortativity,auc_raw,7,7,280,40,40,True,2.193063023978766,6,273,0.043923357365257105,True,0.6501786072826016,0.689972217985444,True,2.288184745236925,6.0,121.21102869221684,0.039712975125821184,True,0.04598285127705371,0.02492832767110172,0.02492832767110172
