modularity_regime,mu_t_input,mu_w_input,run_id,replicate_id,graph_type,attack_family,ranking_metric,attack,perturbation_unit,outcome,auc_measure,auc_value
mu_0p075,0.075,0.075,0,0,lfr,edge_weakening_random_subset,random_fixed_10pct,random_fixed_10pct_vary_alpha,deterioration_severity,weighted_directed_community_assortativity,auc_abs_delta,0.0018341750395507402
mu_0p075,0.075,0.075,1,1,lfr,edge_weakening_random_subset,random_fixed_10pct,random_fixed_10pct_vary_alpha,deterioration_severity,weighted_directed_community_assortativity,auc_abs_delta,0.00195943053208086
mu_0p075,0.075,0.075,2,2,lfr,edge_weakening_random_subset,random_fixed_10pct,random_fixed_10pct_vary_alpha,deterioration_severity,weighted_directed_community_assortativity,auc_abs_delta,0.00152509667220638
mu_0p075,0.075,0.075,3,3,lfr,edge_weakening_random_subset,random_fixed_10pct,random_fixed_10pct_vary_alpha,deterioration_severity,weighted_directed_community_assortativity,auc_abs_delta,0.0013448905051539801
mu_0p075,0.075,0.075,4,4,lfr,edge_weakening_random_subset,random_fixed_10pct,random_fixed_10pct_vary_alpha,deterioration_severity,weighted_directed_community_assortativity,auc_abs_delta,0.00144093591763316
mu_0p075,0.075,0.075,5,5,lfr,edge_weakening_random_subset,random_fixed_10pct,random_fixed_10pct_vary_alpha,deterioration_severity,weighted_directed_community_assortativity,auc_abs_delta,0.0007309032266907
mu_0p075,0.075,0.075,6,6,lfr,edge_weakening_random_subset,random_fixed_10pct,random_fixed_10pct_vary_alpha,deterioration_severity,weighted_directed_community_assortativity,auc_abs_delta,0.001155698072178
mu_0p075,0.075,0.075,7,7,lfr,edge_weakening_random_subset,random_fixed_10pct,random_fixed_10pct_vary_alpha,deterioration_severity,weighted_directed_community_assortativity,auc_abs_delta,0.00183769786616272
mu_0p075,0.075,0.075,8,8,lfr,edge_weakening_random_subset,random_fixed_10pct,random_fixed_10pct_vary_alpha,deterioration_severity,weighted_directed_community_assortativity,auc_abs_delta,0.001302734138403451
mu_0p075,0.075,0.075,9,9,lfr,edge_weakening_random_subset,random_fixed_10pct,random_fixed_10pct_vary_alpha,deterioration_severity,weighted_directed_community_assortativity,auc_abs_delta,0.00172544754897738
mu_0p075,0.075,0.075,10,10,lfr,edge_weakening_random_subset,random_fixed_10pct,random_fixed_10pct_vary_alpha,deterioration_severity,weighted_directed_community_assortativity,auc_abs_delta,0.0023994384028533803
mu_0p075,0.075,0.075,11,11,lfr,edge_weakening_random_subset,random_fixed_10pct,random_fixed_10pct_vary_alpha,deterioration_severity,weighted_directed_community_assortativity,auc_abs_delta,0.00135091819889784
mu_0p075,0.075,0.075,12,12,lfr,edge_weakening_random_subset,random_fixed_10pct,random_fixed_10pct_vary_alpha,deterioration_severity,weighted_directed_community_assortativity,auc_abs_delta,0.00121282367319872
mu_0p075,0.075,0.075,13,13,lfr,edge_weakening_random_subset,random_fixed_10pct,random_fixed_10pct_vary_alpha,deterioration_severity,weighted_directed_community_assortativity,auc_abs_delta,0.00198188899626698
mu_0p075,0.075,0.075,14,14,lfr,edge_weakening_random_subset,random_fixed_10pct,random_fixed_10pct_vary_alpha,deterioration_severity,weighted_directed_community_assortativity,auc_abs_delta,0.00141588581802688
mu_0p075,0.075,0.075,15,15,lfr,edge_weakening_random_subset,random_fixed_10pct,random_fixed_10pct_vary_alpha,deterioration_severity,weighted_directed_community_assortativity,auc_abs_delta,0.00266096851871074
mu_0p075,0.075,0.075,16,16,lfr,edge_weakening_random_subset,random_fixed_10pct,random_fixed_10pct_vary_alpha,deterioration_severity,weighted_directed_community_assortativity,auc_abs_delta,0.00145073543754942
mu_0p075,0.075,0.075,17,17,lfr,edge_weakening_random_subset,random_fixed_10pct,random_fixed_10pct_vary_alpha,deterioration_severity,weighted_directed_community_assortativity,auc_abs_delta,0.0021302054135669
mu_0p075,0.075,0.075,18,18,lfr,edge_weakening_random_subset,random_fixed_10pct,random_fixed_10pct_vary_alpha,deterioration_severity,weighted_directed_community_assortativity,auc_abs_delta,0.00227805819818254
mu_0p075,0.075,0.075,19,19,lfr,edge_weakening_random_subset,random_fixed_10pct,random_fixed_10pct_vary_alpha,deterioration_severity,weighted_directed_community_assortativity,auc_abs_delta,0.00241128555714474
mu_0p075,0.075,0.075,20,20,lfr,edge_weakening_random_subset,random_fixed_10pct,random_fixed_10pct_vary_alpha,deterioration_severity,weighted_directed_community_assortativity,auc_abs_delta,0.0008643919939722077
mu_0p075,0.075,0.075,21,21,lfr,edge_weakening_random_subset,random_fixed_10pct,random_fixed_10pct_vary_alpha,deterioration_severity,weighted_directed_community_assortativity,auc_abs_delta,0.00145119978452608
mu_0p075,0.075,0.075,22,22,lfr,edge_weakening_random_subset,random_fixed_10pct,random_fixed_10pct_vary_alpha,deterioration_severity,weighted_directed_community_assortativity,auc_abs_delta,0.00173611406719698
mu_0p075,0.075,0.075,23,23,lfr,edge_weakening_random_subset,random_fixed_10pct,random_fixed_10pct_vary_alpha,deterioration_severity,weighted_directed_community_assortativity,auc_abs_delta,0.00248355431367086
mu_0p075,0.075,0.075,24,24,lfr,edge_weakening_random_subset,random_fixed_10pct,random_fixed_10pct_vary_alpha,deterioration_severity,weighted_directed_community_assortativity,auc_abs_delta,0.00118007010069472
mu_0p075,0.075,0.075,25,25,lfr,edge_weakening_random_subset,random_fixed_10pct,random_fixed_10pct_vary_alpha,deterioration_severity,weighted_directed_community_assortativity,auc_abs_delta,0.0023989178786547197
mu_0p075,0.075,0.075,26,26,lfr,edge_weakening_random_subset,random_fixed_10pct,random_fixed_10pct_vary_alpha,deterioration_severity,weighted_directed_community_assortativity,auc_abs_delta,0.0010298255688779199
mu_0p075,0.075,0.075,27,27,lfr,edge_weakening_random_subset,random_fixed_10pct,random_fixed_10pct_vary_alpha,deterioration_severity,weighted_directed_community_assortativity,auc_abs_delta,0.00249870488046518
mu_0p075,0.075,0.075,28,28,lfr,edge_weakening_random_subset,random_fixed_10pct,random_fixed_10pct_vary_alpha,deterioration_severity,weighted_directed_community_assortativity,auc_abs_delta,0.0017936733159583398
mu_0p075,0.075,0.075,29,29,lfr,edge_weakening_random_subset,random_fixed_10pct,random_fixed_10pct_vary_alpha,deterioration_severity,weighted_directed_community_assortativity,auc_abs_delta,0.00249691761228144
mu_0p075,0.075,0.075,30,30,lfr,edge_weakening_random_subset,random_fixed_10pct,random_fixed_10pct_vary_alpha,deterioration_severity,weighted_directed_community_assortativity,auc_abs_delta,0.00167691601829542
mu_0p075,0.075,0.075,31,31,lfr,edge_weakening_random_subset,random_fixed_10pct,random_fixed_10pct_vary_alpha,deterioration_severity,weighted_directed_community_assortativity,auc_abs_delta,0.00307840493005018
mu_0p075,0.075,0.075,32,32,lfr,edge_weakening_random_subset,random_fixed_10pct,random_fixed_10pct_vary_alpha,deterioration_severity,weighted_directed_community_assortativity,auc_abs_delta,0.00226894803412174
mu_0p075,0.075,0.075,33,33,lfr,edge_weakening_random_subset,random_fixed_10pct,random_fixed_10pct_vary_alpha,deterioration_severity,weighted_directed_community_assortativity,auc_abs_delta,0.001083851528437304
mu_0p075,0.075,0.075,34,34,lfr,edge_weakening_random_subset,random_fixed_10pct,random_fixed_10pct_vary_alpha,deterioration_severity,weighted_directed_community_assortativity,auc_abs_delta,0.0012316471713547399
mu_0p075,0.075,0.075,35,35,lfr,edge_weakening_random_subset,random_fixed_10pct,random_fixed_10pct_vary_alpha,deterioration_severity,weighted_directed_community_assortativity,auc_abs_delta,0.0012138634943632599
mu_0p075,0.075,0.075,36,36,lfr,edge_weakening_random_subset,random_fixed_10pct,random_fixed_10pct_vary_alpha,deterioration_severity,weighted_directed_community_assortativity,auc_abs_delta,0.0018017555446393958
mu_0p075,0.075,0.075,37,37,lfr,edge_weakening_random_subset,random_fixed_10pct,random_fixed_10pct_vary_alpha,deterioration_severity,weighted_directed_community_assortativity,auc_abs_delta,0.00208572793082602
mu_0p075,0.075,0.075,38,38,lfr,edge_weakening_random_subset,random_fixed_10pct,random_fixed_10pct_vary_alpha,deterioration_severity,weighted_directed_community_assortativity,auc_abs_delta,0.0006766394967664455
mu_0p075,0.075,0.075,39,39,lfr,edge_weakening_random_subset,random_fixed_10pct,random_fixed_10pct_vary_alpha,deterioration_severity,weighted_directed_community_assortativity,auc_abs_delta,0.00204117310551006
mu_0p100,0.1,0.1,40,0,lfr,edge_weakening_random_subset,random_fixed_10pct,random_fixed_10pct_vary_alpha,deterioration_severity,weighted_directed_community_assortativity,auc_abs_delta,0.00224663668868766
mu_0p100,0.1,0.1,41,1,lfr,edge_weakening_random_subset,random_fixed_10pct,random_fixed_10pct_vary_alpha,deterioration_severity,weighted_directed_community_assortativity,auc_abs_delta,0.0023583158605680796
mu_0p100,0.1,0.1,42,2,lfr,edge_weakening_random_subset,random_fixed_10pct,random_fixed_10pct_vary_alpha,deterioration_severity,weighted_directed_community_assortativity,auc_abs_delta,0.00206251727726054
mu_0p100,0.1,0.1,43,3,lfr,edge_weakening_random_subset,random_fixed_10pct,random_fixed_10pct_vary_alpha,deterioration_severity,weighted_directed_community_assortativity,auc_abs_delta,0.00247640401796636
mu_0p100,0.1,0.1,44,4,lfr,edge_weakening_random_subset,random_fixed_10pct,random_fixed_10pct_vary_alpha,deterioration_severity,weighted_directed_community_assortativity,auc_abs_delta,0.0025512163887739
mu_0p100,0.1,0.1,45,5,lfr,edge_weakening_random_subset,random_fixed_10pct,random_fixed_10pct_vary_alpha,deterioration_severity,weighted_directed_community_assortativity,auc_abs_delta,0.00208669839531608
mu_0p100,0.1,0.1,46,6,lfr,edge_weakening_random_subset,random_fixed_10pct,random_fixed_10pct_vary_alpha,deterioration_severity,weighted_directed_community_assortativity,auc_abs_delta,0.00169694368902522
mu_0p100,0.1,0.1,47,7,lfr,edge_weakening_random_subset,random_fixed_10pct,random_fixed_10pct_vary_alpha,deterioration_severity,weighted_directed_community_assortativity,auc_abs_delta,0.00243539848284156
mu_0p100,0.1,0.1,48,8,lfr,edge_weakening_random_subset,random_fixed_10pct,random_fixed_10pct_vary_alpha,deterioration_severity,weighted_directed_community_assortativity,auc_abs_delta,0.00233539394707762
mu_0p100,0.1,0.1,49,9,lfr,edge_weakening_random_subset,random_fixed_10pct,random_fixed_10pct_vary_alpha,deterioration_severity,weighted_directed_community_assortativity,auc_abs_delta,0.0031474459891557803
mu_0p100,0.1,0.1,50,10,lfr,edge_weakening_random_subset,random_fixed_10pct,random_fixed_10pct_vary_alpha,deterioration_severity,weighted_directed_community_assortativity,auc_abs_delta,0.0014247442291884598
mu_0p100,0.1,0.1,51,11,lfr,edge_weakening_random_subset,random_fixed_10pct,random_fixed_10pct_vary_alpha,deterioration_severity,weighted_directed_community_assortativity,auc_abs_delta,0.00173233294000993
mu_0p100,0.1,0.1,52,12,lfr,edge_weakening_random_subset,random_fixed_10pct,random_fixed_10pct_vary_alpha,deterioration_severity,weighted_directed_community_assortativity,auc_abs_delta,0.00124825540802872
mu_0p100,0.1,0.1,53,13,lfr,edge_weakening_random_subset,random_fixed_10pct,random_fixed_10pct_vary_alpha,deterioration_severity,weighted_directed_community_assortativity,auc_abs_delta,0.0012382167954216598
mu_0p100,0.1,0.1,54,14,lfr,edge_weakening_random_subset,random_fixed_10pct,random_fixed_10pct_vary_alpha,deterioration_severity,weighted_directed_community_assortativity,auc_abs_delta,0.00138083552565688
mu_0p100,0.1,0.1,55,15,lfr,edge_weakening_random_subset,random_fixed_10pct,random_fixed_10pct_vary_alpha,deterioration_severity,weighted_directed_community_assortativity,auc_abs_delta,0.00243831535178222
mu_0p100,0.1,0.1,56,16,lfr,edge_weakening_random_subset,random_fixed_10pct,random_fixed_10pct_vary_alpha,deterioration_severity,weighted_directed_community_assortativity,auc_abs_delta,0.0015413826508432799
mu_0p100,0.1,0.1,57,17,lfr,edge_weakening_random_subset,random_fixed_10pct,random_fixed_10pct_vary_alpha,deterioration_severity,weighted_directed_community_assortativity,auc_abs_delta,0.0018916317982365601
mu_0p100,0.1,0.1,58,18,lfr,edge_weakening_random_subset,random_fixed_10pct,random_fixed_10pct_vary_alpha,deterioration_severity,weighted_directed_community_assortativity,auc_abs_delta,0.0018871036534258202
mu_0p100,0.1,0.1,59,19,lfr,edge_weakening_random_subset,random_fixed_10pct,random_fixed_10pct_vary_alpha,deterioration_severity,weighted_directed_community_assortativity,auc_abs_delta,0.00148978408267688
mu_0p100,0.1,0.1,60,20,lfr,edge_weakening_random_subset,random_fixed_10pct,random_fixed_10pct_vary_alpha,deterioration_severity,weighted_directed_community_assortativity,auc_abs_delta,0.0020532330708622802
mu_0p100,0.1,0.1,61,21,lfr,edge_weakening_random_subset,random_fixed_10pct,random_fixed_10pct_vary_alpha,deterioration_severity,weighted_directed_community_assortativity,auc_abs_delta,0.0024390084605964797
mu_0p100,0.1,0.1,62,22,lfr,edge_weakening_random_subset,random_fixed_10pct,random_fixed_10pct_vary_alpha,deterioration_severity,weighted_directed_community_assortativity,auc_abs_delta,0.0021191913059701003
mu_0p100,0.1,0.1,63,23,lfr,edge_weakening_random_subset,random_fixed_10pct,random_fixed_10pct_vary_alpha,deterioration_severity,weighted_directed_community_assortativity,auc_abs_delta,0.000721636392714
mu_0p100,0.1,0.1,64,24,lfr,edge_weakening_random_subset,random_fixed_10pct,random_fixed_10pct_vary_alpha,deterioration_severity,weighted_directed_community_assortativity,auc_abs_delta,0.0019292228193903403
mu_0p100,0.1,0.1,65,25,lfr,edge_weakening_random_subset,random_fixed_10pct,random_fixed_10pct_vary_alpha,deterioration_severity,weighted_directed_community_assortativity,auc_abs_delta,0.00131606339266192
mu_0p100,0.1,0.1,66,26,lfr,edge_weakening_random_subset,random_fixed_10pct,random_fixed_10pct_vary_alpha,deterioration_severity,weighted_directed_community_assortativity,auc_abs_delta,0.0021860335380772403
mu_0p100,0.1,0.1,67,27,lfr,edge_weakening_random_subset,random_fixed_10pct,random_fixed_10pct_vary_alpha,deterioration_severity,weighted_directed_community_assortativity,auc_abs_delta,0.0016462661610083603
mu_0p100,0.1,0.1,68,28,lfr,edge_weakening_random_subset,random_fixed_10pct,random_fixed_10pct_vary_alpha,deterioration_severity,weighted_directed_community_assortativity,auc_abs_delta,0.0032132382930694396
mu_0p100,0.1,0.1,69,29,lfr,edge_weakening_random_subset,random_fixed_10pct,random_fixed_10pct_vary_alpha,deterioration_severity,weighted_directed_community_assortativity,auc_abs_delta,0.0021428156354725203
mu_0p100,0.1,0.1,70,30,lfr,edge_weakening_random_subset,random_fixed_10pct,random_fixed_10pct_vary_alpha,deterioration_severity,weighted_directed_community_assortativity,auc_abs_delta,0.0009660866916258801
mu_0p100,0.1,0.1,71,31,lfr,edge_weakening_random_subset,random_fixed_10pct,random_fixed_10pct_vary_alpha,deterioration_severity,weighted_directed_community_assortativity,auc_abs_delta,0.00255511074931176
mu_0p100,0.1,0.1,72,32,lfr,edge_weakening_random_subset,random_fixed_10pct,random_fixed_10pct_vary_alpha,deterioration_severity,weighted_directed_community_assortativity,auc_abs_delta,0.00239350106869686
mu_0p100,0.1,0.1,73,33,lfr,edge_weakening_random_subset,random_fixed_10pct,random_fixed_10pct_vary_alpha,deterioration_severity,weighted_directed_community_assortativity,auc_abs_delta,0.0008785192862453299
mu_0p100,0.1,0.1,74,34,lfr,edge_weakening_random_subset,random_fixed_10pct,random_fixed_10pct_vary_alpha,deterioration_severity,weighted_directed_community_assortativity,auc_abs_delta,0.0017542424912178598
mu_0p100,0.1,0.1,75,35,lfr,edge_weakening_random_subset,random_fixed_10pct,random_fixed_10pct_vary_alpha,deterioration_severity,weighted_directed_community_assortativity,auc_abs_delta,0.0018641480800269598
mu_0p100,0.1,0.1,76,36,lfr,edge_weakening_random_subset,random_fixed_10pct,random_fixed_10pct_vary_alpha,deterioration_severity,weighted_directed_community_assortativity,auc_abs_delta,0.0008874254769693092
mu_0p100,0.1,0.1,77,37,lfr,edge_weakening_random_subset,random_fixed_10pct,random_fixed_10pct_vary_alpha,deterioration_severity,weighted_directed_community_assortativity,auc_abs_delta,0.0029041139678798
mu_0p100,0.1,0.1,78,38,lfr,edge_weakening_random_subset,random_fixed_10pct,random_fixed_10pct_vary_alpha,deterioration_severity,weighted_directed_community_assortativity,auc_abs_delta,0.00260526333132244
mu_0p100,0.1,0.1,79,39,lfr,edge_weakening_random_subset,random_fixed_10pct,random_fixed_10pct_vary_alpha,deterioration_severity,weighted_directed_community_assortativity,auc_abs_delta,0.00097212699585312
mu_0p125,0.125,0.125,80,0,lfr,edge_weakening_random_subset,random_fixed_10pct,random_fixed_10pct_vary_alpha,deterioration_severity,weighted_directed_community_assortativity,auc_abs_delta,0.0033810057816715997
mu_0p125,0.125,0.125,81,1,lfr,edge_weakening_random_subset,random_fixed_10pct,random_fixed_10pct_vary_alpha,deterioration_severity,weighted_directed_community_assortativity,auc_abs_delta,0.0026682006951777
mu_0p125,0.125,0.125,82,2,lfr,edge_weakening_random_subset,random_fixed_10pct,random_fixed_10pct_vary_alpha,deterioration_severity,weighted_directed_community_assortativity,auc_abs_delta,0.00397774223712658
mu_0p125,0.125,0.125,83,3,lfr,edge_weakening_random_subset,random_fixed_10pct,random_fixed_10pct_vary_alpha,deterioration_severity,weighted_directed_community_assortativity,auc_abs_delta,0.00124295837841258
mu_0p125,0.125,0.125,84,4,lfr,edge_weakening_random_subset,random_fixed_10pct,random_fixed_10pct_vary_alpha,deterioration_severity,weighted_directed_community_assortativity,auc_abs_delta,0.002465588363926776
mu_0p125,0.125,0.125,85,5,lfr,edge_weakening_random_subset,random_fixed_10pct,random_fixed_10pct_vary_alpha,deterioration_severity,weighted_directed_community_assortativity,auc_abs_delta,0.0027550502063557
mu_0p125,0.125,0.125,86,6,lfr,edge_weakening_random_subset,random_fixed_10pct,random_fixed_10pct_vary_alpha,deterioration_severity,weighted_directed_community_assortativity,auc_abs_delta,0.0006176535709377454
mu_0p125,0.125,0.125,87,7,lfr,edge_weakening_random_subset,random_fixed_10pct,random_fixed_10pct_vary_alpha,deterioration_severity,weighted_directed_community_assortativity,auc_abs_delta,0.0036906058620021797
mu_0p125,0.125,0.125,88,8,lfr,edge_weakening_random_subset,random_fixed_10pct,random_fixed_10pct_vary_alpha,deterioration_severity,weighted_directed_community_assortativity,auc_abs_delta,0.00157881630277318
mu_0p125,0.125,0.125,89,9,lfr,edge_weakening_random_subset,random_fixed_10pct,random_fixed_10pct_vary_alpha,deterioration_severity,weighted_directed_community_assortativity,auc_abs_delta,0.00336385809280976
mu_0p125,0.125,0.125,90,10,lfr,edge_weakening_random_subset,random_fixed_10pct,random_fixed_10pct_vary_alpha,deterioration_severity,weighted_directed_community_assortativity,auc_abs_delta,0.002619303475797
mu_0p125,0.125,0.125,91,11,lfr,edge_weakening_random_subset,random_fixed_10pct,random_fixed_10pct_vary_alpha,deterioration_severity,weighted_directed_community_assortativity,auc_abs_delta,0.00215923068755932
mu_0p125,0.125,0.125,92,12,lfr,edge_weakening_random_subset,random_fixed_10pct,random_fixed_10pct_vary_alpha,deterioration_severity,weighted_directed_community_assortativity,auc_abs_delta,0.00235816011012436
mu_0p125,0.125,0.125,93,13,lfr,edge_weakening_random_subset,random_fixed_10pct,random_fixed_10pct_vary_alpha,deterioration_severity,weighted_directed_community_assortativity,auc_abs_delta,0.00256668293550162
mu_0p125,0.125,0.125,94,14,lfr,edge_weakening_random_subset,random_fixed_10pct,random_fixed_10pct_vary_alpha,deterioration_severity,weighted_directed_community_assortativity,auc_abs_delta,0.00247516898606756
mu_0p125,0.125,0.125,95,15,lfr,edge_weakening_random_subset,random_fixed_10pct,random_fixed_10pct_vary_alpha,deterioration_severity,weighted_directed_community_assortativity,auc_abs_delta,0.0015719124662245906
mu_0p125,0.125,0.125,96,16,lfr,edge_weakening_random_subset,random_fixed_10pct,random_fixed_10pct_vary_alpha,deterioration_severity,weighted_directed_community_assortativity,auc_abs_delta,0.00301247353503152
mu_0p125,0.125,0.125,97,17,lfr,edge_weakening_random_subset,random_fixed_10pct,random_fixed_10pct_vary_alpha,deterioration_severity,weighted_directed_community_assortativity,auc_abs_delta,0.0014859166820954998
mu_0p125,0.125,0.125,98,18,lfr,edge_weakening_random_subset,random_fixed_10pct,random_fixed_10pct_vary_alpha,deterioration_severity,weighted_directed_community_assortativity,auc_abs_delta,0.0024811746291769
mu_0p125,0.125,0.125,99,19,lfr,edge_weakening_random_subset,random_fixed_10pct,random_fixed_10pct_vary_alpha,deterioration_severity,weighted_directed_community_assortativity,auc_abs_delta,0.0010498463065210877
mu_0p125,0.125,0.125,100,20,lfr,edge_weakening_random_subset,random_fixed_10pct,random_fixed_10pct_vary_alpha,deterioration_severity,weighted_directed_community_assortativity,auc_abs_delta,0.0018024079524812
mu_0p125,0.125,0.125,101,21,lfr,edge_weakening_random_subset,random_fixed_10pct,random_fixed_10pct_vary_alpha,deterioration_severity,weighted_directed_community_assortativity,auc_abs_delta,0.0023943672769162093
mu_0p125,0.125,0.125,102,22,lfr,edge_weakening_random_subset,random_fixed_10pct,random_fixed_10pct_vary_alpha,deterioration_severity,weighted_directed_community_assortativity,auc_abs_delta,0.0028189048072475202
mu_0p125,0.125,0.125,103,23,lfr,edge_weakening_random_subset,random_fixed_10pct,random_fixed_10pct_vary_alpha,deterioration_severity,weighted_directed_community_assortativity,auc_abs_delta,0.0011429887967063402
mu_0p125,0.125,0.125,104,24,lfr,edge_weakening_random_subset,random_fixed_10pct,random_fixed_10pct_vary_alpha,deterioration_severity,weighted_directed_community_assortativity,auc_abs_delta,0.00236511137835888
mu_0p125,0.125,0.125,105,25,lfr,edge_weakening_random_subset,random_fixed_10pct,random_fixed_10pct_vary_alpha,deterioration_severity,weighted_directed_community_assortativity,auc_abs_delta,0.0019837588729408598
mu_0p125,0.125,0.125,106,26,lfr,edge_weakening_random_subset,random_fixed_10pct,random_fixed_10pct_vary_alpha,deterioration_severity,weighted_directed_community_assortativity,auc_abs_delta,0.00343584859634542
mu_0p125,0.125,0.125,107,27,lfr,edge_weakening_random_subset,random_fixed_10pct,random_fixed_10pct_vary_alpha,deterioration_severity,weighted_directed_community_assortativity,auc_abs_delta,0.0021335392696879
mu_0p125,0.125,0.125,108,28,lfr,edge_weakening_random_subset,random_fixed_10pct,random_fixed_10pct_vary_alpha,deterioration_severity,weighted_directed_community_assortativity,auc_abs_delta,0.0021375571327867
mu_0p125,0.125,0.125,109,29,lfr,edge_weakening_random_subset,random_fixed_10pct,random_fixed_10pct_vary_alpha,deterioration_severity,weighted_directed_community_assortativity,auc_abs_delta,0.0011425252433464599
mu_0p125,0.125,0.125,110,30,lfr,edge_weakening_random_subset,random_fixed_10pct,random_fixed_10pct_vary_alpha,deterioration_severity,weighted_directed_community_assortativity,auc_abs_delta,0.00279950839809598
mu_0p125,0.125,0.125,111,31,lfr,edge_weakening_random_subset,random_fixed_10pct,random_fixed_10pct_vary_alpha,deterioration_severity,weighted_directed_community_assortativity,auc_abs_delta,0.0017392728394246
mu_0p125,0.125,0.125,112,32,lfr,edge_weakening_random_subset,random_fixed_10pct,random_fixed_10pct_vary_alpha,deterioration_severity,weighted_directed_community_assortativity,auc_abs_delta,0.0010183988659378
mu_0p125,0.125,0.125,113,33,lfr,edge_weakening_random_subset,random_fixed_10pct,random_fixed_10pct_vary_alpha,deterioration_severity,weighted_directed_community_assortativity,auc_abs_delta,0.0017930671518214599
mu_0p125,0.125,0.125,114,34,lfr,edge_weakening_random_subset,random_fixed_10pct,random_fixed_10pct_vary_alpha,deterioration_severity,weighted_directed_community_assortativity,auc_abs_delta,0.00192867597873674
mu_0p125,0.125,0.125,115,35,lfr,edge_weakening_random_subset,random_fixed_10pct,random_fixed_10pct_vary_alpha,deterioration_severity,weighted_directed_community_assortativity,auc_abs_delta,0.0021837619512060603
mu_0p125,0.125,0.125,116,36,lfr,edge_weakening_random_subset,random_fixed_10pct,random_fixed_10pct_vary_alpha,deterioration_severity,weighted_directed_community_assortativity,auc_abs_delta,0.0032421925466152
mu_0p125,0.125,0.125,117,37,lfr,edge_weakening_random_subset,random_fixed_10pct,random_fixed_10pct_vary_alpha,deterioration_severity,weighted_directed_community_assortativity,auc_abs_delta,0.0027745200849550603
mu_0p125,0.125,0.125,118,38,lfr,edge_weakening_random_subset,random_fixed_10pct,random_fixed_10pct_vary_alpha,deterioration_severity,weighted_directed_community_assortativity,auc_abs_delta,0.00147968063813124
mu_0p125,0.125,0.125,119,39,lfr,edge_weakening_random_subset,random_fixed_10pct,random_fixed_10pct_vary_alpha,deterioration_severity,weighted_directed_community_assortativity,auc_abs_delta,0.00282683734442386
mu_0p150,0.15,0.15,120,0,lfr,edge_weakening_random_subset,random_fixed_10pct,random_fixed_10pct_vary_alpha,deterioration_severity,weighted_directed_community_assortativity,auc_abs_delta,0.0021734963948856602
mu_0p150,0.15,0.15,121,1,lfr,edge_weakening_random_subset,random_fixed_10pct,random_fixed_10pct_vary_alpha,deterioration_severity,weighted_directed_community_assortativity,auc_abs_delta,0.00216465667113068
mu_0p150,0.15,0.15,122,2,lfr,edge_weakening_random_subset,random_fixed_10pct,random_fixed_10pct_vary_alpha,deterioration_severity,weighted_directed_community_assortativity,auc_abs_delta,0.00331865954016698
mu_0p150,0.15,0.15,123,3,lfr,edge_weakening_random_subset,random_fixed_10pct,random_fixed_10pct_vary_alpha,deterioration_severity,weighted_directed_community_assortativity,auc_abs_delta,0.0021213070378184283
mu_0p150,0.15,0.15,124,4,lfr,edge_weakening_random_subset,random_fixed_10pct,random_fixed_10pct_vary_alpha,deterioration_severity,weighted_directed_community_assortativity,auc_abs_delta,0.00405754372732322
mu_0p150,0.15,0.15,125,5,lfr,edge_weakening_random_subset,random_fixed_10pct,random_fixed_10pct_vary_alpha,deterioration_severity,weighted_directed_community_assortativity,auc_abs_delta,0.0028214090940711397
mu_0p150,0.15,0.15,126,6,lfr,edge_weakening_random_subset,random_fixed_10pct,random_fixed_10pct_vary_alpha,deterioration_severity,weighted_directed_community_assortativity,auc_abs_delta,0.0030653246048332
mu_0p150,0.15,0.15,127,7,lfr,edge_weakening_random_subset,random_fixed_10pct,random_fixed_10pct_vary_alpha,deterioration_severity,weighted_directed_community_assortativity,auc_abs_delta,0.00417786102824758
mu_0p150,0.15,0.15,128,8,lfr,edge_weakening_random_subset,random_fixed_10pct,random_fixed_10pct_vary_alpha,deterioration_severity,weighted_directed_community_assortativity,auc_abs_delta,0.00323250854149202
mu_0p150,0.15,0.15,129,9,lfr,edge_weakening_random_subset,random_fixed_10pct,random_fixed_10pct_vary_alpha,deterioration_severity,weighted_directed_community_assortativity,auc_abs_delta,0.0015792660023145
mu_0p150,0.15,0.15,130,10,lfr,edge_weakening_random_subset,random_fixed_10pct,random_fixed_10pct_vary_alpha,deterioration_severity,weighted_directed_community_assortativity,auc_abs_delta,0.00132628189545592
mu_0p150,0.15,0.15,131,11,lfr,edge_weakening_random_subset,random_fixed_10pct,random_fixed_10pct_vary_alpha,deterioration_severity,weighted_directed_community_assortativity,auc_abs_delta,0.0017014966690052538
mu_0p150,0.15,0.15,132,12,lfr,edge_weakening_random_subset,random_fixed_10pct,random_fixed_10pct_vary_alpha,deterioration_severity,weighted_directed_community_assortativity,auc_abs_delta,0.00340636360735544
mu_0p150,0.15,0.15,133,13,lfr,edge_weakening_random_subset,random_fixed_10pct,random_fixed_10pct_vary_alpha,deterioration_severity,weighted_directed_community_assortativity,auc_abs_delta,0.00206025608778286
mu_0p150,0.15,0.15,134,14,lfr,edge_weakening_random_subset,random_fixed_10pct,random_fixed_10pct_vary_alpha,deterioration_severity,weighted_directed_community_assortativity,auc_abs_delta,0.00435221783104346
mu_0p150,0.15,0.15,135,15,lfr,edge_weakening_random_subset,random_fixed_10pct,random_fixed_10pct_vary_alpha,deterioration_severity,weighted_directed_community_assortativity,auc_abs_delta,0.00328920673288884
mu_0p150,0.15,0.15,136,16,lfr,edge_weakening_random_subset,random_fixed_10pct,random_fixed_10pct_vary_alpha,deterioration_severity,weighted_directed_community_assortativity,auc_abs_delta,0.00202435746326338
mu_0p150,0.15,0.15,137,17,lfr,edge_weakening_random_subset,random_fixed_10pct,random_fixed_10pct_vary_alpha,deterioration_severity,weighted_directed_community_assortativity,auc_abs_delta,0.0011752149052614072
mu_0p150,0.15,0.15,138,18,lfr,edge_weakening_random_subset,random_fixed_10pct,random_fixed_10pct_vary_alpha,deterioration_severity,weighted_directed_community_assortativity,auc_abs_delta,0.0016676526188486199
mu_0p150,0.15,0.15,139,19,lfr,edge_weakening_random_subset,random_fixed_10pct,random_fixed_10pct_vary_alpha,deterioration_severity,weighted_directed_community_assortativity,auc_abs_delta,0.0025521702817181196
mu_0p150,0.15,0.15,140,20,lfr,edge_weakening_random_subset,random_fixed_10pct,random_fixed_10pct_vary_alpha,deterioration_severity,weighted_directed_community_assortativity,auc_abs_delta,0.0032193310673848405
mu_0p150,0.15,0.15,141,21,lfr,edge_weakening_random_subset,random_fixed_10pct,random_fixed_10pct_vary_alpha,deterioration_severity,weighted_directed_community_assortativity,auc_abs_delta,0.00367628016664666
mu_0p150,0.15,0.15,142,22,lfr,edge_weakening_random_subset,random_fixed_10pct,random_fixed_10pct_vary_alpha,deterioration_severity,weighted_directed_community_assortativity,auc_abs_delta,0.0019332755627363598
mu_0p150,0.15,0.15,143,23,lfr,edge_weakening_random_subset,random_fixed_10pct,random_fixed_10pct_vary_alpha,deterioration_severity,weighted_directed_community_assortativity,auc_abs_delta,0.00266435844532106
mu_0p150,0.15,0.15,144,24,lfr,edge_weakening_random_subset,random_fixed_10pct,random_fixed_10pct_vary_alpha,deterioration_severity,weighted_directed_community_assortativity,auc_abs_delta,0.0022378954361524
mu_0p150,0.15,0.15,145,25,lfr,edge_weakening_random_subset,random_fixed_10pct,random_fixed_10pct_vary_alpha,deterioration_severity,weighted_directed_community_assortativity,auc_abs_delta,0.00449212722657426
mu_0p150,0.15,0.15,146,26,lfr,edge_weakening_random_subset,random_fixed_10pct,random_fixed_10pct_vary_alpha,deterioration_severity,weighted_directed_community_assortativity,auc_abs_delta,0.00235069631363708
mu_0p150,0.15,0.15,147,27,lfr,edge_weakening_random_subset,random_fixed_10pct,random_fixed_10pct_vary_alpha,deterioration_severity,weighted_directed_community_assortativity,auc_abs_delta,0.00311542432284338
mu_0p150,0.15,0.15,148,28,lfr,edge_weakening_random_subset,random_fixed_10pct,random_fixed_10pct_vary_alpha,deterioration_severity,weighted_directed_community_assortativity,auc_abs_delta,0.0019498087849689999
mu_0p150,0.15,0.15,149,29,lfr,edge_weakening_random_subset,random_fixed_10pct,random_fixed_10pct_vary_alpha,deterioration_severity,weighted_directed_community_assortativity,auc_abs_delta,0.00184843290694136
mu_0p150,0.15,0.15,150,30,lfr,edge_weakening_random_subset,random_fixed_10pct,random_fixed_10pct_vary_alpha,deterioration_severity,weighted_directed_community_assortativity,auc_abs_delta,0.0015849688768413601
mu_0p150,0.15,0.15,151,31,lfr,edge_weakening_random_subset,random_fixed_10pct,random_fixed_10pct_vary_alpha,deterioration_severity,weighted_directed_community_assortativity,auc_abs_delta,0.0027032474233627795
mu_0p150,0.15,0.15,152,32,lfr,edge_weakening_random_subset,random_fixed_10pct,random_fixed_10pct_vary_alpha,deterioration_severity,weighted_directed_community_assortativity,auc_abs_delta,0.0032629654747111797
mu_0p150,0.15,0.15,153,33,lfr,edge_weakening_random_subset,random_fixed_10pct,random_fixed_10pct_vary_alpha,deterioration_severity,weighted_directed_community_assortativity,auc_abs_delta,0.0013137142020229202
mu_0p150,0.15,0.15,154,34,lfr,edge_weakening_random_subset,random_fixed_10pct,random_fixed_10pct_vary_alpha,deterioration_severity,weighted_directed_community_assortativity,auc_abs_delta,0.001716642997482
mu_0p150,0.15,0.15,155,35,lfr,edge_weakening_random_subset,random_fixed_10pct,random_fixed_10pct_vary_alpha,deterioration_severity,weighted_directed_community_assortativity,auc_abs_delta,0.0008863691491444
mu_0p150,0.15,0.15,156,36,lfr,edge_weakening_random_subset,random_fixed_10pct,random_fixed_10pct_vary_alpha,deterioration_severity,weighted_directed_community_assortativity,auc_abs_delta,0.0028497857939127798
mu_0p150,0.15,0.15,157,37,lfr,edge_weakening_random_subset,random_fixed_10pct,random_fixed_10pct_vary_alpha,deterioration_severity,weighted_directed_community_assortativity,auc_abs_delta,0.00440780211848446
mu_0p150,0.15,0.15,158,38,lfr,edge_weakening_random_subset,random_fixed_10pct,random_fixed_10pct_vary_alpha,deterioration_severity,weighted_directed_community_assortativity,auc_abs_delta,0.0015895362458764003
mu_0p150,0.15,0.15,159,39,lfr,edge_weakening_random_subset,random_fixed_10pct,random_fixed_10pct_vary_alpha,deterioration_severity,weighted_directed_community_assortativity,auc_abs_delta,0.00355387148597626
mu_0p175,0.175,0.175,160,0,lfr,edge_weakening_random_subset,random_fixed_10pct,random_fixed_10pct_vary_alpha,deterioration_severity,weighted_directed_community_assortativity,auc_abs_delta,0.00201670661990528
mu_0p175,0.175,0.175,161,1,lfr,edge_weakening_random_subset,random_fixed_10pct,random_fixed_10pct_vary_alpha,deterioration_severity,weighted_directed_community_assortativity,auc_abs_delta,0.00266988169384296
mu_0p175,0.175,0.175,162,2,lfr,edge_weakening_random_subset,random_fixed_10pct,random_fixed_10pct_vary_alpha,deterioration_severity,weighted_directed_community_assortativity,auc_abs_delta,0.00323992016599556
mu_0p175,0.175,0.175,163,3,lfr,edge_weakening_random_subset,random_fixed_10pct,random_fixed_10pct_vary_alpha,deterioration_severity,weighted_directed_community_assortativity,auc_abs_delta,0.00339368026001702
mu_0p175,0.175,0.175,164,4,lfr,edge_weakening_random_subset,random_fixed_10pct,random_fixed_10pct_vary_alpha,deterioration_severity,weighted_directed_community_assortativity,auc_abs_delta,0.0022441538622131802
mu_0p175,0.175,0.175,165,5,lfr,edge_weakening_random_subset,random_fixed_10pct,random_fixed_10pct_vary_alpha,deterioration_severity,weighted_directed_community_assortativity,auc_abs_delta,0.00280353629308002
mu_0p175,0.175,0.175,166,6,lfr,edge_weakening_random_subset,random_fixed_10pct,random_fixed_10pct_vary_alpha,deterioration_severity,weighted_directed_community_assortativity,auc_abs_delta,0.0018802851082091402
mu_0p175,0.175,0.175,167,7,lfr,edge_weakening_random_subset,random_fixed_10pct,random_fixed_10pct_vary_alpha,deterioration_severity,weighted_directed_community_assortativity,auc_abs_delta,0.0018985223267848467
mu_0p175,0.175,0.175,168,8,lfr,edge_weakening_random_subset,random_fixed_10pct,random_fixed_10pct_vary_alpha,deterioration_severity,weighted_directed_community_assortativity,auc_abs_delta,0.00286318569952306
mu_0p175,0.175,0.175,169,9,lfr,edge_weakening_random_subset,random_fixed_10pct,random_fixed_10pct_vary_alpha,deterioration_severity,weighted_directed_community_assortativity,auc_abs_delta,0.0018796470439694402
mu_0p175,0.175,0.175,170,10,lfr,edge_weakening_random_subset,random_fixed_10pct,random_fixed_10pct_vary_alpha,deterioration_severity,weighted_directed_community_assortativity,auc_abs_delta,0.00440044469665638
mu_0p175,0.175,0.175,171,11,lfr,edge_weakening_random_subset,random_fixed_10pct,random_fixed_10pct_vary_alpha,deterioration_severity,weighted_directed_community_assortativity,auc_abs_delta,0.00256827867167512
mu_0p175,0.175,0.175,172,12,lfr,edge_weakening_random_subset,random_fixed_10pct,random_fixed_10pct_vary_alpha,deterioration_severity,weighted_directed_community_assortativity,auc_abs_delta,0.00269351467249412
mu_0p175,0.175,0.175,173,13,lfr,edge_weakening_random_subset,random_fixed_10pct,random_fixed_10pct_vary_alpha,deterioration_severity,weighted_directed_community_assortativity,auc_abs_delta,0.00336170614619846
mu_0p175,0.175,0.175,174,14,lfr,edge_weakening_random_subset,random_fixed_10pct,random_fixed_10pct_vary_alpha,deterioration_severity,weighted_directed_community_assortativity,auc_abs_delta,0.0018604339222643557
mu_0p175,0.175,0.175,175,15,lfr,edge_weakening_random_subset,random_fixed_10pct,random_fixed_10pct_vary_alpha,deterioration_severity,weighted_directed_community_assortativity,auc_abs_delta,0.00217872620560488
mu_0p175,0.175,0.175,176,16,lfr,edge_weakening_random_subset,random_fixed_10pct,random_fixed_10pct_vary_alpha,deterioration_severity,weighted_directed_community_assortativity,auc_abs_delta,0.00226696472219844
mu_0p175,0.175,0.175,177,17,lfr,edge_weakening_random_subset,random_fixed_10pct,random_fixed_10pct_vary_alpha,deterioration_severity,weighted_directed_community_assortativity,auc_abs_delta,0.0022894664060007
mu_0p175,0.175,0.175,178,18,lfr,edge_weakening_random_subset,random_fixed_10pct,random_fixed_10pct_vary_alpha,deterioration_severity,weighted_directed_community_assortativity,auc_abs_delta,0.00427487448034208
mu_0p175,0.175,0.175,179,19,lfr,edge_weakening_random_subset,random_fixed_10pct,random_fixed_10pct_vary_alpha,deterioration_severity,weighted_directed_community_assortativity,auc_abs_delta,0.00448301086451388
mu_0p175,0.175,0.175,180,20,lfr,edge_weakening_random_subset,random_fixed_10pct,random_fixed_10pct_vary_alpha,deterioration_severity,weighted_directed_community_assortativity,auc_abs_delta,0.00293661424908244
mu_0p175,0.175,0.175,181,21,lfr,edge_weakening_random_subset,random_fixed_10pct,random_fixed_10pct_vary_alpha,deterioration_severity,weighted_directed_community_assortativity,auc_abs_delta,0.00183262549749196
mu_0p175,0.175,0.175,182,22,lfr,edge_weakening_random_subset,random_fixed_10pct,random_fixed_10pct_vary_alpha,deterioration_severity,weighted_directed_community_assortativity,auc_abs_delta,0.0026889644707686197
mu_0p175,0.175,0.175,183,23,lfr,edge_weakening_random_subset,random_fixed_10pct,random_fixed_10pct_vary_alpha,deterioration_severity,weighted_directed_community_assortativity,auc_abs_delta,0.0020814481907236197
mu_0p175,0.175,0.175,184,24,lfr,edge_weakening_random_subset,random_fixed_10pct,random_fixed_10pct_vary_alpha,deterioration_severity,weighted_directed_community_assortativity,auc_abs_delta,0.0024473037852215398
mu_0p175,0.175,0.175,185,25,lfr,edge_weakening_random_subset,random_fixed_10pct,random_fixed_10pct_vary_alpha,deterioration_severity,weighted_directed_community_assortativity,auc_abs_delta,0.00155086891815224
mu_0p175,0.175,0.175,186,26,lfr,edge_weakening_random_subset,random_fixed_10pct,random_fixed_10pct_vary_alpha,deterioration_severity,weighted_directed_community_assortativity,auc_abs_delta,0.00144853450127064
mu_0p175,0.175,0.175,187,27,lfr,edge_weakening_random_subset,random_fixed_10pct,random_fixed_10pct_vary_alpha,deterioration_severity,weighted_directed_community_assortativity,auc_abs_delta,0.00249075999367738
mu_0p175,0.175,0.175,188,28,lfr,edge_weakening_random_subset,random_fixed_10pct,random_fixed_10pct_vary_alpha,deterioration_severity,weighted_directed_community_assortativity,auc_abs_delta,0.001853445834886788
mu_0p175,0.175,0.175,189,29,lfr,edge_weakening_random_subset,random_fixed_10pct,random_fixed_10pct_vary_alpha,deterioration_severity,weighted_directed_community_assortativity,auc_abs_delta,0.00397947508787274
mu_0p175,0.175,0.175,190,30,lfr,edge_weakening_random_subset,random_fixed_10pct,random_fixed_10pct_vary_alpha,deterioration_severity,weighted_directed_community_assortativity,auc_abs_delta,0.00281851208731428
mu_0p175,0.175,0.175,191,31,lfr,edge_weakening_random_subset,random_fixed_10pct,random_fixed_10pct_vary_alpha,deterioration_severity,weighted_directed_community_assortativity,auc_abs_delta,0.00176587167839322
mu_0p175,0.175,0.175,192,32,lfr,edge_weakening_random_subset,random_fixed_10pct,random_fixed_10pct_vary_alpha,deterioration_severity,weighted_directed_community_assortativity,auc_abs_delta,0.0023058634220985
mu_0p175,0.175,0.175,193,33,lfr,edge_weakening_random_subset,random_fixed_10pct,random_fixed_10pct_vary_alpha,deterioration_severity,weighted_directed_community_assortativity,auc_abs_delta,0.00405713381954346
mu_0p175,0.175,0.175,194,34,lfr,edge_weakening_random_subset,random_fixed_10pct,random_fixed_10pct_vary_alpha,deterioration_severity,weighted_directed_community_assortativity,auc_abs_delta,0.0029752813513026
mu_0p175,0.175,0.175,195,35,lfr,edge_weakening_random_subset,random_fixed_10pct,random_fixed_10pct_vary_alpha,deterioration_severity,weighted_directed_community_assortativity,auc_abs_delta,0.004350928212794219
mu_0p175,0.175,0.175,196,36,lfr,edge_weakening_random_subset,random_fixed_10pct,random_fixed_10pct_vary_alpha,deterioration_severity,weighted_directed_community_assortativity,auc_abs_delta,0.00259447733629258
mu_0p175,0.175,0.175,197,37,lfr,edge_weakening_random_subset,random_fixed_10pct,random_fixed_10pct_vary_alpha,deterioration_severity,weighted_directed_community_assortativity,auc_abs_delta,0.0025394024285421203
mu_0p175,0.175,0.175,198,38,lfr,edge_weakening_random_subset,random_fixed_10pct,random_fixed_10pct_vary_alpha,deterioration_severity,weighted_directed_community_assortativity,auc_abs_delta,0.0021991553455661403
mu_0p175,0.175,0.175,199,39,lfr,edge_weakening_random_subset,random_fixed_10pct,random_fixed_10pct_vary_alpha,deterioration_severity,weighted_directed_community_assortativity,auc_abs_delta,0.00224028930715514
mu_0p225,0.225,0.225,200,0,lfr,edge_weakening_random_subset,random_fixed_10pct,random_fixed_10pct_vary_alpha,deterioration_severity,weighted_directed_community_assortativity,auc_abs_delta,0.00377218933632526
mu_0p225,0.225,0.225,201,1,lfr,edge_weakening_random_subset,random_fixed_10pct,random_fixed_10pct_vary_alpha,deterioration_severity,weighted_directed_community_assortativity,auc_abs_delta,0.0026167740738083397
mu_0p225,0.225,0.225,202,2,lfr,edge_weakening_random_subset,random_fixed_10pct,random_fixed_10pct_vary_alpha,deterioration_severity,weighted_directed_community_assortativity,auc_abs_delta,0.0040522038136761
mu_0p225,0.225,0.225,203,3,lfr,edge_weakening_random_subset,random_fixed_10pct,random_fixed_10pct_vary_alpha,deterioration_severity,weighted_directed_community_assortativity,auc_abs_delta,0.00331512774444376
mu_0p225,0.225,0.225,204,4,lfr,edge_weakening_random_subset,random_fixed_10pct,random_fixed_10pct_vary_alpha,deterioration_severity,weighted_directed_community_assortativity,auc_abs_delta,0.00178416346294582
mu_0p225,0.225,0.225,205,5,lfr,edge_weakening_random_subset,random_fixed_10pct,random_fixed_10pct_vary_alpha,deterioration_severity,weighted_directed_community_assortativity,auc_abs_delta,0.00231558516654772
mu_0p225,0.225,0.225,206,6,lfr,edge_weakening_random_subset,random_fixed_10pct,random_fixed_10pct_vary_alpha,deterioration_severity,weighted_directed_community_assortativity,auc_abs_delta,0.00265930818836572
mu_0p225,0.225,0.225,207,7,lfr,edge_weakening_random_subset,random_fixed_10pct,random_fixed_10pct_vary_alpha,deterioration_severity,weighted_directed_community_assortativity,auc_abs_delta,0.0010746490782470935
mu_0p225,0.225,0.225,208,8,lfr,edge_weakening_random_subset,random_fixed_10pct,random_fixed_10pct_vary_alpha,deterioration_severity,weighted_directed_community_assortativity,auc_abs_delta,0.0031920179728920405
mu_0p225,0.225,0.225,209,9,lfr,edge_weakening_random_subset,random_fixed_10pct,random_fixed_10pct_vary_alpha,deterioration_severity,weighted_directed_community_assortativity,auc_abs_delta,0.0012689950585330115
mu_0p225,0.225,0.225,210,10,lfr,edge_weakening_random_subset,random_fixed_10pct,random_fixed_10pct_vary_alpha,deterioration_severity,weighted_directed_community_assortativity,auc_abs_delta,0.00248539011387836
mu_0p225,0.225,0.225,211,11,lfr,edge_weakening_random_subset,random_fixed_10pct,random_fixed_10pct_vary_alpha,deterioration_severity,weighted_directed_community_assortativity,auc_abs_delta,0.004997212285525419
mu_0p225,0.225,0.225,212,12,lfr,edge_weakening_random_subset,random_fixed_10pct,random_fixed_10pct_vary_alpha,deterioration_severity,weighted_directed_community_assortativity,auc_abs_delta,0.0019833290841694
mu_0p225,0.225,0.225,213,13,lfr,edge_weakening_random_subset,random_fixed_10pct,random_fixed_10pct_vary_alpha,deterioration_severity,weighted_directed_community_assortativity,auc_abs_delta,0.00217245987882038
mu_0p225,0.225,0.225,214,14,lfr,edge_weakening_random_subset,random_fixed_10pct,random_fixed_10pct_vary_alpha,deterioration_severity,weighted_directed_community_assortativity,auc_abs_delta,0.0022574377870807397
mu_0p225,0.225,0.225,215,15,lfr,edge_weakening_random_subset,random_fixed_10pct,random_fixed_10pct_vary_alpha,deterioration_severity,weighted_directed_community_assortativity,auc_abs_delta,0.00067710797808652
mu_0p225,0.225,0.225,216,16,lfr,edge_weakening_random_subset,random_fixed_10pct,random_fixed_10pct_vary_alpha,deterioration_severity,weighted_directed_community_assortativity,auc_abs_delta,0.00207567038382056
mu_0p225,0.225,0.225,217,17,lfr,edge_weakening_random_subset,random_fixed_10pct,random_fixed_10pct_vary_alpha,deterioration_severity,weighted_directed_community_assortativity,auc_abs_delta,0.0021196240459125998
mu_0p225,0.225,0.225,218,18,lfr,edge_weakening_random_subset,random_fixed_10pct,random_fixed_10pct_vary_alpha,deterioration_severity,weighted_directed_community_assortativity,auc_abs_delta,0.00280003048068372
mu_0p225,0.225,0.225,219,19,lfr,edge_weakening_random_subset,random_fixed_10pct,random_fixed_10pct_vary_alpha,deterioration_severity,weighted_directed_community_assortativity,auc_abs_delta,0.00367306969273586
mu_0p225,0.225,0.225,220,20,lfr,edge_weakening_random_subset,random_fixed_10pct,random_fixed_10pct_vary_alpha,deterioration_severity,weighted_directed_community_assortativity,auc_abs_delta,0.0033047740285196804
mu_0p225,0.225,0.225,221,21,lfr,edge_weakening_random_subset,random_fixed_10pct,random_fixed_10pct_vary_alpha,deterioration_severity,weighted_directed_community_assortativity,auc_abs_delta,0.0034592614098616996
mu_0p225,0.225,0.225,222,22,lfr,edge_weakening_random_subset,random_fixed_10pct,random_fixed_10pct_vary_alpha,deterioration_severity,weighted_directed_community_assortativity,auc_abs_delta,0.00300397805783006
mu_0p225,0.225,0.225,223,23,lfr,edge_weakening_random_subset,random_fixed_10pct,random_fixed_10pct_vary_alpha,deterioration_severity,weighted_directed_community_assortativity,auc_abs_delta,0.0007593333720248221
mu_0p225,0.225,0.225,224,24,lfr,edge_weakening_random_subset,random_fixed_10pct,random_fixed_10pct_vary_alpha,deterioration_severity,weighted_directed_community_assortativity,auc_abs_delta,0.0044269067869380395
mu_0p225,0.225,0.225,225,25,lfr,edge_weakening_random_subset,random_fixed_10pct,random_fixed_10pct_vary_alpha,deterioration_severity,weighted_directed_community_assortativity,auc_abs_delta,0.00436685617678376
mu_0p225,0.225,0.225,226,26,lfr,edge_weakening_random_subset,random_fixed_10pct,random_fixed_10pct_vary_alpha,deterioration_severity,weighted_directed_community_assortativity,auc_abs_delta,0.0028268255051754998
mu_0p225,0.225,0.225,227,27,lfr,edge_weakening_random_subset,random_fixed_10pct,random_fixed_10pct_vary_alpha,deterioration_severity,weighted_directed_community_assortativity,auc_abs_delta,0.00436998966175358
mu_0p225,0.225,0.225,228,28,lfr,edge_weakening_random_subset,random_fixed_10pct,random_fixed_10pct_vary_alpha,deterioration_severity,weighted_directed_community_assortativity,auc_abs_delta,0.0039682100029591605
mu_0p225,0.225,0.225,229,29,lfr,edge_weakening_random_subset,random_fixed_10pct,random_fixed_10pct_vary_alpha,deterioration_severity,weighted_directed_community_assortativity,auc_abs_delta,0.00190502175869082
mu_0p225,0.225,0.225,230,30,lfr,edge_weakening_random_subset,random_fixed_10pct,random_fixed_10pct_vary_alpha,deterioration_severity,weighted_directed_community_assortativity,auc_abs_delta,0.0023449703558845797
mu_0p225,0.225,0.225,231,31,lfr,edge_weakening_random_subset,random_fixed_10pct,random_fixed_10pct_vary_alpha,deterioration_severity,weighted_directed_community_assortativity,auc_abs_delta,0.0021646347808389798
mu_0p225,0.225,0.225,232,32,lfr,edge_weakening_random_subset,random_fixed_10pct,random_fixed_10pct_vary_alpha,deterioration_severity,weighted_directed_community_assortativity,auc_abs_delta,0.00219634574414304
mu_0p225,0.225,0.225,233,33,lfr,edge_weakening_random_subset,random_fixed_10pct,random_fixed_10pct_vary_alpha,deterioration_severity,weighted_directed_community_assortativity,auc_abs_delta,0.00260332631997022
mu_0p225,0.225,0.225,234,34,lfr,edge_weakening_random_subset,random_fixed_10pct,random_fixed_10pct_vary_alpha,deterioration_severity,weighted_directed_community_assortativity,auc_abs_delta,0.0016048413145506601
mu_0p225,0.225,0.225,235,35,lfr,edge_weakening_random_subset,random_fixed_10pct,random_fixed_10pct_vary_alpha,deterioration_severity,weighted_directed_community_assortativity,auc_abs_delta,0.00163225098122982
mu_0p225,0.225,0.225,236,36,lfr,edge_weakening_random_subset,random_fixed_10pct,random_fixed_10pct_vary_alpha,deterioration_severity,weighted_directed_community_assortativity,auc_abs_delta,0.00366086105230816
mu_0p225,0.225,0.225,237,37,lfr,edge_weakening_random_subset,random_fixed_10pct,random_fixed_10pct_vary_alpha,deterioration_severity,weighted_directed_community_assortativity,auc_abs_delta,0.00179294347099202
mu_0p225,0.225,0.225,238,38,lfr,edge_weakening_random_subset,random_fixed_10pct,random_fixed_10pct_vary_alpha,deterioration_severity,weighted_directed_community_assortativity,auc_abs_delta,0.002508991955372241
mu_0p225,0.225,0.225,239,39,lfr,edge_weakening_random_subset,random_fixed_10pct,random_fixed_10pct_vary_alpha,deterioration_severity,weighted_directed_community_assortativity,auc_abs_delta,0.0042355456463877604
mu_0p300,0.3,0.3,240,0,lfr,edge_weakening_random_subset,random_fixed_10pct,random_fixed_10pct_vary_alpha,deterioration_severity,weighted_directed_community_assortativity,auc_abs_delta,0.0023257172856830976
mu_0p300,0.3,0.3,241,1,lfr,edge_weakening_random_subset,random_fixed_10pct,random_fixed_10pct_vary_alpha,deterioration_severity,weighted_directed_community_assortativity,auc_abs_delta,0.00129302863058684
mu_0p300,0.3,0.3,242,2,lfr,edge_weakening_random_subset,random_fixed_10pct,random_fixed_10pct_vary_alpha,deterioration_severity,weighted_directed_community_assortativity,auc_abs_delta,0.00313261614348012
mu_0p300,0.3,0.3,243,3,lfr,edge_weakening_random_subset,random_fixed_10pct,random_fixed_10pct_vary_alpha,deterioration_severity,weighted_directed_community_assortativity,auc_abs_delta,0.00160366078429664
mu_0p300,0.3,0.3,244,4,lfr,edge_weakening_random_subset,random_fixed_10pct,random_fixed_10pct_vary_alpha,deterioration_severity,weighted_directed_community_assortativity,auc_abs_delta,0.0029454287721017176
mu_0p300,0.3,0.3,245,5,lfr,edge_weakening_random_subset,random_fixed_10pct,random_fixed_10pct_vary_alpha,deterioration_severity,weighted_directed_community_assortativity,auc_abs_delta,0.0032578037150574
mu_0p300,0.3,0.3,246,6,lfr,edge_weakening_random_subset,random_fixed_10pct,random_fixed_10pct_vary_alpha,deterioration_severity,weighted_directed_community_assortativity,auc_abs_delta,0.00599434930115004
mu_0p300,0.3,0.3,247,7,lfr,edge_weakening_random_subset,random_fixed_10pct,random_fixed_10pct_vary_alpha,deterioration_severity,weighted_directed_community_assortativity,auc_abs_delta,0.0019962734559424
mu_0p300,0.3,0.3,248,8,lfr,edge_weakening_random_subset,random_fixed_10pct,random_fixed_10pct_vary_alpha,deterioration_severity,weighted_directed_community_assortativity,auc_abs_delta,0.00392583514862952
mu_0p300,0.3,0.3,249,9,lfr,edge_weakening_random_subset,random_fixed_10pct,random_fixed_10pct_vary_alpha,deterioration_severity,weighted_directed_community_assortativity,auc_abs_delta,0.00216440664288962
mu_0p300,0.3,0.3,250,10,lfr,edge_weakening_random_subset,random_fixed_10pct,random_fixed_10pct_vary_alpha,deterioration_severity,weighted_directed_community_assortativity,auc_abs_delta,0.0034977429587816798
mu_0p300,0.3,0.3,251,11,lfr,edge_weakening_random_subset,random_fixed_10pct,random_fixed_10pct_vary_alpha,deterioration_severity,weighted_directed_community_assortativity,auc_abs_delta,0.0017151366061339802
mu_0p300,0.3,0.3,252,12,lfr,edge_weakening_random_subset,random_fixed_10pct,random_fixed_10pct_vary_alpha,deterioration_severity,weighted_directed_community_assortativity,auc_abs_delta,0.00216246126765834
mu_0p300,0.3,0.3,253,13,lfr,edge_weakening_random_subset,random_fixed_10pct,random_fixed_10pct_vary_alpha,deterioration_severity,weighted_directed_community_assortativity,auc_abs_delta,0.0028196034322465003
mu_0p300,0.3,0.3,254,14,lfr,edge_weakening_random_subset,random_fixed_10pct,random_fixed_10pct_vary_alpha,deterioration_severity,weighted_directed_community_assortativity,auc_abs_delta,0.0039599155555008
mu_0p300,0.3,0.3,255,15,lfr,edge_weakening_random_subset,random_fixed_10pct,random_fixed_10pct_vary_alpha,deterioration_severity,weighted_directed_community_assortativity,auc_abs_delta,0.002391736262133
mu_0p300,0.3,0.3,256,16,lfr,edge_weakening_random_subset,random_fixed_10pct,random_fixed_10pct_vary_alpha,deterioration_severity,weighted_directed_community_assortativity,auc_abs_delta,0.0032040335704694597
mu_0p300,0.3,0.3,257,17,lfr,edge_weakening_random_subset,random_fixed_10pct,random_fixed_10pct_vary_alpha,deterioration_severity,weighted_directed_community_assortativity,auc_abs_delta,0.0007432092368922599
mu_0p300,0.3,0.3,258,18,lfr,edge_weakening_random_subset,random_fixed_10pct,random_fixed_10pct_vary_alpha,deterioration_severity,weighted_directed_community_assortativity,auc_abs_delta,0.0020847482752065797
mu_0p300,0.3,0.3,259,19,lfr,edge_weakening_random_subset,random_fixed_10pct,random_fixed_10pct_vary_alpha,deterioration_severity,weighted_directed_community_assortativity,auc_abs_delta,0.00300019662029934
mu_0p300,0.3,0.3,260,20,lfr,edge_weakening_random_subset,random_fixed_10pct,random_fixed_10pct_vary_alpha,deterioration_severity,weighted_directed_community_assortativity,auc_abs_delta,0.0033231896676484602
mu_0p300,0.3,0.3,261,21,lfr,edge_weakening_random_subset,random_fixed_10pct,random_fixed_10pct_vary_alpha,deterioration_severity,weighted_directed_community_assortativity,auc_abs_delta,0.00262214949201902
mu_0p300,0.3,0.3,262,22,lfr,edge_weakening_random_subset,random_fixed_10pct,random_fixed_10pct_vary_alpha,deterioration_severity,weighted_directed_community_assortativity,auc_abs_delta,0.00273424480531726
mu_0p300,0.3,0.3,263,23,lfr,edge_weakening_random_subset,random_fixed_10pct,random_fixed_10pct_vary_alpha,deterioration_severity,weighted_directed_community_assortativity,auc_abs_delta,0.0021523359801192002
mu_0p300,0.3,0.3,264,24,lfr,edge_weakening_random_subset,random_fixed_10pct,random_fixed_10pct_vary_alpha,deterioration_severity,weighted_directed_community_assortativity,auc_abs_delta,0.0016159671433169
mu_0p300,0.3,0.3,265,25,lfr,edge_weakening_random_subset,random_fixed_10pct,random_fixed_10pct_vary_alpha,deterioration_severity,weighted_directed_community_assortativity,auc_abs_delta,0.00118327076326954
mu_0p300,0.3,0.3,266,26,lfr,edge_weakening_random_subset,random_fixed_10pct,random_fixed_10pct_vary_alpha,deterioration_severity,weighted_directed_community_assortativity,auc_abs_delta,0.0016150373225243798
mu_0p300,0.3,0.3,267,27,lfr,edge_weakening_random_subset,random_fixed_10pct,random_fixed_10pct_vary_alpha,deterioration_severity,weighted_directed_community_assortativity,auc_abs_delta,0.00173986612433936
mu_0p300,0.3,0.3,268,28,lfr,edge_weakening_random_subset,random_fixed_10pct,random_fixed_10pct_vary_alpha,deterioration_severity,weighted_directed_community_assortativity,auc_abs_delta,0.00438798665137016
mu_0p300,0.3,0.3,269,29,lfr,edge_weakening_random_subset,random_fixed_10pct,random_fixed_10pct_vary_alpha,deterioration_severity,weighted_directed_community_assortativity,auc_abs_delta,0.00268191843574906
mu_0p300,0.3,0.3,270,30,lfr,edge_weakening_random_subset,random_fixed_10pct,random_fixed_10pct_vary_alpha,deterioration_severity,weighted_directed_community_assortativity,auc_abs_delta,0.0012212676792462704
mu_0p300,0.3,0.3,271,31,lfr,edge_weakening_random_subset,random_fixed_10pct,random_fixed_10pct_vary_alpha,deterioration_severity,weighted_directed_community_assortativity,auc_abs_delta,0.00188577677091096
mu_0p300,0.3,0.3,272,32,lfr,edge_weakening_random_subset,random_fixed_10pct,random_fixed_10pct_vary_alpha,deterioration_severity,weighted_directed_community_assortativity,auc_abs_delta,0.0016663781604728401
mu_0p300,0.3,0.3,273,33,lfr,edge_weakening_random_subset,random_fixed_10pct,random_fixed_10pct_vary_alpha,deterioration_severity,weighted_directed_community_assortativity,auc_abs_delta,0.0027361640873446802
mu_0p300,0.3,0.3,274,34,lfr,edge_weakening_random_subset,random_fixed_10pct,random_fixed_10pct_vary_alpha,deterioration_severity,weighted_directed_community_assortativity,auc_abs_delta,0.0020454675482115964
mu_0p300,0.3,0.3,275,35,lfr,edge_weakening_random_subset,random_fixed_10pct,random_fixed_10pct_vary_alpha,deterioration_severity,weighted_directed_community_assortativity,auc_abs_delta,0.0016999397807477082
mu_0p300,0.3,0.3,276,36,lfr,edge_weakening_random_subset,random_fixed_10pct,random_fixed_10pct_vary_alpha,deterioration_severity,weighted_directed_community_assortativity,auc_abs_delta,0.00300429704753572
mu_0p300,0.3,0.3,277,37,lfr,edge_weakening_random_subset,random_fixed_10pct,random_fixed_10pct_vary_alpha,deterioration_severity,weighted_directed_community_assortativity,auc_abs_delta,0.0015025593461024975
mu_0p300,0.3,0.3,278,38,lfr,edge_weakening_random_subset,random_fixed_10pct,random_fixed_10pct_vary_alpha,deterioration_severity,weighted_directed_community_assortativity,auc_abs_delta,0.00255449636073036
mu_0p300,0.3,0.3,279,39,lfr,edge_weakening_random_subset,random_fixed_10pct,random_fixed_10pct_vary_alpha,deterioration_severity,weighted_directed_community_assortativity,auc_abs_delta,0.00565353893975648
mu_0p075,0.075,0.075,0,0,lfr,edge_weakening_random_subset,weighted_edge_betweenness_fixed_10pct,random_fixed_10pct_vary_alpha,deterioration_severity,weighted_directed_community_assortativity,auc_abs_delta,0.0270138394423156
mu_0p075,0.075,0.075,1,1,lfr,edge_weakening_random_subset,weighted_edge_betweenness_fixed_10pct,random_fixed_10pct_vary_alpha,deterioration_severity,weighted_directed_community_assortativity,auc_abs_delta,0.0286948238574073
mu_0p075,0.075,0.075,2,2,lfr,edge_weakening_random_subset,weighted_edge_betweenness_fixed_10pct,random_fixed_10pct_vary_alpha,deterioration_severity,weighted_directed_community_assortativity,auc_abs_delta,0.0299086004721297
mu_0p075,0.075,0.075,3,3,lfr,edge_weakening_random_subset,weighted_edge_betweenness_fixed_10pct,random_fixed_10pct_vary_alpha,deterioration_severity,weighted_directed_community_assortativity,auc_abs_delta,0.0251243259504481
mu_0p075,0.075,0.075,4,4,lfr,edge_weakening_random_subset,weighted_edge_betweenness_fixed_10pct,random_fixed_10pct_vary_alpha,deterioration_severity,weighted_directed_community_assortativity,auc_abs_delta,0.027579440901421
mu_0p075,0.075,0.075,5,5,lfr,edge_weakening_random_subset,weighted_edge_betweenness_fixed_10pct,random_fixed_10pct_vary_alpha,deterioration_severity,weighted_directed_community_assortativity,auc_abs_delta,0.0313090579903344
mu_0p075,0.075,0.075,6,6,lfr,edge_weakening_random_subset,weighted_edge_betweenness_fixed_10pct,random_fixed_10pct_vary_alpha,deterioration_severity,weighted_directed_community_assortativity,auc_abs_delta,0.0224458837286904
mu_0p075,0.075,0.075,7,7,lfr,edge_weakening_random_subset,weighted_edge_betweenness_fixed_10pct,random_fixed_10pct_vary_alpha,deterioration_severity,weighted_directed_community_assortativity,auc_abs_delta,0.0277615951032068
mu_0p075,0.075,0.075,8,8,lfr,edge_weakening_random_subset,weighted_edge_betweenness_fixed_10pct,random_fixed_10pct_vary_alpha,deterioration_severity,weighted_directed_community_assortativity,auc_abs_delta,0.0313070040667527
mu_0p075,0.075,0.075,9,9,lfr,edge_weakening_random_subset,weighted_edge_betweenness_fixed_10pct,random_fixed_10pct_vary_alpha,deterioration_severity,weighted_directed_community_assortativity,auc_abs_delta,0.0301762298965066
mu_0p075,0.075,0.075,10,10,lfr,edge_weakening_random_subset,weighted_edge_betweenness_fixed_10pct,random_fixed_10pct_vary_alpha,deterioration_severity,weighted_directed_community_assortativity,auc_abs_delta,0.0321915261170211
mu_0p075,0.075,0.075,11,11,lfr,edge_weakening_random_subset,weighted_edge_betweenness_fixed_10pct,random_fixed_10pct_vary_alpha,deterioration_severity,weighted_directed_community_assortativity,auc_abs_delta,0.0273072636780071
mu_0p075,0.075,0.075,12,12,lfr,edge_weakening_random_subset,weighted_edge_betweenness_fixed_10pct,random_fixed_10pct_vary_alpha,deterioration_severity,weighted_directed_community_assortativity,auc_abs_delta,0.0238067956045712
mu_0p075,0.075,0.075,13,13,lfr,edge_weakening_random_subset,weighted_edge_betweenness_fixed_10pct,random_fixed_10pct_vary_alpha,deterioration_severity,weighted_directed_community_assortativity,auc_abs_delta,0.0291440393673613
mu_0p075,0.075,0.075,14,14,lfr,edge_weakening_random_subset,weighted_edge_betweenness_fixed_10pct,random_fixed_10pct_vary_alpha,deterioration_severity,weighted_directed_community_assortativity,auc_abs_delta,0.0279115337297171
mu_0p075,0.075,0.075,15,15,lfr,edge_weakening_random_subset,weighted_edge_betweenness_fixed_10pct,random_fixed_10pct_vary_alpha,deterioration_severity,weighted_directed_community_assortativity,auc_abs_delta,0.0246019181545668
mu_0p075,0.075,0.075,16,16,lfr,edge_weakening_random_subset,weighted_edge_betweenness_fixed_10pct,random_fixed_10pct_vary_alpha,deterioration_severity,weighted_directed_community_assortativity,auc_abs_delta,0.0272013728204889
mu_0p075,0.075,0.075,17,17,lfr,edge_weakening_random_subset,weighted_edge_betweenness_fixed_10pct,random_fixed_10pct_vary_alpha,deterioration_severity,weighted_directed_community_assortativity,auc_abs_delta,0.0269917250274639
mu_0p075,0.075,0.075,18,18,lfr,edge_weakening_random_subset,weighted_edge_betweenness_fixed_10pct,random_fixed_10pct_vary_alpha,deterioration_severity,weighted_directed_community_assortativity,auc_abs_delta,0.0292275868647268
mu_0p075,0.075,0.075,19,19,lfr,edge_weakening_random_subset,weighted_edge_betweenness_fixed_10pct,random_fixed_10pct_vary_alpha,deterioration_severity,weighted_directed_community_assortativity,auc_abs_delta,0.030399660255876
mu_0p075,0.075,0.075,20,20,lfr,edge_weakening_random_subset,weighted_edge_betweenness_fixed_10pct,random_fixed_10pct_vary_alpha,deterioration_severity,weighted_directed_community_assortativity,auc_abs_delta,0.0273117155085746
mu_0p075,0.075,0.075,21,21,lfr,edge_weakening_random_subset,weighted_edge_betweenness_fixed_10pct,random_fixed_10pct_vary_alpha,deterioration_severity,weighted_directed_community_assortativity,auc_abs_delta,0.0301022370062158
mu_0p075,0.075,0.075,22,22,lfr,edge_weakening_random_subset,weighted_edge_betweenness_fixed_10pct,random_fixed_10pct_vary_alpha,deterioration_severity,weighted_directed_community_assortativity,auc_abs_delta,0.024696447027951
mu_0p075,0.075,0.075,23,23,lfr,edge_weakening_random_subset,weighted_edge_betweenness_fixed_10pct,random_fixed_10pct_vary_alpha,deterioration_severity,weighted_directed_community_assortativity,auc_abs_delta,0.0252711940357781
mu_0p075,0.075,0.075,24,24,lfr,edge_weakening_random_subset,weighted_edge_betweenness_fixed_10pct,random_fixed_10pct_vary_alpha,deterioration_severity,weighted_directed_community_assortativity,auc_abs_delta,0.0261869775152156
mu_0p075,0.075,0.075,25,25,lfr,edge_weakening_random_subset,weighted_edge_betweenness_fixed_10pct,random_fixed_10pct_vary_alpha,deterioration_severity,weighted_directed_community_assortativity,auc_abs_delta,0.0228758399640571
mu_0p075,0.075,0.075,26,26,lfr,edge_weakening_random_subset,weighted_edge_betweenness_fixed_10pct,random_fixed_10pct_vary_alpha,deterioration_severity,weighted_directed_community_assortativity,auc_abs_delta,0.0289310901030414
mu_0p075,0.075,0.075,27,27,lfr,edge_weakening_random_subset,weighted_edge_betweenness_fixed_10pct,random_fixed_10pct_vary_alpha,deterioration_severity,weighted_directed_community_assortativity,auc_abs_delta,0.0289619156642359
mu_0p075,0.075,0.075,28,28,lfr,edge_weakening_random_subset,weighted_edge_betweenness_fixed_10pct,random_fixed_10pct_vary_alpha,deterioration_severity,weighted_directed_community_assortativity,auc_abs_delta,0.0311701990063414
mu_0p075,0.075,0.075,29,29,lfr,edge_weakening_random_subset,weighted_edge_betweenness_fixed_10pct,random_fixed_10pct_vary_alpha,deterioration_severity,weighted_directed_community_assortativity,auc_abs_delta,0.0293417358917737
mu_0p075,0.075,0.075,30,30,lfr,edge_weakening_random_subset,weighted_edge_betweenness_fixed_10pct,random_fixed_10pct_vary_alpha,deterioration_severity,weighted_directed_community_assortativity,auc_abs_delta,0.0247302198858477
mu_0p075,0.075,0.075,31,31,lfr,edge_weakening_random_subset,weighted_edge_betweenness_fixed_10pct,random_fixed_10pct_vary_alpha,deterioration_severity,weighted_directed_community_assortativity,auc_abs_delta,0.0266938672054305
mu_0p075,0.075,0.075,32,32,lfr,edge_weakening_random_subset,weighted_edge_betweenness_fixed_10pct,random_fixed_10pct_vary_alpha,deterioration_severity,weighted_directed_community_assortativity,auc_abs_delta,0.0286385323698652
mu_0p075,0.075,0.075,33,33,lfr,edge_weakening_random_subset,weighted_edge_betweenness_fixed_10pct,random_fixed_10pct_vary_alpha,deterioration_severity,weighted_directed_community_assortativity,auc_abs_delta,0.0291151694361742
mu_0p075,0.075,0.075,34,34,lfr,edge_weakening_random_subset,weighted_edge_betweenness_fixed_10pct,random_fixed_10pct_vary_alpha,deterioration_severity,weighted_directed_community_assortativity,auc_abs_delta,0.0291022270743444
mu_0p075,0.075,0.075,35,35,lfr,edge_weakening_random_subset,weighted_edge_betweenness_fixed_10pct,random_fixed_10pct_vary_alpha,deterioration_severity,weighted_directed_community_assortativity,auc_abs_delta,0.0273330911313411
mu_0p075,0.075,0.075,36,36,lfr,edge_weakening_random_subset,weighted_edge_betweenness_fixed_10pct,random_fixed_10pct_vary_alpha,deterioration_severity,weighted_directed_community_assortativity,auc_abs_delta,0.0278903236320448
mu_0p075,0.075,0.075,37,37,lfr,edge_weakening_random_subset,weighted_edge_betweenness_fixed_10pct,random_fixed_10pct_vary_alpha,deterioration_severity,weighted_directed_community_assortativity,auc_abs_delta,0.0259357343455005
mu_0p075,0.075,0.075,38,38,lfr,edge_weakening_random_subset,weighted_edge_betweenness_fixed_10pct,random_fixed_10pct_vary_alpha,deterioration_severity,weighted_directed_community_assortativity,auc_abs_delta,0.0287385130043037
mu_0p075,0.075,0.075,39,39,lfr,edge_weakening_random_subset,weighted_edge_betweenness_fixed_10pct,random_fixed_10pct_vary_alpha,deterioration_severity,weighted_directed_community_assortativity,auc_abs_delta,0.0275600850008027
mu_0p100,0.1,0.1,40,0,lfr,edge_weakening_random_subset,weighted_edge_betweenness_fixed_10pct,random_fixed_10pct_vary_alpha,deterioration_severity,weighted_directed_community_assortativity,auc_abs_delta,0.0349186124012272
mu_0p100,0.1,0.1,41,1,lfr,edge_weakening_random_subset,weighted_edge_betweenness_fixed_10pct,random_fixed_10pct_vary_alpha,deterioration_severity,weighted_directed_community_assortativity,auc_abs_delta,0.0309501029754373
mu_0p100,0.1,0.1,42,2,lfr,edge_weakening_random_subset,weighted_edge_betweenness_fixed_10pct,random_fixed_10pct_vary_alpha,deterioration_severity,weighted_directed_community_assortativity,auc_abs_delta,0.0365065775545408
mu_0p100,0.1,0.1,43,3,lfr,edge_weakening_random_subset,weighted_edge_betweenness_fixed_10pct,random_fixed_10pct_vary_alpha,deterioration_severity,weighted_directed_community_assortativity,auc_abs_delta,0.0378690251978978
mu_0p100,0.1,0.1,44,4,lfr,edge_weakening_random_subset,weighted_edge_betweenness_fixed_10pct,random_fixed_10pct_vary_alpha,deterioration_severity,weighted_directed_community_assortativity,auc_abs_delta,0.0389681548865877
mu_0p100,0.1,0.1,45,5,lfr,edge_weakening_random_subset,weighted_edge_betweenness_fixed_10pct,random_fixed_10pct_vary_alpha,deterioration_severity,weighted_directed_community_assortativity,auc_abs_delta,0.0390532167674886
mu_0p100,0.1,0.1,46,6,lfr,edge_weakening_random_subset,weighted_edge_betweenness_fixed_10pct,random_fixed_10pct_vary_alpha,deterioration_severity,weighted_directed_community_assortativity,auc_abs_delta,0.0355407848291127
mu_0p100,0.1,0.1,47,7,lfr,edge_weakening_random_subset,weighted_edge_betweenness_fixed_10pct,random_fixed_10pct_vary_alpha,deterioration_severity,weighted_directed_community_assortativity,auc_abs_delta,0.0367458852891379
mu_0p100,0.1,0.1,48,8,lfr,edge_weakening_random_subset,weighted_edge_betweenness_fixed_10pct,random_fixed_10pct_vary_alpha,deterioration_severity,weighted_directed_community_assortativity,auc_abs_delta,0.0347289850520312
mu_0p100,0.1,0.1,49,9,lfr,edge_weakening_random_subset,weighted_edge_betweenness_fixed_10pct,random_fixed_10pct_vary_alpha,deterioration_severity,weighted_directed_community_assortativity,auc_abs_delta,0.0300691294303932
mu_0p100,0.1,0.1,50,10,lfr,edge_weakening_random_subset,weighted_edge_betweenness_fixed_10pct,random_fixed_10pct_vary_alpha,deterioration_severity,weighted_directed_community_assortativity,auc_abs_delta,0.0366723971300713
mu_0p100,0.1,0.1,51,11,lfr,edge_weakening_random_subset,weighted_edge_betweenness_fixed_10pct,random_fixed_10pct_vary_alpha,deterioration_severity,weighted_directed_community_assortativity,auc_abs_delta,0.0375394808855381
mu_0p100,0.1,0.1,52,12,lfr,edge_weakening_random_subset,weighted_edge_betweenness_fixed_10pct,random_fixed_10pct_vary_alpha,deterioration_severity,weighted_directed_community_assortativity,auc_abs_delta,0.0244024836089268
mu_0p100,0.1,0.1,53,13,lfr,edge_weakening_random_subset,weighted_edge_betweenness_fixed_10pct,random_fixed_10pct_vary_alpha,deterioration_severity,weighted_directed_community_assortativity,auc_abs_delta,0.0351397231296514
mu_0p100,0.1,0.1,54,14,lfr,edge_weakening_random_subset,weighted_edge_betweenness_fixed_10pct,random_fixed_10pct_vary_alpha,deterioration_severity,weighted_directed_community_assortativity,auc_abs_delta,0.0361427683753261
mu_0p100,0.1,0.1,55,15,lfr,edge_weakening_random_subset,weighted_edge_betweenness_fixed_10pct,random_fixed_10pct_vary_alpha,deterioration_severity,weighted_directed_community_assortativity,auc_abs_delta,0.0402692783147449
mu_0p100,0.1,0.1,56,16,lfr,edge_weakening_random_subset,weighted_edge_betweenness_fixed_10pct,random_fixed_10pct_vary_alpha,deterioration_severity,weighted_directed_community_assortativity,auc_abs_delta,0.0359132095385367
mu_0p100,0.1,0.1,57,17,lfr,edge_weakening_random_subset,weighted_edge_betweenness_fixed_10pct,random_fixed_10pct_vary_alpha,deterioration_severity,weighted_directed_community_assortativity,auc_abs_delta,0.0396765088249292
mu_0p100,0.1,0.1,58,18,lfr,edge_weakening_random_subset,weighted_edge_betweenness_fixed_10pct,random_fixed_10pct_vary_alpha,deterioration_severity,weighted_directed_community_assortativity,auc_abs_delta,0.0388264250883614
mu_0p100,0.1,0.1,59,19,lfr,edge_weakening_random_subset,weighted_edge_betweenness_fixed_10pct,random_fixed_10pct_vary_alpha,deterioration_severity,weighted_directed_community_assortativity,auc_abs_delta,0.0361283166885271
mu_0p100,0.1,0.1,60,20,lfr,edge_weakening_random_subset,weighted_edge_betweenness_fixed_10pct,random_fixed_10pct_vary_alpha,deterioration_severity,weighted_directed_community_assortativity,auc_abs_delta,0.0386384137707076
mu_0p100,0.1,0.1,61,21,lfr,edge_weakening_random_subset,weighted_edge_betweenness_fixed_10pct,random_fixed_10pct_vary_alpha,deterioration_severity,weighted_directed_community_assortativity,auc_abs_delta,0.0401945371286509
mu_0p100,0.1,0.1,62,22,lfr,edge_weakening_random_subset,weighted_edge_betweenness_fixed_10pct,random_fixed_10pct_vary_alpha,deterioration_severity,weighted_directed_community_assortativity,auc_abs_delta,0.0350344279972218
mu_0p100,0.1,0.1,63,23,lfr,edge_weakening_random_subset,weighted_edge_betweenness_fixed_10pct,random_fixed_10pct_vary_alpha,deterioration_severity,weighted_directed_community_assortativity,auc_abs_delta,0.0365909489734358
mu_0p100,0.1,0.1,64,24,lfr,edge_weakening_random_subset,weighted_edge_betweenness_fixed_10pct,random_fixed_10pct_vary_alpha,deterioration_severity,weighted_directed_community_assortativity,auc_abs_delta,0.0390757223660239
mu_0p100,0.1,0.1,65,25,lfr,edge_weakening_random_subset,weighted_edge_betweenness_fixed_10pct,random_fixed_10pct_vary_alpha,deterioration_severity,weighted_directed_community_assortativity,auc_abs_delta,0.0370880166432508
mu_0p100,0.1,0.1,66,26,lfr,edge_weakening_random_subset,weighted_edge_betweenness_fixed_10pct,random_fixed_10pct_vary_alpha,deterioration_severity,weighted_directed_community_assortativity,auc_abs_delta,0.032708020105053
mu_0p100,0.1,0.1,67,27,lfr,edge_weakening_random_subset,weighted_edge_betweenness_fixed_10pct,random_fixed_10pct_vary_alpha,deterioration_severity,weighted_directed_community_assortativity,auc_abs_delta,0.0379122155037558
mu_0p100,0.1,0.1,68,28,lfr,edge_weakening_random_subset,weighted_edge_betweenness_fixed_10pct,random_fixed_10pct_vary_alpha,deterioration_severity,weighted_directed_community_assortativity,auc_abs_delta,0.0295586962356376
mu_0p100,0.1,0.1,69,29,lfr,edge_weakening_random_subset,weighted_edge_betweenness_fixed_10pct,random_fixed_10pct_vary_alpha,deterioration_severity,weighted_directed_community_assortativity,auc_abs_delta,0.0396535705706148
mu_0p100,0.1,0.1,70,30,lfr,edge_weakening_random_subset,weighted_edge_betweenness_fixed_10pct,random_fixed_10pct_vary_alpha,deterioration_severity,weighted_directed_community_assortativity,auc_abs_delta,0.0406685029501849
mu_0p100,0.1,0.1,71,31,lfr,edge_weakening_random_subset,weighted_edge_betweenness_fixed_10pct,random_fixed_10pct_vary_alpha,deterioration_severity,weighted_directed_community_assortativity,auc_abs_delta,0.0339916671798398
mu_0p100,0.1,0.1,72,32,lfr,edge_weakening_random_subset,weighted_edge_betweenness_fixed_10pct,random_fixed_10pct_vary_alpha,deterioration_severity,weighted_directed_community_assortativity,auc_abs_delta,0.0386301649003247
mu_0p100,0.1,0.1,73,33,lfr,edge_weakening_random_subset,weighted_edge_betweenness_fixed_10pct,random_fixed_10pct_vary_alpha,deterioration_severity,weighted_directed_community_assortativity,auc_abs_delta,0.0381748331867681
mu_0p100,0.1,0.1,74,34,lfr,edge_weakening_random_subset,weighted_edge_betweenness_fixed_10pct,random_fixed_10pct_vary_alpha,deterioration_severity,weighted_directed_community_assortativity,auc_abs_delta,0.0380748606287243
mu_0p100,0.1,0.1,75,35,lfr,edge_weakening_random_subset,weighted_edge_betweenness_fixed_10pct,random_fixed_10pct_vary_alpha,deterioration_severity,weighted_directed_community_assortativity,auc_abs_delta,0.035082593086318
mu_0p100,0.1,0.1,76,36,lfr,edge_weakening_random_subset,weighted_edge_betweenness_fixed_10pct,random_fixed_10pct_vary_alpha,deterioration_severity,weighted_directed_community_assortativity,auc_abs_delta,0.0348809825676076
mu_0p100,0.1,0.1,77,37,lfr,edge_weakening_random_subset,weighted_edge_betweenness_fixed_10pct,random_fixed_10pct_vary_alpha,deterioration_severity,weighted_directed_community_assortativity,auc_abs_delta,0.0425115758283066
mu_0p100,0.1,0.1,78,38,lfr,edge_weakening_random_subset,weighted_edge_betweenness_fixed_10pct,random_fixed_10pct_vary_alpha,deterioration_severity,weighted_directed_community_assortativity,auc_abs_delta,0.0399546718257022
mu_0p100,0.1,0.1,79,39,lfr,edge_weakening_random_subset,weighted_edge_betweenness_fixed_10pct,random_fixed_10pct_vary_alpha,deterioration_severity,weighted_directed_community_assortativity,auc_abs_delta,0.0343275651551764
mu_0p125,0.125,0.125,80,0,lfr,edge_weakening_random_subset,weighted_edge_betweenness_fixed_10pct,random_fixed_10pct_vary_alpha,deterioration_severity,weighted_directed_community_assortativity,auc_abs_delta,0.044438645116971
mu_0p125,0.125,0.125,81,1,lfr,edge_weakening_random_subset,weighted_edge_betweenness_fixed_10pct,random_fixed_10pct_vary_alpha,deterioration_severity,weighted_directed_community_assortativity,auc_abs_delta,0.0380150949479981
mu_0p125,0.125,0.125,82,2,lfr,edge_weakening_random_subset,weighted_edge_betweenness_fixed_10pct,random_fixed_10pct_vary_alpha,deterioration_severity,weighted_directed_community_assortativity,auc_abs_delta,0.045608761765747
mu_0p125,0.125,0.125,83,3,lfr,edge_weakening_random_subset,weighted_edge_betweenness_fixed_10pct,random_fixed_10pct_vary_alpha,deterioration_severity,weighted_directed_community_assortativity,auc_abs_delta,0.0429306080847031
mu_0p125,0.125,0.125,84,4,lfr,edge_weakening_random_subset,weighted_edge_betweenness_fixed_10pct,random_fixed_10pct_vary_alpha,deterioration_severity,weighted_directed_community_assortativity,auc_abs_delta,0.0367643615371893
mu_0p125,0.125,0.125,85,5,lfr,edge_weakening_random_subset,weighted_edge_betweenness_fixed_10pct,random_fixed_10pct_vary_alpha,deterioration_severity,weighted_directed_community_assortativity,auc_abs_delta,0.0476011654913912
mu_0p125,0.125,0.125,86,6,lfr,edge_weakening_random_subset,weighted_edge_betweenness_fixed_10pct,random_fixed_10pct_vary_alpha,deterioration_severity,weighted_directed_community_assortativity,auc_abs_delta,0.0354948847073259
mu_0p125,0.125,0.125,87,7,lfr,edge_weakening_random_subset,weighted_edge_betweenness_fixed_10pct,random_fixed_10pct_vary_alpha,deterioration_severity,weighted_directed_community_assortativity,auc_abs_delta,0.0451767974425695
mu_0p125,0.125,0.125,88,8,lfr,edge_weakening_random_subset,weighted_edge_betweenness_fixed_10pct,random_fixed_10pct_vary_alpha,deterioration_severity,weighted_directed_community_assortativity,auc_abs_delta,0.0401396164820346
mu_0p125,0.125,0.125,89,9,lfr,edge_weakening_random_subset,weighted_edge_betweenness_fixed_10pct,random_fixed_10pct_vary_alpha,deterioration_severity,weighted_directed_community_assortativity,auc_abs_delta,0.0449020191926454
mu_0p125,0.125,0.125,90,10,lfr,edge_weakening_random_subset,weighted_edge_betweenness_fixed_10pct,random_fixed_10pct_vary_alpha,deterioration_severity,weighted_directed_community_assortativity,auc_abs_delta,0.0449663020196363
mu_0p125,0.125,0.125,91,11,lfr,edge_weakening_random_subset,weighted_edge_betweenness_fixed_10pct,random_fixed_10pct_vary_alpha,deterioration_severity,weighted_directed_community_assortativity,auc_abs_delta,0.0448407717262652
mu_0p125,0.125,0.125,92,12,lfr,edge_weakening_random_subset,weighted_edge_betweenness_fixed_10pct,random_fixed_10pct_vary_alpha,deterioration_severity,weighted_directed_community_assortativity,auc_abs_delta,0.0440377971354799
mu_0p125,0.125,0.125,93,13,lfr,edge_weakening_random_subset,weighted_edge_betweenness_fixed_10pct,random_fixed_10pct_vary_alpha,deterioration_severity,weighted_directed_community_assortativity,auc_abs_delta,0.0395071057185084
mu_0p125,0.125,0.125,94,14,lfr,edge_weakening_random_subset,weighted_edge_betweenness_fixed_10pct,random_fixed_10pct_vary_alpha,deterioration_severity,weighted_directed_community_assortativity,auc_abs_delta,0.0461585919705819
mu_0p125,0.125,0.125,95,15,lfr,edge_weakening_random_subset,weighted_edge_betweenness_fixed_10pct,random_fixed_10pct_vary_alpha,deterioration_severity,weighted_directed_community_assortativity,auc_abs_delta,0.0403557205109605
mu_0p125,0.125,0.125,96,16,lfr,edge_weakening_random_subset,weighted_edge_betweenness_fixed_10pct,random_fixed_10pct_vary_alpha,deterioration_severity,weighted_directed_community_assortativity,auc_abs_delta,0.0368801523153501
mu_0p125,0.125,0.125,97,17,lfr,edge_weakening_random_subset,weighted_edge_betweenness_fixed_10pct,random_fixed_10pct_vary_alpha,deterioration_severity,weighted_directed_community_assortativity,auc_abs_delta,0.0447003361317734
mu_0p125,0.125,0.125,98,18,lfr,edge_weakening_random_subset,weighted_edge_betweenness_fixed_10pct,random_fixed_10pct_vary_alpha,deterioration_severity,weighted_directed_community_assortativity,auc_abs_delta,0.0425278272724274
mu_0p125,0.125,0.125,99,19,lfr,edge_weakening_random_subset,weighted_edge_betweenness_fixed_10pct,random_fixed_10pct_vary_alpha,deterioration_severity,weighted_directed_community_assortativity,auc_abs_delta,0.0413910015529743
mu_0p125,0.125,0.125,100,20,lfr,edge_weakening_random_subset,weighted_edge_betweenness_fixed_10pct,random_fixed_10pct_vary_alpha,deterioration_severity,weighted_directed_community_assortativity,auc_abs_delta,0.0480372080009437
mu_0p125,0.125,0.125,101,21,lfr,edge_weakening_random_subset,weighted_edge_betweenness_fixed_10pct,random_fixed_10pct_vary_alpha,deterioration_severity,weighted_directed_community_assortativity,auc_abs_delta,0.0410588817650147
mu_0p125,0.125,0.125,102,22,lfr,edge_weakening_random_subset,weighted_edge_betweenness_fixed_10pct,random_fixed_10pct_vary_alpha,deterioration_severity,weighted_directed_community_assortativity,auc_abs_delta,0.0410450426676289
mu_0p125,0.125,0.125,103,23,lfr,edge_weakening_random_subset,weighted_edge_betweenness_fixed_10pct,random_fixed_10pct_vary_alpha,deterioration_severity,weighted_directed_community_assortativity,auc_abs_delta,0.0370329107350588
mu_0p125,0.125,0.125,104,24,lfr,edge_weakening_random_subset,weighted_edge_betweenness_fixed_10pct,random_fixed_10pct_vary_alpha,deterioration_severity,weighted_directed_community_assortativity,auc_abs_delta,0.0422553413006035
mu_0p125,0.125,0.125,105,25,lfr,edge_weakening_random_subset,weighted_edge_betweenness_fixed_10pct,random_fixed_10pct_vary_alpha,deterioration_severity,weighted_directed_community_assortativity,auc_abs_delta,0.0451534467249863
mu_0p125,0.125,0.125,106,26,lfr,edge_weakening_random_subset,weighted_edge_betweenness_fixed_10pct,random_fixed_10pct_vary_alpha,deterioration_severity,weighted_directed_community_assortativity,auc_abs_delta,0.0463451256146724
mu_0p125,0.125,0.125,107,27,lfr,edge_weakening_random_subset,weighted_edge_betweenness_fixed_10pct,random_fixed_10pct_vary_alpha,deterioration_severity,weighted_directed_community_assortativity,auc_abs_delta,0.0446749407657189
mu_0p125,0.125,0.125,108,28,lfr,edge_weakening_random_subset,weighted_edge_betweenness_fixed_10pct,random_fixed_10pct_vary_alpha,deterioration_severity,weighted_directed_community_assortativity,auc_abs_delta,0.0425106314282186
mu_0p125,0.125,0.125,109,29,lfr,edge_weakening_random_subset,weighted_edge_betweenness_fixed_10pct,random_fixed_10pct_vary_alpha,deterioration_severity,weighted_directed_community_assortativity,auc_abs_delta,0.0474491101237077
mu_0p125,0.125,0.125,110,30,lfr,edge_weakening_random_subset,weighted_edge_betweenness_fixed_10pct,random_fixed_10pct_vary_alpha,deterioration_severity,weighted_directed_community_assortativity,auc_abs_delta,0.0439297485808911
mu_0p125,0.125,0.125,111,31,lfr,edge_weakening_random_subset,weighted_edge_betweenness_fixed_10pct,random_fixed_10pct_vary_alpha,deterioration_severity,weighted_directed_community_assortativity,auc_abs_delta,0.0419608113355532
mu_0p125,0.125,0.125,112,32,lfr,edge_weakening_random_subset,weighted_edge_betweenness_fixed_10pct,random_fixed_10pct_vary_alpha,deterioration_severity,weighted_directed_community_assortativity,auc_abs_delta,0.0419031621909734
mu_0p125,0.125,0.125,113,33,lfr,edge_weakening_random_subset,weighted_edge_betweenness_fixed_10pct,random_fixed_10pct_vary_alpha,deterioration_severity,weighted_directed_community_assortativity,auc_abs_delta,0.0382990667278419
mu_0p125,0.125,0.125,114,34,lfr,edge_weakening_random_subset,weighted_edge_betweenness_fixed_10pct,random_fixed_10pct_vary_alpha,deterioration_severity,weighted_directed_community_assortativity,auc_abs_delta,0.0493042472197386
mu_0p125,0.125,0.125,115,35,lfr,edge_weakening_random_subset,weighted_edge_betweenness_fixed_10pct,random_fixed_10pct_vary_alpha,deterioration_severity,weighted_directed_community_assortativity,auc_abs_delta,0.0443845176667697
mu_0p125,0.125,0.125,116,36,lfr,edge_weakening_random_subset,weighted_edge_betweenness_fixed_10pct,random_fixed_10pct_vary_alpha,deterioration_severity,weighted_directed_community_assortativity,auc_abs_delta,0.0425908409402915
mu_0p125,0.125,0.125,117,37,lfr,edge_weakening_random_subset,weighted_edge_betweenness_fixed_10pct,random_fixed_10pct_vary_alpha,deterioration_severity,weighted_directed_community_assortativity,auc_abs_delta,0.0470523252186096
mu_0p125,0.125,0.125,118,38,lfr,edge_weakening_random_subset,weighted_edge_betweenness_fixed_10pct,random_fixed_10pct_vary_alpha,deterioration_severity,weighted_directed_community_assortativity,auc_abs_delta,0.039996659433781
mu_0p125,0.125,0.125,119,39,lfr,edge_weakening_random_subset,weighted_edge_betweenness_fixed_10pct,random_fixed_10pct_vary_alpha,deterioration_severity,weighted_directed_community_assortativity,auc_abs_delta,0.0449857146871748
mu_0p150,0.15,0.15,120,0,lfr,edge_weakening_random_subset,weighted_edge_betweenness_fixed_10pct,random_fixed_10pct_vary_alpha,deterioration_severity,weighted_directed_community_assortativity,auc_abs_delta,0.0506359058926179
mu_0p150,0.15,0.15,121,1,lfr,edge_weakening_random_subset,weighted_edge_betweenness_fixed_10pct,random_fixed_10pct_vary_alpha,deterioration_severity,weighted_directed_community_assortativity,auc_abs_delta,0.0456219115524708
mu_0p150,0.15,0.15,122,2,lfr,edge_weakening_random_subset,weighted_edge_betweenness_fixed_10pct,random_fixed_10pct_vary_alpha,deterioration_severity,weighted_directed_community_assortativity,auc_abs_delta,0.0571904380147274
mu_0p150,0.15,0.15,123,3,lfr,edge_weakening_random_subset,weighted_edge_betweenness_fixed_10pct,random_fixed_10pct_vary_alpha,deterioration_severity,weighted_directed_community_assortativity,auc_abs_delta,0.0453530789138909
mu_0p150,0.15,0.15,124,4,lfr,edge_weakening_random_subset,weighted_edge_betweenness_fixed_10pct,random_fixed_10pct_vary_alpha,deterioration_severity,weighted_directed_community_assortativity,auc_abs_delta,0.0499174715937013
mu_0p150,0.15,0.15,125,5,lfr,edge_weakening_random_subset,weighted_edge_betweenness_fixed_10pct,random_fixed_10pct_vary_alpha,deterioration_severity,weighted_directed_community_assortativity,auc_abs_delta,0.0505432898185224
mu_0p150,0.15,0.15,126,6,lfr,edge_weakening_random_subset,weighted_edge_betweenness_fixed_10pct,random_fixed_10pct_vary_alpha,deterioration_severity,weighted_directed_community_assortativity,auc_abs_delta,0.0390513201256975
mu_0p150,0.15,0.15,127,7,lfr,edge_weakening_random_subset,weighted_edge_betweenness_fixed_10pct,random_fixed_10pct_vary_alpha,deterioration_severity,weighted_directed_community_assortativity,auc_abs_delta,0.0481971896876011
mu_0p150,0.15,0.15,128,8,lfr,edge_weakening_random_subset,weighted_edge_betweenness_fixed_10pct,random_fixed_10pct_vary_alpha,deterioration_severity,weighted_directed_community_assortativity,auc_abs_delta,0.0492468757378443
mu_0p150,0.15,0.15,129,9,lfr,edge_weakening_random_subset,weighted_edge_betweenness_fixed_10pct,random_fixed_10pct_vary_alpha,deterioration_severity,weighted_directed_community_assortativity,auc_abs_delta,0.0389401127560293
mu_0p150,0.15,0.15,130,10,lfr,edge_weakening_random_subset,weighted_edge_betweenness_fixed_10pct,random_fixed_10pct_vary_alpha,deterioration_severity,weighted_directed_community_assortativity,auc_abs_delta,0.0495791435260103
mu_0p150,0.15,0.15,131,11,lfr,edge_weakening_random_subset,weighted_edge_betweenness_fixed_10pct,random_fixed_10pct_vary_alpha,deterioration_severity,weighted_directed_community_assortativity,auc_abs_delta,0.0438572754392272
mu_0p150,0.15,0.15,132,12,lfr,edge_weakening_random_subset,weighted_edge_betweenness_fixed_10pct,random_fixed_10pct_vary_alpha,deterioration_severity,weighted_directed_community_assortativity,auc_abs_delta,0.0469237738844327
mu_0p150,0.15,0.15,133,13,lfr,edge_weakening_random_subset,weighted_edge_betweenness_fixed_10pct,random_fixed_10pct_vary_alpha,deterioration_severity,weighted_directed_community_assortativity,auc_abs_delta,0.048249524458409
mu_0p150,0.15,0.15,134,14,lfr,edge_weakening_random_subset,weighted_edge_betweenness_fixed_10pct,random_fixed_10pct_vary_alpha,deterioration_severity,weighted_directed_community_assortativity,auc_abs_delta,0.0508069634693184
mu_0p150,0.15,0.15,135,15,lfr,edge_weakening_random_subset,weighted_edge_betweenness_fixed_10pct,random_fixed_10pct_vary_alpha,deterioration_severity,weighted_directed_community_assortativity,auc_abs_delta,0.0502189648539643
mu_0p150,0.15,0.15,136,16,lfr,edge_weakening_random_subset,weighted_edge_betweenness_fixed_10pct,random_fixed_10pct_vary_alpha,deterioration_severity,weighted_directed_community_assortativity,auc_abs_delta,0.0508455294705665
mu_0p150,0.15,0.15,137,17,lfr,edge_weakening_random_subset,weighted_edge_betweenness_fixed_10pct,random_fixed_10pct_vary_alpha,deterioration_severity,weighted_directed_community_assortativity,auc_abs_delta,0.0452577275295269
mu_0p150,0.15,0.15,138,18,lfr,edge_weakening_random_subset,weighted_edge_betweenness_fixed_10pct,random_fixed_10pct_vary_alpha,deterioration_severity,weighted_directed_community_assortativity,auc_abs_delta,0.0527091004517237
mu_0p150,0.15,0.15,139,19,lfr,edge_weakening_random_subset,weighted_edge_betweenness_fixed_10pct,random_fixed_10pct_vary_alpha,deterioration_severity,weighted_directed_community_assortativity,auc_abs_delta,0.0469558708894419
mu_0p150,0.15,0.15,140,20,lfr,edge_weakening_random_subset,weighted_edge_betweenness_fixed_10pct,random_fixed_10pct_vary_alpha,deterioration_severity,weighted_directed_community_assortativity,auc_abs_delta,0.0440252909143273
mu_0p150,0.15,0.15,141,21,lfr,edge_weakening_random_subset,weighted_edge_betweenness_fixed_10pct,random_fixed_10pct_vary_alpha,deterioration_severity,weighted_directed_community_assortativity,auc_abs_delta,0.0413873218106156
mu_0p150,0.15,0.15,142,22,lfr,edge_weakening_random_subset,weighted_edge_betweenness_fixed_10pct,random_fixed_10pct_vary_alpha,deterioration_severity,weighted_directed_community_assortativity,auc_abs_delta,0.0454792326073959
mu_0p150,0.15,0.15,143,23,lfr,edge_weakening_random_subset,weighted_edge_betweenness_fixed_10pct,random_fixed_10pct_vary_alpha,deterioration_severity,weighted_directed_community_assortativity,auc_abs_delta,0.0482298182508046
mu_0p150,0.15,0.15,144,24,lfr,edge_weakening_random_subset,weighted_edge_betweenness_fixed_10pct,random_fixed_10pct_vary_alpha,deterioration_severity,weighted_directed_community_assortativity,auc_abs_delta,0.0561619902795386
mu_0p150,0.15,0.15,145,25,lfr,edge_weakening_random_subset,weighted_edge_betweenness_fixed_10pct,random_fixed_10pct_vary_alpha,deterioration_severity,weighted_directed_community_assortativity,auc_abs_delta,0.0482955705117622
mu_0p150,0.15,0.15,146,26,lfr,edge_weakening_random_subset,weighted_edge_betweenness_fixed_10pct,random_fixed_10pct_vary_alpha,deterioration_severity,weighted_directed_community_assortativity,auc_abs_delta,0.0484238298539791
mu_0p150,0.15,0.15,147,27,lfr,edge_weakening_random_subset,weighted_edge_betweenness_fixed_10pct,random_fixed_10pct_vary_alpha,deterioration_severity,weighted_directed_community_assortativity,auc_abs_delta,0.0500953196601421
mu_0p150,0.15,0.15,148,28,lfr,edge_weakening_random_subset,weighted_edge_betweenness_fixed_10pct,random_fixed_10pct_vary_alpha,deterioration_severity,weighted_directed_community_assortativity,auc_abs_delta,0.04900542833497
mu_0p150,0.15,0.15,149,29,lfr,edge_weakening_random_subset,weighted_edge_betweenness_fixed_10pct,random_fixed_10pct_vary_alpha,deterioration_severity,weighted_directed_community_assortativity,auc_abs_delta,0.0496682448375289
mu_0p150,0.15,0.15,150,30,lfr,edge_weakening_random_subset,weighted_edge_betweenness_fixed_10pct,random_fixed_10pct_vary_alpha,deterioration_severity,weighted_directed_community_assortativity,auc_abs_delta,0.0456990985883253
mu_0p150,0.15,0.15,151,31,lfr,edge_weakening_random_subset,weighted_edge_betweenness_fixed_10pct,random_fixed_10pct_vary_alpha,deterioration_severity,weighted_directed_community_assortativity,auc_abs_delta,0.0487165774022216
mu_0p150,0.15,0.15,152,32,lfr,edge_weakening_random_subset,weighted_edge_betweenness_fixed_10pct,random_fixed_10pct_vary_alpha,deterioration_severity,weighted_directed_community_assortativity,auc_abs_delta,0.0512866018862918
mu_0p150,0.15,0.15,153,33,lfr,edge_weakening_random_subset,weighted_edge_betweenness_fixed_10pct,random_fixed_10pct_vary_alpha,deterioration_severity,weighted_directed_community_assortativity,auc_abs_delta,0.0480399769205618
mu_0p150,0.15,0.15,154,34,lfr,edge_weakening_random_subset,weighted_edge_betweenness_fixed_10pct,random_fixed_10pct_vary_alpha,deterioration_severity,weighted_directed_community_assortativity,auc_abs_delta,0.0448186604921045
mu_0p150,0.15,0.15,155,35,lfr,edge_weakening_random_subset,weighted_edge_betweenness_fixed_10pct,random_fixed_10pct_vary_alpha,deterioration_severity,weighted_directed_community_assortativity,auc_abs_delta,0.0464390081104988
mu_0p150,0.15,0.15,156,36,lfr,edge_weakening_random_subset,weighted_edge_betweenness_fixed_10pct,random_fixed_10pct_vary_alpha,deterioration_severity,weighted_directed_community_assortativity,auc_abs_delta,0.0495805400200745
mu_0p150,0.15,0.15,157,37,lfr,edge_weakening_random_subset,weighted_edge_betweenness_fixed_10pct,random_fixed_10pct_vary_alpha,deterioration_severity,weighted_directed_community_assortativity,auc_abs_delta,0.0461234938938933
mu_0p150,0.15,0.15,158,38,lfr,edge_weakening_random_subset,weighted_edge_betweenness_fixed_10pct,random_fixed_10pct_vary_alpha,deterioration_severity,weighted_directed_community_assortativity,auc_abs_delta,0.0519384567995017
mu_0p150,0.15,0.15,159,39,lfr,edge_weakening_random_subset,weighted_edge_betweenness_fixed_10pct,random_fixed_10pct_vary_alpha,deterioration_severity,weighted_directed_community_assortativity,auc_abs_delta,0.0496152970322766
mu_0p175,0.175,0.175,160,0,lfr,edge_weakening_random_subset,weighted_edge_betweenness_fixed_10pct,random_fixed_10pct_vary_alpha,deterioration_severity,weighted_directed_community_assortativity,auc_abs_delta,0.0506264704457137
mu_0p175,0.175,0.175,161,1,lfr,edge_weakening_random_subset,weighted_edge_betweenness_fixed_10pct,random_fixed_10pct_vary_alpha,deterioration_severity,weighted_directed_community_assortativity,auc_abs_delta,0.0536744205325857
mu_0p175,0.175,0.175,162,2,lfr,edge_weakening_random_subset,weighted_edge_betweenness_fixed_10pct,random_fixed_10pct_vary_alpha,deterioration_severity,weighted_directed_community_assortativity,auc_abs_delta,0.0485258907946016
mu_0p175,0.175,0.175,163,3,lfr,edge_weakening_random_subset,weighted_edge_betweenness_fixed_10pct,random_fixed_10pct_vary_alpha,deterioration_severity,weighted_directed_community_assortativity,auc_abs_delta,0.0512375130676308
mu_0p175,0.175,0.175,164,4,lfr,edge_weakening_random_subset,weighted_edge_betweenness_fixed_10pct,random_fixed_10pct_vary_alpha,deterioration_severity,weighted_directed_community_assortativity,auc_abs_delta,0.051273026935169
mu_0p175,0.175,0.175,165,5,lfr,edge_weakening_random_subset,weighted_edge_betweenness_fixed_10pct,random_fixed_10pct_vary_alpha,deterioration_severity,weighted_directed_community_assortativity,auc_abs_delta,0.0496638068334022
mu_0p175,0.175,0.175,166,6,lfr,edge_weakening_random_subset,weighted_edge_betweenness_fixed_10pct,random_fixed_10pct_vary_alpha,deterioration_severity,weighted_directed_community_assortativity,auc_abs_delta,0.0487829684438233
mu_0p175,0.175,0.175,167,7,lfr,edge_weakening_random_subset,weighted_edge_betweenness_fixed_10pct,random_fixed_10pct_vary_alpha,deterioration_severity,weighted_directed_community_assortativity,auc_abs_delta,0.0547563633952602
mu_0p175,0.175,0.175,168,8,lfr,edge_weakening_random_subset,weighted_edge_betweenness_fixed_10pct,random_fixed_10pct_vary_alpha,deterioration_severity,weighted_directed_community_assortativity,auc_abs_delta,0.0514536948495021
mu_0p175,0.175,0.175,169,9,lfr,edge_weakening_random_subset,weighted_edge_betweenness_fixed_10pct,random_fixed_10pct_vary_alpha,deterioration_severity,weighted_directed_community_assortativity,auc_abs_delta,0.0550928699817333
mu_0p175,0.175,0.175,170,10,lfr,edge_weakening_random_subset,weighted_edge_betweenness_fixed_10pct,random_fixed_10pct_vary_alpha,deterioration_severity,weighted_directed_community_assortativity,auc_abs_delta,0.0337191184783425
mu_0p175,0.175,0.175,171,11,lfr,edge_weakening_random_subset,weighted_edge_betweenness_fixed_10pct,random_fixed_10pct_vary_alpha,deterioration_severity,weighted_directed_community_assortativity,auc_abs_delta,0.0485730861403443
mu_0p175,0.175,0.175,172,12,lfr,edge_weakening_random_subset,weighted_edge_betweenness_fixed_10pct,random_fixed_10pct_vary_alpha,deterioration_severity,weighted_directed_community_assortativity,auc_abs_delta,0.05339451146742
mu_0p175,0.175,0.175,173,13,lfr,edge_weakening_random_subset,weighted_edge_betweenness_fixed_10pct,random_fixed_10pct_vary_alpha,deterioration_severity,weighted_directed_community_assortativity,auc_abs_delta,0.0475476357282737
mu_0p175,0.175,0.175,174,14,lfr,edge_weakening_random_subset,weighted_edge_betweenness_fixed_10pct,random_fixed_10pct_vary_alpha,deterioration_severity,weighted_directed_community_assortativity,auc_abs_delta,0.0472815282088974
mu_0p175,0.175,0.175,175,15,lfr,edge_weakening_random_subset,weighted_edge_betweenness_fixed_10pct,random_fixed_10pct_vary_alpha,deterioration_severity,weighted_directed_community_assortativity,auc_abs_delta,0.0514752164021577
mu_0p175,0.175,0.175,176,16,lfr,edge_weakening_random_subset,weighted_edge_betweenness_fixed_10pct,random_fixed_10pct_vary_alpha,deterioration_severity,weighted_directed_community_assortativity,auc_abs_delta,0.0541505315502163
mu_0p175,0.175,0.175,177,17,lfr,edge_weakening_random_subset,weighted_edge_betweenness_fixed_10pct,random_fixed_10pct_vary_alpha,deterioration_severity,weighted_directed_community_assortativity,auc_abs_delta,0.047413187370548
mu_0p175,0.175,0.175,178,18,lfr,edge_weakening_random_subset,weighted_edge_betweenness_fixed_10pct,random_fixed_10pct_vary_alpha,deterioration_severity,weighted_directed_community_assortativity,auc_abs_delta,0.0459648651736579
mu_0p175,0.175,0.175,179,19,lfr,edge_weakening_random_subset,weighted_edge_betweenness_fixed_10pct,random_fixed_10pct_vary_alpha,deterioration_severity,weighted_directed_community_assortativity,auc_abs_delta,0.0492016458378991
mu_0p175,0.175,0.175,180,20,lfr,edge_weakening_random_subset,weighted_edge_betweenness_fixed_10pct,random_fixed_10pct_vary_alpha,deterioration_severity,weighted_directed_community_assortativity,auc_abs_delta,0.047722565136314
mu_0p175,0.175,0.175,181,21,lfr,edge_weakening_random_subset,weighted_edge_betweenness_fixed_10pct,random_fixed_10pct_vary_alpha,deterioration_severity,weighted_directed_community_assortativity,auc_abs_delta,0.0518137828010302
mu_0p175,0.175,0.175,182,22,lfr,edge_weakening_random_subset,weighted_edge_betweenness_fixed_10pct,random_fixed_10pct_vary_alpha,deterioration_severity,weighted_directed_community_assortativity,auc_abs_delta,0.0545421100219992
mu_0p175,0.175,0.175,183,23,lfr,edge_weakening_random_subset,weighted_edge_betweenness_fixed_10pct,random_fixed_10pct_vary_alpha,deterioration_severity,weighted_directed_community_assortativity,auc_abs_delta,0.0508488490534526
mu_0p175,0.175,0.175,184,24,lfr,edge_weakening_random_subset,weighted_edge_betweenness_fixed_10pct,random_fixed_10pct_vary_alpha,deterioration_severity,weighted_directed_community_assortativity,auc_abs_delta,0.0493315774480726
mu_0p175,0.175,0.175,185,25,lfr,edge_weakening_random_subset,weighted_edge_betweenness_fixed_10pct,random_fixed_10pct_vary_alpha,deterioration_severity,weighted_directed_community_assortativity,auc_abs_delta,0.0465703922960859
mu_0p175,0.175,0.175,186,26,lfr,edge_weakening_random_subset,weighted_edge_betweenness_fixed_10pct,random_fixed_10pct_vary_alpha,deterioration_severity,weighted_directed_community_assortativity,auc_abs_delta,0.0489760931618173
mu_0p175,0.175,0.175,187,27,lfr,edge_weakening_random_subset,weighted_edge_betweenness_fixed_10pct,random_fixed_10pct_vary_alpha,deterioration_severity,weighted_directed_community_assortativity,auc_abs_delta,0.046403693820027
mu_0p175,0.175,0.175,188,28,lfr,edge_weakening_random_subset,weighted_edge_betweenness_fixed_10pct,random_fixed_10pct_vary_alpha,deterioration_severity,weighted_directed_community_assortativity,auc_abs_delta,0.0504750978615422
mu_0p175,0.175,0.175,189,29,lfr,edge_weakening_random_subset,weighted_edge_betweenness_fixed_10pct,random_fixed_10pct_vary_alpha,deterioration_severity,weighted_directed_community_assortativity,auc_abs_delta,0.053985427282418
mu_0p175,0.175,0.175,190,30,lfr,edge_weakening_random_subset,weighted_edge_betweenness_fixed_10pct,random_fixed_10pct_vary_alpha,deterioration_severity,weighted_directed_community_assortativity,auc_abs_delta,0.049582229640616
mu_0p175,0.175,0.175,191,31,lfr,edge_weakening_random_subset,weighted_edge_betweenness_fixed_10pct,random_fixed_10pct_vary_alpha,deterioration_severity,weighted_directed_community_assortativity,auc_abs_delta,0.0492331586753217
mu_0p175,0.175,0.175,192,32,lfr,edge_weakening_random_subset,weighted_edge_betweenness_fixed_10pct,random_fixed_10pct_vary_alpha,deterioration_severity,weighted_directed_community_assortativity,auc_abs_delta,0.0541801698315212
mu_0p175,0.175,0.175,193,33,lfr,edge_weakening_random_subset,weighted_edge_betweenness_fixed_10pct,random_fixed_10pct_vary_alpha,deterioration_severity,weighted_directed_community_assortativity,auc_abs_delta,0.0399180109209325
mu_0p175,0.175,0.175,194,34,lfr,edge_weakening_random_subset,weighted_edge_betweenness_fixed_10pct,random_fixed_10pct_vary_alpha,deterioration_severity,weighted_directed_community_assortativity,auc_abs_delta,0.0516865904744444
mu_0p175,0.175,0.175,195,35,lfr,edge_weakening_random_subset,weighted_edge_betweenness_fixed_10pct,random_fixed_10pct_vary_alpha,deterioration_severity,weighted_directed_community_assortativity,auc_abs_delta,0.0556381450300892
mu_0p175,0.175,0.175,196,36,lfr,edge_weakening_random_subset,weighted_edge_betweenness_fixed_10pct,random_fixed_10pct_vary_alpha,deterioration_severity,weighted_directed_community_assortativity,auc_abs_delta,0.0461933794259663
mu_0p175,0.175,0.175,197,37,lfr,edge_weakening_random_subset,weighted_edge_betweenness_fixed_10pct,random_fixed_10pct_vary_alpha,deterioration_severity,weighted_directed_community_assortativity,auc_abs_delta,0.054210630383816
mu_0p175,0.175,0.175,198,38,lfr,edge_weakening_random_subset,weighted_edge_betweenness_fixed_10pct,random_fixed_10pct_vary_alpha,deterioration_severity,weighted_directed_community_assortativity,auc_abs_delta,0.0520182097958971
mu_0p175,0.175,0.175,199,39,lfr,edge_weakening_random_subset,weighted_edge_betweenness_fixed_10pct,random_fixed_10pct_vary_alpha,deterioration_severity,weighted_directed_community_assortativity,auc_abs_delta,0.0496335098437112
mu_0p225,0.225,0.225,200,0,lfr,edge_weakening_random_subset,weighted_edge_betweenness_fixed_10pct,random_fixed_10pct_vary_alpha,deterioration_severity,weighted_directed_community_assortativity,auc_abs_delta,0.060432578304207
mu_0p225,0.225,0.225,201,1,lfr,edge_weakening_random_subset,weighted_edge_betweenness_fixed_10pct,random_fixed_10pct_vary_alpha,deterioration_severity,weighted_directed_community_assortativity,auc_abs_delta,0.0545697453366467
mu_0p225,0.225,0.225,202,2,lfr,edge_weakening_random_subset,weighted_edge_betweenness_fixed_10pct,random_fixed_10pct_vary_alpha,deterioration_severity,weighted_directed_community_assortativity,auc_abs_delta,0.0463100171498066
mu_0p225,0.225,0.225,203,3,lfr,edge_weakening_random_subset,weighted_edge_betweenness_fixed_10pct,random_fixed_10pct_vary_alpha,deterioration_severity,weighted_directed_community_assortativity,auc_abs_delta,0.0495702340834057
mu_0p225,0.225,0.225,204,4,lfr,edge_weakening_random_subset,weighted_edge_betweenness_fixed_10pct,random_fixed_10pct_vary_alpha,deterioration_severity,weighted_directed_community_assortativity,auc_abs_delta,0.0570666390081009
mu_0p225,0.225,0.225,205,5,lfr,edge_weakening_random_subset,weighted_edge_betweenness_fixed_10pct,random_fixed_10pct_vary_alpha,deterioration_severity,weighted_directed_community_assortativity,auc_abs_delta,0.0435334137425632
mu_0p225,0.225,0.225,206,6,lfr,edge_weakening_random_subset,weighted_edge_betweenness_fixed_10pct,random_fixed_10pct_vary_alpha,deterioration_severity,weighted_directed_community_assortativity,auc_abs_delta,0.0453212099045487
mu_0p225,0.225,0.225,207,7,lfr,edge_weakening_random_subset,weighted_edge_betweenness_fixed_10pct,random_fixed_10pct_vary_alpha,deterioration_severity,weighted_directed_community_assortativity,auc_abs_delta,0.0475157504951082
mu_0p225,0.225,0.225,208,8,lfr,edge_weakening_random_subset,weighted_edge_betweenness_fixed_10pct,random_fixed_10pct_vary_alpha,deterioration_severity,weighted_directed_community_assortativity,auc_abs_delta,0.0485269440277753
mu_0p225,0.225,0.225,209,9,lfr,edge_weakening_random_subset,weighted_edge_betweenness_fixed_10pct,random_fixed_10pct_vary_alpha,deterioration_severity,weighted_directed_community_assortativity,auc_abs_delta,0.0451955198475721
mu_0p225,0.225,0.225,210,10,lfr,edge_weakening_random_subset,weighted_edge_betweenness_fixed_10pct,random_fixed_10pct_vary_alpha,deterioration_severity,weighted_directed_community_assortativity,auc_abs_delta,0.0455372474197623
mu_0p225,0.225,0.225,211,11,lfr,edge_weakening_random_subset,weighted_edge_betweenness_fixed_10pct,random_fixed_10pct_vary_alpha,deterioration_severity,weighted_directed_community_assortativity,auc_abs_delta,0.0566077711459142
mu_0p225,0.225,0.225,212,12,lfr,edge_weakening_random_subset,weighted_edge_betweenness_fixed_10pct,random_fixed_10pct_vary_alpha,deterioration_severity,weighted_directed_community_assortativity,auc_abs_delta,0.0474928438255757
mu_0p225,0.225,0.225,213,13,lfr,edge_weakening_random_subset,weighted_edge_betweenness_fixed_10pct,random_fixed_10pct_vary_alpha,deterioration_severity,weighted_directed_community_assortativity,auc_abs_delta,0.0558521552704253
mu_0p225,0.225,0.225,214,14,lfr,edge_weakening_random_subset,weighted_edge_betweenness_fixed_10pct,random_fixed_10pct_vary_alpha,deterioration_severity,weighted_directed_community_assortativity,auc_abs_delta,0.0438537178114644
mu_0p225,0.225,0.225,215,15,lfr,edge_weakening_random_subset,weighted_edge_betweenness_fixed_10pct,random_fixed_10pct_vary_alpha,deterioration_severity,weighted_directed_community_assortativity,auc_abs_delta,0.0461483337941955
mu_0p225,0.225,0.225,216,16,lfr,edge_weakening_random_subset,weighted_edge_betweenness_fixed_10pct,random_fixed_10pct_vary_alpha,deterioration_severity,weighted_directed_community_assortativity,auc_abs_delta,0.0473899669346102
mu_0p225,0.225,0.225,217,17,lfr,edge_weakening_random_subset,weighted_edge_betweenness_fixed_10pct,random_fixed_10pct_vary_alpha,deterioration_severity,weighted_directed_community_assortativity,auc_abs_delta,0.0546845702150738
mu_0p225,0.225,0.225,218,18,lfr,edge_weakening_random_subset,weighted_edge_betweenness_fixed_10pct,random_fixed_10pct_vary_alpha,deterioration_severity,weighted_directed_community_assortativity,auc_abs_delta,0.0498011716017087
mu_0p225,0.225,0.225,219,19,lfr,edge_weakening_random_subset,weighted_edge_betweenness_fixed_10pct,random_fixed_10pct_vary_alpha,deterioration_severity,weighted_directed_community_assortativity,auc_abs_delta,0.0436157848617107
mu_0p225,0.225,0.225,220,20,lfr,edge_weakening_random_subset,weighted_edge_betweenness_fixed_10pct,random_fixed_10pct_vary_alpha,deterioration_severity,weighted_directed_community_assortativity,auc_abs_delta,0.051664944919565
mu_0p225,0.225,0.225,221,21,lfr,edge_weakening_random_subset,weighted_edge_betweenness_fixed_10pct,random_fixed_10pct_vary_alpha,deterioration_severity,weighted_directed_community_assortativity,auc_abs_delta,0.0504373433799731
mu_0p225,0.225,0.225,222,22,lfr,edge_weakening_random_subset,weighted_edge_betweenness_fixed_10pct,random_fixed_10pct_vary_alpha,deterioration_severity,weighted_directed_community_assortativity,auc_abs_delta,0.0471585258758891
mu_0p225,0.225,0.225,223,23,lfr,edge_weakening_random_subset,weighted_edge_betweenness_fixed_10pct,random_fixed_10pct_vary_alpha,deterioration_severity,weighted_directed_community_assortativity,auc_abs_delta,0.0420460646022279
mu_0p225,0.225,0.225,224,24,lfr,edge_weakening_random_subset,weighted_edge_betweenness_fixed_10pct,random_fixed_10pct_vary_alpha,deterioration_severity,weighted_directed_community_assortativity,auc_abs_delta,0.0463999847834557
mu_0p225,0.225,0.225,225,25,lfr,edge_weakening_random_subset,weighted_edge_betweenness_fixed_10pct,random_fixed_10pct_vary_alpha,deterioration_severity,weighted_directed_community_assortativity,auc_abs_delta,0.0493561921166486
mu_0p225,0.225,0.225,226,26,lfr,edge_weakening_random_subset,weighted_edge_betweenness_fixed_10pct,random_fixed_10pct_vary_alpha,deterioration_severity,weighted_directed_community_assortativity,auc_abs_delta,0.0455631328497533
mu_0p225,0.225,0.225,227,27,lfr,edge_weakening_random_subset,weighted_edge_betweenness_fixed_10pct,random_fixed_10pct_vary_alpha,deterioration_severity,weighted_directed_community_assortativity,auc_abs_delta,0.052231173598902
mu_0p225,0.225,0.225,228,28,lfr,edge_weakening_random_subset,weighted_edge_betweenness_fixed_10pct,random_fixed_10pct_vary_alpha,deterioration_severity,weighted_directed_community_assortativity,auc_abs_delta,0.0527241206794797
mu_0p225,0.225,0.225,229,29,lfr,edge_weakening_random_subset,weighted_edge_betweenness_fixed_10pct,random_fixed_10pct_vary_alpha,deterioration_severity,weighted_directed_community_assortativity,auc_abs_delta,0.0466114995141274
mu_0p225,0.225,0.225,230,30,lfr,edge_weakening_random_subset,weighted_edge_betweenness_fixed_10pct,random_fixed_10pct_vary_alpha,deterioration_severity,weighted_directed_community_assortativity,auc_abs_delta,0.0524191346440582
mu_0p225,0.225,0.225,231,31,lfr,edge_weakening_random_subset,weighted_edge_betweenness_fixed_10pct,random_fixed_10pct_vary_alpha,deterioration_severity,weighted_directed_community_assortativity,auc_abs_delta,0.0475179368129276
mu_0p225,0.225,0.225,232,32,lfr,edge_weakening_random_subset,weighted_edge_betweenness_fixed_10pct,random_fixed_10pct_vary_alpha,deterioration_severity,weighted_directed_community_assortativity,auc_abs_delta,0.049443146260435
mu_0p225,0.225,0.225,233,33,lfr,edge_weakening_random_subset,weighted_edge_betweenness_fixed_10pct,random_fixed_10pct_vary_alpha,deterioration_severity,weighted_directed_community_assortativity,auc_abs_delta,0.050263612553857
mu_0p225,0.225,0.225,234,34,lfr,edge_weakening_random_subset,weighted_edge_betweenness_fixed_10pct,random_fixed_10pct_vary_alpha,deterioration_severity,weighted_directed_community_assortativity,auc_abs_delta,0.0509424086434995
mu_0p225,0.225,0.225,235,35,lfr,edge_weakening_random_subset,weighted_edge_betweenness_fixed_10pct,random_fixed_10pct_vary_alpha,deterioration_severity,weighted_directed_community_assortativity,auc_abs_delta,0.0592598862401802
mu_0p225,0.225,0.225,236,36,lfr,edge_weakening_random_subset,weighted_edge_betweenness_fixed_10pct,random_fixed_10pct_vary_alpha,deterioration_severity,weighted_directed_community_assortativity,auc_abs_delta,0.0480942922139867
mu_0p225,0.225,0.225,237,37,lfr,edge_weakening_random_subset,weighted_edge_betweenness_fixed_10pct,random_fixed_10pct_vary_alpha,deterioration_severity,weighted_directed_community_assortativity,auc_abs_delta,0.0535965346831915
mu_0p225,0.225,0.225,238,38,lfr,edge_weakening_random_subset,weighted_edge_betweenness_fixed_10pct,random_fixed_10pct_vary_alpha,deterioration_severity,weighted_directed_community_assortativity,auc_abs_delta,0.0508877381060274
mu_0p225,0.225,0.225,239,39,lfr,edge_weakening_random_subset,weighted_edge_betweenness_fixed_10pct,random_fixed_10pct_vary_alpha,deterioration_severity,weighted_directed_community_assortativity,auc_abs_delta,0.0449338610058828
mu_0p300,0.3,0.3,240,0,lfr,edge_weakening_random_subset,weighted_edge_betweenness_fixed_10pct,random_fixed_10pct_vary_alpha,deterioration_severity,weighted_directed_community_assortativity,auc_abs_delta,0.0338712387807969
mu_0p300,0.3,0.3,241,1,lfr,edge_weakening_random_subset,weighted_edge_betweenness_fixed_10pct,random_fixed_10pct_vary_alpha,deterioration_severity,weighted_directed_community_assortativity,auc_abs_delta,0.0335738585331995
mu_0p300,0.3,0.3,242,2,lfr,edge_weakening_random_subset,weighted_edge_betweenness_fixed_10pct,random_fixed_10pct_vary_alpha,deterioration_severity,weighted_directed_community_assortativity,auc_abs_delta,0.035895939771767
mu_0p300,0.3,0.3,243,3,lfr,edge_weakening_random_subset,weighted_edge_betweenness_fixed_10pct,random_fixed_10pct_vary_alpha,deterioration_severity,weighted_directed_community_assortativity,auc_abs_delta,0.0318371165418064
mu_0p300,0.3,0.3,244,4,lfr,edge_weakening_random_subset,weighted_edge_betweenness_fixed_10pct,random_fixed_10pct_vary_alpha,deterioration_severity,weighted_directed_community_assortativity,auc_abs_delta,0.0462681943656626
mu_0p300,0.3,0.3,245,5,lfr,edge_weakening_random_subset,weighted_edge_betweenness_fixed_10pct,random_fixed_10pct_vary_alpha,deterioration_severity,weighted_directed_community_assortativity,auc_abs_delta,0.035072041143641
mu_0p300,0.3,0.3,246,6,lfr,edge_weakening_random_subset,weighted_edge_betweenness_fixed_10pct,random_fixed_10pct_vary_alpha,deterioration_severity,weighted_directed_community_assortativity,auc_abs_delta,0.0412911946290613
mu_0p300,0.3,0.3,247,7,lfr,edge_weakening_random_subset,weighted_edge_betweenness_fixed_10pct,random_fixed_10pct_vary_alpha,deterioration_severity,weighted_directed_community_assortativity,auc_abs_delta,0.0392530467239127
mu_0p300,0.3,0.3,248,8,lfr,edge_weakening_random_subset,weighted_edge_betweenness_fixed_10pct,random_fixed_10pct_vary_alpha,deterioration_severity,weighted_directed_community_assortativity,auc_abs_delta,0.037793245805236
mu_0p300,0.3,0.3,249,9,lfr,edge_weakening_random_subset,weighted_edge_betweenness_fixed_10pct,random_fixed_10pct_vary_alpha,deterioration_severity,weighted_directed_community_assortativity,auc_abs_delta,0.0420662332038437
mu_0p300,0.3,0.3,250,10,lfr,edge_weakening_random_subset,weighted_edge_betweenness_fixed_10pct,random_fixed_10pct_vary_alpha,deterioration_severity,weighted_directed_community_assortativity,auc_abs_delta,0.0403107349269564
mu_0p300,0.3,0.3,251,11,lfr,edge_weakening_random_subset,weighted_edge_betweenness_fixed_10pct,random_fixed_10pct_vary_alpha,deterioration_severity,weighted_directed_community_assortativity,auc_abs_delta,0.0378062454874277
mu_0p300,0.3,0.3,252,12,lfr,edge_weakening_random_subset,weighted_edge_betweenness_fixed_10pct,random_fixed_10pct_vary_alpha,deterioration_severity,weighted_directed_community_assortativity,auc_abs_delta,0.0413477389413071
mu_0p300,0.3,0.3,253,13,lfr,edge_weakening_random_subset,weighted_edge_betweenness_fixed_10pct,random_fixed_10pct_vary_alpha,deterioration_severity,weighted_directed_community_assortativity,auc_abs_delta,0.032621707545354
mu_0p300,0.3,0.3,254,14,lfr,edge_weakening_random_subset,weighted_edge_betweenness_fixed_10pct,random_fixed_10pct_vary_alpha,deterioration_severity,weighted_directed_community_assortativity,auc_abs_delta,0.0412238436007995
mu_0p300,0.3,0.3,255,15,lfr,edge_weakening_random_subset,weighted_edge_betweenness_fixed_10pct,random_fixed_10pct_vary_alpha,deterioration_severity,weighted_directed_community_assortativity,auc_abs_delta,0.0363209613378079
mu_0p300,0.3,0.3,256,16,lfr,edge_weakening_random_subset,weighted_edge_betweenness_fixed_10pct,random_fixed_10pct_vary_alpha,deterioration_severity,weighted_directed_community_assortativity,auc_abs_delta,0.034248121312822
mu_0p300,0.3,0.3,257,17,lfr,edge_weakening_random_subset,weighted_edge_betweenness_fixed_10pct,random_fixed_10pct_vary_alpha,deterioration_severity,weighted_directed_community_assortativity,auc_abs_delta,0.0320749601115039
mu_0p300,0.3,0.3,258,18,lfr,edge_weakening_random_subset,weighted_edge_betweenness_fixed_10pct,random_fixed_10pct_vary_alpha,deterioration_severity,weighted_directed_community_assortativity,auc_abs_delta,0.0372044990698516
mu_0p300,0.3,0.3,259,19,lfr,edge_weakening_random_subset,weighted_edge_betweenness_fixed_10pct,random_fixed_10pct_vary_alpha,deterioration_severity,weighted_directed_community_assortativity,auc_abs_delta,0.0358682547406738
mu_0p300,0.3,0.3,260,20,lfr,edge_weakening_random_subset,weighted_edge_betweenness_fixed_10pct,random_fixed_10pct_vary_alpha,deterioration_severity,weighted_directed_community_assortativity,auc_abs_delta,0.0410940258428881
mu_0p300,0.3,0.3,261,21,lfr,edge_weakening_random_subset,weighted_edge_betweenness_fixed_10pct,random_fixed_10pct_vary_alpha,deterioration_severity,weighted_directed_community_assortativity,auc_abs_delta,0.0308454871897005
mu_0p300,0.3,0.3,262,22,lfr,edge_weakening_random_subset,weighted_edge_betweenness_fixed_10pct,random_fixed_10pct_vary_alpha,deterioration_severity,weighted_directed_community_assortativity,auc_abs_delta,0.0394505660310653
mu_0p300,0.3,0.3,263,23,lfr,edge_weakening_random_subset,weighted_edge_betweenness_fixed_10pct,random_fixed_10pct_vary_alpha,deterioration_severity,weighted_directed_community_assortativity,auc_abs_delta,0.0365148860901063
mu_0p300,0.3,0.3,264,24,lfr,edge_weakening_random_subset,weighted_edge_betweenness_fixed_10pct,random_fixed_10pct_vary_alpha,deterioration_severity,weighted_directed_community_assortativity,auc_abs_delta,0.0332843269060147
mu_0p300,0.3,0.3,265,25,lfr,edge_weakening_random_subset,weighted_edge_betweenness_fixed_10pct,random_fixed_10pct_vary_alpha,deterioration_severity,weighted_directed_community_assortativity,auc_abs_delta,0.0361337736714178
mu_0p300,0.3,0.3,266,26,lfr,edge_weakening_random_subset,weighted_edge_betweenness_fixed_10pct,random_fixed_10pct_vary_alpha,deterioration_severity,weighted_directed_community_assortativity,auc_abs_delta,0.0391483649916466
mu_0p300,0.3,0.3,267,27,lfr,edge_weakening_random_subset,weighted_edge_betweenness_fixed_10pct,random_fixed_10pct_vary_alpha,deterioration_severity,weighted_directed_community_assortativity,auc_abs_delta,0.0321544594769437
mu_0p300,0.3,0.3,268,28,lfr,edge_weakening_random_subset,weighted_edge_betweenness_fixed_10pct,random_fixed_10pct_vary_alpha,deterioration_severity,weighted_directed_community_assortativity,auc_abs_delta,0.0285930913042816
mu_0p300,0.3,0.3,269,29,lfr,edge_weakening_random_subset,weighted_edge_betweenness_fixed_10pct,random_fixed_10pct_vary_alpha,deterioration_severity,weighted_directed_community_assortativity,auc_abs_delta,0.0366401199382783
mu_0p300,0.3,0.3,270,30,lfr,edge_weakening_random_subset,weighted_edge_betweenness_fixed_10pct,random_fixed_10pct_vary_alpha,deterioration_severity,weighted_directed_community_assortativity,auc_abs_delta,0.0382464038252972
mu_0p300,0.3,0.3,271,31,lfr,edge_weakening_random_subset,weighted_edge_betweenness_fixed_10pct,random_fixed_10pct_vary_alpha,deterioration_severity,weighted_directed_community_assortativity,auc_abs_delta,0.0383500158566619
mu_0p300,0.3,0.3,272,32,lfr,edge_weakening_random_subset,weighted_edge_betweenness_fixed_10pct,random_fixed_10pct_vary_alpha,deterioration_severity,weighted_directed_community_assortativity,auc_abs_delta,0.031459766445004
mu_0p300,0.3,0.3,273,33,lfr,edge_weakening_random_subset,weighted_edge_betweenness_fixed_10pct,random_fixed_10pct_vary_alpha,deterioration_severity,weighted_directed_community_assortativity,auc_abs_delta,0.0374527423022465
mu_0p300,0.3,0.3,274,34,lfr,edge_weakening_random_subset,weighted_edge_betweenness_fixed_10pct,random_fixed_10pct_vary_alpha,deterioration_severity,weighted_directed_community_assortativity,auc_abs_delta,0.0397698819177735
mu_0p300,0.3,0.3,275,35,lfr,edge_weakening_random_subset,weighted_edge_betweenness_fixed_10pct,random_fixed_10pct_vary_alpha,deterioration_severity,weighted_directed_community_assortativity,auc_abs_delta,0.0352941054080016
mu_0p300,0.3,0.3,276,36,lfr,edge_weakening_random_subset,weighted_edge_betweenness_fixed_10pct,random_fixed_10pct_vary_alpha,deterioration_severity,weighted_directed_community_assortativity,auc_abs_delta,0.0377561409421993
mu_0p300,0.3,0.3,277,37,lfr,edge_weakening_random_subset,weighted_edge_betweenness_fixed_10pct,random_fixed_10pct_vary_alpha,deterioration_severity,weighted_directed_community_assortativity,auc_abs_delta,0.031527254991761
mu_0p300,0.3,0.3,278,38,lfr,edge_weakening_random_subset,weighted_edge_betweenness_fixed_10pct,random_fixed_10pct_vary_alpha,deterioration_severity,weighted_directed_community_assortativity,auc_abs_delta,0.0364485822541552
mu_0p300,0.3,0.3,279,39,lfr,edge_weakening_random_subset,weighted_edge_betweenness_fixed_10pct,random_fixed_10pct_vary_alpha,deterioration_severity,weighted_directed_community_assortativity,auc_abs_delta,0.0431239123829709
mu_0p075,0.075,0.075,0,0,lfr,node_removal,out_strength,out_strength,node,weighted_directed_community_assortativity,auc_abs_delta,0.0184908069927844
mu_0p075,0.075,0.075,1,1,lfr,node_removal,out_strength,out_strength,node,weighted_directed_community_assortativity,auc_abs_delta,0.0243237405324467
mu_0p075,0.075,0.075,2,2,lfr,node_removal,out_strength,out_strength,node,weighted_directed_community_assortativity,auc_abs_delta,0.0376365980865964
mu_0p075,0.075,0.075,3,3,lfr,node_removal,out_strength,out_strength,node,weighted_directed_community_assortativity,auc_abs_delta,0.0099293721538532
mu_0p075,0.075,0.075,4,4,lfr,node_removal,out_strength,out_strength,node,weighted_directed_community_assortativity,auc_abs_delta,0.0225288087172536
mu_0p075,0.075,0.075,5,5,lfr,node_removal,out_strength,out_strength,node,weighted_directed_community_assortativity,auc_abs_delta,0.0186972272052857
mu_0p075,0.075,0.075,6,6,lfr,node_removal,out_strength,out_strength,node,weighted_directed_community_assortativity,auc_abs_delta,0.0213296104094661
mu_0p075,0.075,0.075,7,7,lfr,node_removal,out_strength,out_strength,node,weighted_directed_community_assortativity,auc_abs_delta,0.0303856909660957
mu_0p075,0.075,0.075,8,8,lfr,node_removal,out_strength,out_strength,node,weighted_directed_community_assortativity,auc_abs_delta,0.0214926628490988
mu_0p075,0.075,0.075,9,9,lfr,node_removal,out_strength,out_strength,node,weighted_directed_community_assortativity,auc_abs_delta,0.0351418365831936
mu_0p075,0.075,0.075,10,10,lfr,node_removal,out_strength,out_strength,node,weighted_directed_community_assortativity,auc_abs_delta,0.0218573957339691
mu_0p075,0.075,0.075,11,11,lfr,node_removal,out_strength,out_strength,node,weighted_directed_community_assortativity,auc_abs_delta,0.0250831219630263
mu_0p075,0.075,0.075,12,12,lfr,node_removal,out_strength,out_strength,node,weighted_directed_community_assortativity,auc_abs_delta,0.0316518485142168
mu_0p075,0.075,0.075,13,13,lfr,node_removal,out_strength,out_strength,node,weighted_directed_community_assortativity,auc_abs_delta,0.0247976169895394
mu_0p075,0.075,0.075,14,14,lfr,node_removal,out_strength,out_strength,node,weighted_directed_community_assortativity,auc_abs_delta,0.0208199313205286
mu_0p075,0.075,0.075,15,15,lfr,node_removal,out_strength,out_strength,node,weighted_directed_community_assortativity,auc_abs_delta,0.037765901132519
mu_0p075,0.075,0.075,16,16,lfr,node_removal,out_strength,out_strength,node,weighted_directed_community_assortativity,auc_abs_delta,0.0147872718980839
mu_0p075,0.075,0.075,17,17,lfr,node_removal,out_strength,out_strength,node,weighted_directed_community_assortativity,auc_abs_delta,0.0139337306857025
mu_0p075,0.075,0.075,18,18,lfr,node_removal,out_strength,out_strength,node,weighted_directed_community_assortativity,auc_abs_delta,0.0179902466877743
mu_0p075,0.075,0.075,19,19,lfr,node_removal,out_strength,out_strength,node,weighted_directed_community_assortativity,auc_abs_delta,0.0144342972251189
mu_0p075,0.075,0.075,20,20,lfr,node_removal,out_strength,out_strength,node,weighted_directed_community_assortativity,auc_abs_delta,0.0279322741870996
mu_0p075,0.075,0.075,21,21,lfr,node_removal,out_strength,out_strength,node,weighted_directed_community_assortativity,auc_abs_delta,0.0443087493669747
mu_0p075,0.075,0.075,22,22,lfr,node_removal,out_strength,out_strength,node,weighted_directed_community_assortativity,auc_abs_delta,0.0311536814447801
mu_0p075,0.075,0.075,23,23,lfr,node_removal,out_strength,out_strength,node,weighted_directed_community_assortativity,auc_abs_delta,0.0291010018193617
mu_0p075,0.075,0.075,24,24,lfr,node_removal,out_strength,out_strength,node,weighted_directed_community_assortativity,auc_abs_delta,0.0185351821642555
mu_0p075,0.075,0.075,25,25,lfr,node_removal,out_strength,out_strength,node,weighted_directed_community_assortativity,auc_abs_delta,0.0157877567609822
mu_0p075,0.075,0.075,26,26,lfr,node_removal,out_strength,out_strength,node,weighted_directed_community_assortativity,auc_abs_delta,0.0162212506773737
mu_0p075,0.075,0.075,27,27,lfr,node_removal,out_strength,out_strength,node,weighted_directed_community_assortativity,auc_abs_delta,0.0171285359418859
mu_0p075,0.075,0.075,28,28,lfr,node_removal,out_strength,out_strength,node,weighted_directed_community_assortativity,auc_abs_delta,0.0477509146097141
mu_0p075,0.075,0.075,29,29,lfr,node_removal,out_strength,out_strength,node,weighted_directed_community_assortativity,auc_abs_delta,0.0402513063232738
mu_0p075,0.075,0.075,30,30,lfr,node_removal,out_strength,out_strength,node,weighted_directed_community_assortativity,auc_abs_delta,0.0245525663973343
mu_0p075,0.075,0.075,31,31,lfr,node_removal,out_strength,out_strength,node,weighted_directed_community_assortativity,auc_abs_delta,0.0276640891558249
mu_0p075,0.075,0.075,32,32,lfr,node_removal,out_strength,out_strength,node,weighted_directed_community_assortativity,auc_abs_delta,0.0300383747513288
mu_0p075,0.075,0.075,33,33,lfr,node_removal,out_strength,out_strength,node,weighted_directed_community_assortativity,auc_abs_delta,0.0315727942146968
mu_0p075,0.075,0.075,34,34,lfr,node_removal,out_strength,out_strength,node,weighted_directed_community_assortativity,auc_abs_delta,0.0428308227256423
mu_0p075,0.075,0.075,35,35,lfr,node_removal,out_strength,out_strength,node,weighted_directed_community_assortativity,auc_abs_delta,0.0262575651369604
mu_0p075,0.075,0.075,36,36,lfr,node_removal,out_strength,out_strength,node,weighted_directed_community_assortativity,auc_abs_delta,0.012381639440213
mu_0p075,0.075,0.075,37,37,lfr,node_removal,out_strength,out_strength,node,weighted_directed_community_assortativity,auc_abs_delta,0.0303602356062226
mu_0p075,0.075,0.075,38,38,lfr,node_removal,out_strength,out_strength,node,weighted_directed_community_assortativity,auc_abs_delta,0.0441919538159482
mu_0p075,0.075,0.075,39,39,lfr,node_removal,out_strength,out_strength,node,weighted_directed_community_assortativity,auc_abs_delta,0.026083984269758
mu_0p100,0.1,0.1,40,0,lfr,node_removal,out_strength,out_strength,node,weighted_directed_community_assortativity,auc_abs_delta,0.0220888992079116
mu_0p100,0.1,0.1,41,1,lfr,node_removal,out_strength,out_strength,node,weighted_directed_community_assortativity,auc_abs_delta,0.0356934788848965
mu_0p100,0.1,0.1,42,2,lfr,node_removal,out_strength,out_strength,node,weighted_directed_community_assortativity,auc_abs_delta,0.0385292167443306
mu_0p100,0.1,0.1,43,3,lfr,node_removal,out_strength,out_strength,node,weighted_directed_community_assortativity,auc_abs_delta,0.0295669124279609
mu_0p100,0.1,0.1,44,4,lfr,node_removal,out_strength,out_strength,node,weighted_directed_community_assortativity,auc_abs_delta,0.0263156896908503
mu_0p100,0.1,0.1,45,5,lfr,node_removal,out_strength,out_strength,node,weighted_directed_community_assortativity,auc_abs_delta,0.0520232813464305
mu_0p100,0.1,0.1,46,6,lfr,node_removal,out_strength,out_strength,node,weighted_directed_community_assortativity,auc_abs_delta,0.0334736741717328
mu_0p100,0.1,0.1,47,7,lfr,node_removal,out_strength,out_strength,node,weighted_directed_community_assortativity,auc_abs_delta,0.0459873592235214
mu_0p100,0.1,0.1,48,8,lfr,node_removal,out_strength,out_strength,node,weighted_directed_community_assortativity,auc_abs_delta,0.0263090578399626
mu_0p100,0.1,0.1,49,9,lfr,node_removal,out_strength,out_strength,node,weighted_directed_community_assortativity,auc_abs_delta,0.0637386698455811
mu_0p100,0.1,0.1,50,10,lfr,node_removal,out_strength,out_strength,node,weighted_directed_community_assortativity,auc_abs_delta,0.0370978614726944
mu_0p100,0.1,0.1,51,11,lfr,node_removal,out_strength,out_strength,node,weighted_directed_community_assortativity,auc_abs_delta,0.0278333425085039
mu_0p100,0.1,0.1,52,12,lfr,node_removal,out_strength,out_strength,node,weighted_directed_community_assortativity,auc_abs_delta,0.0388201428235946
mu_0p100,0.1,0.1,53,13,lfr,node_removal,out_strength,out_strength,node,weighted_directed_community_assortativity,auc_abs_delta,0.031661401481222
mu_0p100,0.1,0.1,54,14,lfr,node_removal,out_strength,out_strength,node,weighted_directed_community_assortativity,auc_abs_delta,0.0354475359890534
mu_0p100,0.1,0.1,55,15,lfr,node_removal,out_strength,out_strength,node,weighted_directed_community_assortativity,auc_abs_delta,0.0374926730015198
mu_0p100,0.1,0.1,56,16,lfr,node_removal,out_strength,out_strength,node,weighted_directed_community_assortativity,auc_abs_delta,0.0286126274417723
mu_0p100,0.1,0.1,57,17,lfr,node_removal,out_strength,out_strength,node,weighted_directed_community_assortativity,auc_abs_delta,0.0434238320700736
mu_0p100,0.1,0.1,58,18,lfr,node_removal,out_strength,out_strength,node,weighted_directed_community_assortativity,auc_abs_delta,0.076457754855926
mu_0p100,0.1,0.1,59,19,lfr,node_removal,out_strength,out_strength,node,weighted_directed_community_assortativity,auc_abs_delta,0.0259910285016232
mu_0p100,0.1,0.1,60,20,lfr,node_removal,out_strength,out_strength,node,weighted_directed_community_assortativity,auc_abs_delta,0.0117608510982868
mu_0p100,0.1,0.1,61,21,lfr,node_removal,out_strength,out_strength,node,weighted_directed_community_assortativity,auc_abs_delta,0.024442951265042
mu_0p100,0.1,0.1,62,22,lfr,node_removal,out_strength,out_strength,node,weighted_directed_community_assortativity,auc_abs_delta,0.0289366556706022
mu_0p100,0.1,0.1,63,23,lfr,node_removal,out_strength,out_strength,node,weighted_directed_community_assortativity,auc_abs_delta,0.0199843873355111
mu_0p100,0.1,0.1,64,24,lfr,node_removal,out_strength,out_strength,node,weighted_directed_community_assortativity,auc_abs_delta,0.0248007922731004
mu_0p100,0.1,0.1,65,25,lfr,node_removal,out_strength,out_strength,node,weighted_directed_community_assortativity,auc_abs_delta,0.0327682611195414
mu_0p100,0.1,0.1,66,26,lfr,node_removal,out_strength,out_strength,node,weighted_directed_community_assortativity,auc_abs_delta,0.0588507522035148
mu_0p100,0.1,0.1,67,27,lfr,node_removal,out_strength,out_strength,node,weighted_directed_community_assortativity,auc_abs_delta,0.0198516345829145
mu_0p100,0.1,0.1,68,28,lfr,node_removal,out_strength,out_strength,node,weighted_directed_community_assortativity,auc_abs_delta,0.0500263317067763
mu_0p100,0.1,0.1,69,29,lfr,node_removal,out_strength,out_strength,node,weighted_directed_community_assortativity,auc_abs_delta,0.0267899297757417
mu_0p100,0.1,0.1,70,30,lfr,node_removal,out_strength,out_strength,node,weighted_directed_community_assortativity,auc_abs_delta,0.0292865989814396
mu_0p100,0.1,0.1,71,31,lfr,node_removal,out_strength,out_strength,node,weighted_directed_community_assortativity,auc_abs_delta,0.0292176119038206
mu_0p100,0.1,0.1,72,32,lfr,node_removal,out_strength,out_strength,node,weighted_directed_community_assortativity,auc_abs_delta,0.0245832588896475
mu_0p100,0.1,0.1,73,33,lfr,node_removal,out_strength,out_strength,node,weighted_directed_community_assortativity,auc_abs_delta,0.0300060632340048
mu_0p100,0.1,0.1,74,34,lfr,node_removal,out_strength,out_strength,node,weighted_directed_community_assortativity,auc_abs_delta,0.0519772343387696
mu_0p100,0.1,0.1,75,35,lfr,node_removal,out_strength,out_strength,node,weighted_directed_community_assortativity,auc_abs_delta,0.0258154041560084
mu_0p100,0.1,0.1,76,36,lfr,node_removal,out_strength,out_strength,node,weighted_directed_community_assortativity,auc_abs_delta,0.0114004227327837
mu_0p100,0.1,0.1,77,37,lfr,node_removal,out_strength,out_strength,node,weighted_directed_community_assortativity,auc_abs_delta,0.0693406731074691
mu_0p100,0.1,0.1,78,38,lfr,node_removal,out_strength,out_strength,node,weighted_directed_community_assortativity,auc_abs_delta,0.0433662553544988
mu_0p100,0.1,0.1,79,39,lfr,node_removal,out_strength,out_strength,node,weighted_directed_community_assortativity,auc_abs_delta,0.0368106304702738
mu_0p125,0.125,0.125,80,0,lfr,node_removal,out_strength,out_strength,node,weighted_directed_community_assortativity,auc_abs_delta,0.0439566093983254
mu_0p125,0.125,0.125,81,1,lfr,node_removal,out_strength,out_strength,node,weighted_directed_community_assortativity,auc_abs_delta,0.0235197568491465
mu_0p125,0.125,0.125,82,2,lfr,node_removal,out_strength,out_strength,node,weighted_directed_community_assortativity,auc_abs_delta,0.0375714459767727
mu_0p125,0.125,0.125,83,3,lfr,node_removal,out_strength,out_strength,node,weighted_directed_community_assortativity,auc_abs_delta,0.0311421891700263
mu_0p125,0.125,0.125,84,4,lfr,node_removal,out_strength,out_strength,node,weighted_directed_community_assortativity,auc_abs_delta,0.0597997857289869
mu_0p125,0.125,0.125,85,5,lfr,node_removal,out_strength,out_strength,node,weighted_directed_community_assortativity,auc_abs_delta,0.041216552156082
mu_0p125,0.125,0.125,86,6,lfr,node_removal,out_strength,out_strength,node,weighted_directed_community_assortativity,auc_abs_delta,0.0541983387888333
mu_0p125,0.125,0.125,87,7,lfr,node_removal,out_strength,out_strength,node,weighted_directed_community_assortativity,auc_abs_delta,0.0472655980753432
mu_0p125,0.125,0.125,88,8,lfr,node_removal,out_strength,out_strength,node,weighted_directed_community_assortativity,auc_abs_delta,0.056761934880927
mu_0p125,0.125,0.125,89,9,lfr,node_removal,out_strength,out_strength,node,weighted_directed_community_assortativity,auc_abs_delta,0.0526124117037224
mu_0p125,0.125,0.125,90,10,lfr,node_removal,out_strength,out_strength,node,weighted_directed_community_assortativity,auc_abs_delta,0.0668046844307786
mu_0p125,0.125,0.125,91,11,lfr,node_removal,out_strength,out_strength,node,weighted_directed_community_assortativity,auc_abs_delta,0.0311989609031275
mu_0p125,0.125,0.125,92,12,lfr,node_removal,out_strength,out_strength,node,weighted_directed_community_assortativity,auc_abs_delta,0.032961761000461
mu_0p125,0.125,0.125,93,13,lfr,node_removal,out_strength,out_strength,node,weighted_directed_community_assortativity,auc_abs_delta,0.0250283099726751
mu_0p125,0.125,0.125,94,14,lfr,node_removal,out_strength,out_strength,node,weighted_directed_community_assortativity,auc_abs_delta,0.0488456494482316
mu_0p125,0.125,0.125,95,15,lfr,node_removal,out_strength,out_strength,node,weighted_directed_community_assortativity,auc_abs_delta,0.0397786375632725
mu_0p125,0.125,0.125,96,16,lfr,node_removal,out_strength,out_strength,node,weighted_directed_community_assortativity,auc_abs_delta,0.0307265109091995
mu_0p125,0.125,0.125,97,17,lfr,node_removal,out_strength,out_strength,node,weighted_directed_community_assortativity,auc_abs_delta,0.0363626218134853
mu_0p125,0.125,0.125,98,18,lfr,node_removal,out_strength,out_strength,node,weighted_directed_community_assortativity,auc_abs_delta,0.0292664356780291
mu_0p125,0.125,0.125,99,19,lfr,node_removal,out_strength,out_strength,node,weighted_directed_community_assortativity,auc_abs_delta,0.0427663487079457
mu_0p125,0.125,0.125,100,20,lfr,node_removal,out_strength,out_strength,node,weighted_directed_community_assortativity,auc_abs_delta,0.0324096261179413
mu_0p125,0.125,0.125,101,21,lfr,node_removal,out_strength,out_strength,node,weighted_directed_community_assortativity,auc_abs_delta,0.0272778012072734
mu_0p125,0.125,0.125,102,22,lfr,node_removal,out_strength,out_strength,node,weighted_directed_community_assortativity,auc_abs_delta,0.0514607879164293
mu_0p125,0.125,0.125,103,23,lfr,node_removal,out_strength,out_strength,node,weighted_directed_community_assortativity,auc_abs_delta,0.0984098316347833
mu_0p125,0.125,0.125,104,24,lfr,node_removal,out_strength,out_strength,node,weighted_directed_community_assortativity,auc_abs_delta,0.0224015068706056
mu_0p125,0.125,0.125,105,25,lfr,node_removal,out_strength,out_strength,node,weighted_directed_community_assortativity,auc_abs_delta,0.051292377669717
mu_0p125,0.125,0.125,106,26,lfr,node_removal,out_strength,out_strength,node,weighted_directed_community_assortativity,auc_abs_delta,0.0360913466685849
mu_0p125,0.125,0.125,107,27,lfr,node_removal,out_strength,out_strength,node,weighted_directed_community_assortativity,auc_abs_delta,0.0234213101064924
mu_0p125,0.125,0.125,108,28,lfr,node_removal,out_strength,out_strength,node,weighted_directed_community_assortativity,auc_abs_delta,0.0454041525874999
mu_0p125,0.125,0.125,109,29,lfr,node_removal,out_strength,out_strength,node,weighted_directed_community_assortativity,auc_abs_delta,0.0203205743392785
mu_0p125,0.125,0.125,110,30,lfr,node_removal,out_strength,out_strength,node,weighted_directed_community_assortativity,auc_abs_delta,0.035357443543995
mu_0p125,0.125,0.125,111,31,lfr,node_removal,out_strength,out_strength,node,weighted_directed_community_assortativity,auc_abs_delta,0.0744436366867543
mu_0p125,0.125,0.125,112,32,lfr,node_removal,out_strength,out_strength,node,weighted_directed_community_assortativity,auc_abs_delta,0.0340153792308468
mu_0p125,0.125,0.125,113,33,lfr,node_removal,out_strength,out_strength,node,weighted_directed_community_assortativity,auc_abs_delta,0.0589815802135369
mu_0p125,0.125,0.125,114,34,lfr,node_removal,out_strength,out_strength,node,weighted_directed_community_assortativity,auc_abs_delta,0.0313570895646371
mu_0p125,0.125,0.125,115,35,lfr,node_removal,out_strength,out_strength,node,weighted_directed_community_assortativity,auc_abs_delta,0.0110609572613511
mu_0p125,0.125,0.125,116,36,lfr,node_removal,out_strength,out_strength,node,weighted_directed_community_assortativity,auc_abs_delta,0.0245078599771872
mu_0p125,0.125,0.125,117,37,lfr,node_removal,out_strength,out_strength,node,weighted_directed_community_assortativity,auc_abs_delta,0.029020299470661
mu_0p125,0.125,0.125,118,38,lfr,node_removal,out_strength,out_strength,node,weighted_directed_community_assortativity,auc_abs_delta,0.0343724797937074
mu_0p125,0.125,0.125,119,39,lfr,node_removal,out_strength,out_strength,node,weighted_directed_community_assortativity,auc_abs_delta,0.0419195520052037
mu_0p150,0.15,0.15,120,0,lfr,node_removal,out_strength,out_strength,node,weighted_directed_community_assortativity,auc_abs_delta,0.0205624054571104
mu_0p150,0.15,0.15,121,1,lfr,node_removal,out_strength,out_strength,node,weighted_directed_community_assortativity,auc_abs_delta,0.0288956566043614
mu_0p150,0.15,0.15,122,2,lfr,node_removal,out_strength,out_strength,node,weighted_directed_community_assortativity,auc_abs_delta,0.0343357920399123
mu_0p150,0.15,0.15,123,3,lfr,node_removal,out_strength,out_strength,node,weighted_directed_community_assortativity,auc_abs_delta,0.0400113909937927
mu_0p150,0.15,0.15,124,4,lfr,node_removal,out_strength,out_strength,node,weighted_directed_community_assortativity,auc_abs_delta,0.0162912085020453
mu_0p150,0.15,0.15,125,5,lfr,node_removal,out_strength,out_strength,node,weighted_directed_community_assortativity,auc_abs_delta,0.0417948185057771
mu_0p150,0.15,0.15,126,6,lfr,node_removal,out_strength,out_strength,node,weighted_directed_community_assortativity,auc_abs_delta,0.0339694917844527
mu_0p150,0.15,0.15,127,7,lfr,node_removal,out_strength,out_strength,node,weighted_directed_community_assortativity,auc_abs_delta,0.030454748957909
mu_0p150,0.15,0.15,128,8,lfr,node_removal,out_strength,out_strength,node,weighted_directed_community_assortativity,auc_abs_delta,0.0533216312783645
mu_0p150,0.15,0.15,129,9,lfr,node_removal,out_strength,out_strength,node,weighted_directed_community_assortativity,auc_abs_delta,0.0804582707192941
mu_0p150,0.15,0.15,130,10,lfr,node_removal,out_strength,out_strength,node,weighted_directed_community_assortativity,auc_abs_delta,0.0427109886201715
mu_0p150,0.15,0.15,131,11,lfr,node_removal,out_strength,out_strength,node,weighted_directed_community_assortativity,auc_abs_delta,0.0245807892557571
mu_0p150,0.15,0.15,132,12,lfr,node_removal,out_strength,out_strength,node,weighted_directed_community_assortativity,auc_abs_delta,0.0434065453818715
mu_0p150,0.15,0.15,133,13,lfr,node_removal,out_strength,out_strength,node,weighted_directed_community_assortativity,auc_abs_delta,0.044351500306597
mu_0p150,0.15,0.15,134,14,lfr,node_removal,out_strength,out_strength,node,weighted_directed_community_assortativity,auc_abs_delta,0.0495312651205087
mu_0p150,0.15,0.15,135,15,lfr,node_removal,out_strength,out_strength,node,weighted_directed_community_assortativity,auc_abs_delta,0.0547694321721988
mu_0p150,0.15,0.15,136,16,lfr,node_removal,out_strength,out_strength,node,weighted_directed_community_assortativity,auc_abs_delta,0.0498769065996095
mu_0p150,0.15,0.15,137,17,lfr,node_removal,out_strength,out_strength,node,weighted_directed_community_assortativity,auc_abs_delta,0.0330675388746719
mu_0p150,0.15,0.15,138,18,lfr,node_removal,out_strength,out_strength,node,weighted_directed_community_assortativity,auc_abs_delta,0.0466628110207162
mu_0p150,0.15,0.15,139,19,lfr,node_removal,out_strength,out_strength,node,weighted_directed_community_assortativity,auc_abs_delta,0.0180922010891379
mu_0p150,0.15,0.15,140,20,lfr,node_removal,out_strength,out_strength,node,weighted_directed_community_assortativity,auc_abs_delta,0.0352016406258407
mu_0p150,0.15,0.15,141,21,lfr,node_removal,out_strength,out_strength,node,weighted_directed_community_assortativity,auc_abs_delta,0.0257951440972157
mu_0p150,0.15,0.15,142,22,lfr,node_removal,out_strength,out_strength,node,weighted_directed_community_assortativity,auc_abs_delta,0.032654148885554
mu_0p150,0.15,0.15,143,23,lfr,node_removal,out_strength,out_strength,node,weighted_directed_community_assortativity,auc_abs_delta,0.0409336272765978
mu_0p150,0.15,0.15,144,24,lfr,node_removal,out_strength,out_strength,node,weighted_directed_community_assortativity,auc_abs_delta,0.0498945041667894
mu_0p150,0.15,0.15,145,25,lfr,node_removal,out_strength,out_strength,node,weighted_directed_community_assortativity,auc_abs_delta,0.0282160950334159
mu_0p150,0.15,0.15,146,26,lfr,node_removal,out_strength,out_strength,node,weighted_directed_community_assortativity,auc_abs_delta,0.0234253075835671
mu_0p150,0.15,0.15,147,27,lfr,node_removal,out_strength,out_strength,node,weighted_directed_community_assortativity,auc_abs_delta,0.0295546636356661
mu_0p150,0.15,0.15,148,28,lfr,node_removal,out_strength,out_strength,node,weighted_directed_community_assortativity,auc_abs_delta,0.0324873594380547
mu_0p150,0.15,0.15,149,29,lfr,node_removal,out_strength,out_strength,node,weighted_directed_community_assortativity,auc_abs_delta,0.0087116022777929
mu_0p150,0.15,0.15,150,30,lfr,node_removal,out_strength,out_strength,node,weighted_directed_community_assortativity,auc_abs_delta,0.0303832521719985
mu_0p150,0.15,0.15,151,31,lfr,node_removal,out_strength,out_strength,node,weighted_directed_community_assortativity,auc_abs_delta,0.0411248986783658
mu_0p150,0.15,0.15,152,32,lfr,node_removal,out_strength,out_strength,node,weighted_directed_community_assortativity,auc_abs_delta,0.0248182800209258
mu_0p150,0.15,0.15,153,33,lfr,node_removal,out_strength,out_strength,node,weighted_directed_community_assortativity,auc_abs_delta,0.0394372733906653
mu_0p150,0.15,0.15,154,34,lfr,node_removal,out_strength,out_strength,node,weighted_directed_community_assortativity,auc_abs_delta,0.0289164772382466
mu_0p150,0.15,0.15,155,35,lfr,node_removal,out_strength,out_strength,node,weighted_directed_community_assortativity,auc_abs_delta,0.0177607178618714
mu_0p150,0.15,0.15,156,36,lfr,node_removal,out_strength,out_strength,node,weighted_directed_community_assortativity,auc_abs_delta,0.0205035204660733
mu_0p150,0.15,0.15,157,37,lfr,node_removal,out_strength,out_strength,node,weighted_directed_community_assortativity,auc_abs_delta,0.0337331215300037
mu_0p150,0.15,0.15,158,38,lfr,node_removal,out_strength,out_strength,node,weighted_directed_community_assortativity,auc_abs_delta,0.0357859314422081
mu_0p150,0.15,0.15,159,39,lfr,node_removal,out_strength,out_strength,node,weighted_directed_community_assortativity,auc_abs_delta,0.0376516728930664
mu_0p175,0.175,0.175,160,0,lfr,node_removal,out_strength,out_strength,node,weighted_directed_community_assortativity,auc_abs_delta,0.0305190266392458
mu_0p175,0.175,0.175,161,1,lfr,node_removal,out_strength,out_strength,node,weighted_directed_community_assortativity,auc_abs_delta,0.0342038559808648
mu_0p175,0.175,0.175,162,2,lfr,node_removal,out_strength,out_strength,node,weighted_directed_community_assortativity,auc_abs_delta,0.0297345405753702
mu_0p175,0.175,0.175,163,3,lfr,node_removal,out_strength,out_strength,node,weighted_directed_community_assortativity,auc_abs_delta,0.0335214052983202
mu_0p175,0.175,0.175,164,4,lfr,node_removal,out_strength,out_strength,node,weighted_directed_community_assortativity,auc_abs_delta,0.0213680349962682
mu_0p175,0.175,0.175,165,5,lfr,node_removal,out_strength,out_strength,node,weighted_directed_community_assortativity,auc_abs_delta,0.0434082279481162
mu_0p175,0.175,0.175,166,6,lfr,node_removal,out_strength,out_strength,node,weighted_directed_community_assortativity,auc_abs_delta,0.0200815048380184
mu_0p175,0.175,0.175,167,7,lfr,node_removal,out_strength,out_strength,node,weighted_directed_community_assortativity,auc_abs_delta,0.0353065790103997
mu_0p175,0.175,0.175,168,8,lfr,node_removal,out_strength,out_strength,node,weighted_directed_community_assortativity,auc_abs_delta,0.0095496278428342
mu_0p175,0.175,0.175,169,9,lfr,node_removal,out_strength,out_strength,node,weighted_directed_community_assortativity,auc_abs_delta,0.0280378527659036
mu_0p175,0.175,0.175,170,10,lfr,node_removal,out_strength,out_strength,node,weighted_directed_community_assortativity,auc_abs_delta,0.1204798873321736
mu_0p175,0.175,0.175,171,11,lfr,node_removal,out_strength,out_strength,node,weighted_directed_community_assortativity,auc_abs_delta,0.0204385594651746
mu_0p175,0.175,0.175,172,12,lfr,node_removal,out_strength,out_strength,node,weighted_directed_community_assortativity,auc_abs_delta,0.0381256232878721
mu_0p175,0.175,0.175,173,13,lfr,node_removal,out_strength,out_strength,node,weighted_directed_community_assortativity,auc_abs_delta,0.0122709083533002
mu_0p175,0.175,0.175,174,14,lfr,node_removal,out_strength,out_strength,node,weighted_directed_community_assortativity,auc_abs_delta,0.0427951054237291
mu_0p175,0.175,0.175,175,15,lfr,node_removal,out_strength,out_strength,node,weighted_directed_community_assortativity,auc_abs_delta,0.0417361247052804
mu_0p175,0.175,0.175,176,16,lfr,node_removal,out_strength,out_strength,node,weighted_directed_community_assortativity,auc_abs_delta,0.0158855272782424
mu_0p175,0.175,0.175,177,17,lfr,node_removal,out_strength,out_strength,node,weighted_directed_community_assortativity,auc_abs_delta,0.0377632742461313
mu_0p175,0.175,0.175,178,18,lfr,node_removal,out_strength,out_strength,node,weighted_directed_community_assortativity,auc_abs_delta,0.0822555467565782
mu_0p175,0.175,0.175,179,19,lfr,node_removal,out_strength,out_strength,node,weighted_directed_community_assortativity,auc_abs_delta,0.0330827215152105
mu_0p175,0.175,0.175,180,20,lfr,node_removal,out_strength,out_strength,node,weighted_directed_community_assortativity,auc_abs_delta,0.0584550522055908
mu_0p175,0.175,0.175,181,21,lfr,node_removal,out_strength,out_strength,node,weighted_directed_community_assortativity,auc_abs_delta,0.0063856800666488
mu_0p175,0.175,0.175,182,22,lfr,node_removal,out_strength,out_strength,node,weighted_directed_community_assortativity,auc_abs_delta,0.0299909192437032
mu_0p175,0.175,0.175,183,23,lfr,node_removal,out_strength,out_strength,node,weighted_directed_community_assortativity,auc_abs_delta,0.0321537462336003
mu_0p175,0.175,0.175,184,24,lfr,node_removal,out_strength,out_strength,node,weighted_directed_community_assortativity,auc_abs_delta,0.0225428061774045
mu_0p175,0.175,0.175,185,25,lfr,node_removal,out_strength,out_strength,node,weighted_directed_community_assortativity,auc_abs_delta,0.0322262495513342
mu_0p175,0.175,0.175,186,26,lfr,node_removal,out_strength,out_strength,node,weighted_directed_community_assortativity,auc_abs_delta,0.0457064560933922
mu_0p175,0.175,0.175,187,27,lfr,node_removal,out_strength,out_strength,node,weighted_directed_community_assortativity,auc_abs_delta,0.0270579161078386
mu_0p175,0.175,0.175,188,28,lfr,node_removal,out_strength,out_strength,node,weighted_directed_community_assortativity,auc_abs_delta,0.0331994547696691
mu_0p175,0.175,0.175,189,29,lfr,node_removal,out_strength,out_strength,node,weighted_directed_community_assortativity,auc_abs_delta,0.0298368116288471
mu_0p175,0.175,0.175,190,30,lfr,node_removal,out_strength,out_strength,node,weighted_directed_community_assortativity,auc_abs_delta,0.0546602890009548
mu_0p175,0.175,0.175,191,31,lfr,node_removal,out_strength,out_strength,node,weighted_directed_community_assortativity,auc_abs_delta,0.0178210716209666
mu_0p175,0.175,0.175,192,32,lfr,node_removal,out_strength,out_strength,node,weighted_directed_community_assortativity,auc_abs_delta,0.0403734433403959
mu_0p175,0.175,0.175,193,33,lfr,node_removal,out_strength,out_strength,node,weighted_directed_community_assortativity,auc_abs_delta,0.0337228928971549
mu_0p175,0.175,0.175,194,34,lfr,node_removal,out_strength,out_strength,node,weighted_directed_community_assortativity,auc_abs_delta,0.0426055737076569
mu_0p175,0.175,0.175,195,35,lfr,node_removal,out_strength,out_strength,node,weighted_directed_community_assortativity,auc_abs_delta,0.0244625794882195
mu_0p175,0.175,0.175,196,36,lfr,node_removal,out_strength,out_strength,node,weighted_directed_community_assortativity,auc_abs_delta,0.0641474621034806
mu_0p175,0.175,0.175,197,37,lfr,node_removal,out_strength,out_strength,node,weighted_directed_community_assortativity,auc_abs_delta,0.0081828759104191
mu_0p175,0.175,0.175,198,38,lfr,node_removal,out_strength,out_strength,node,weighted_directed_community_assortativity,auc_abs_delta,0.0115665023248012
mu_0p175,0.175,0.175,199,39,lfr,node_removal,out_strength,out_strength,node,weighted_directed_community_assortativity,auc_abs_delta,0.0298474655649775
mu_0p225,0.225,0.225,200,0,lfr,node_removal,out_strength,out_strength,node,weighted_directed_community_assortativity,auc_abs_delta,0.0311736059510452
mu_0p225,0.225,0.225,201,1,lfr,node_removal,out_strength,out_strength,node,weighted_directed_community_assortativity,auc_abs_delta,0.022038519294488
mu_0p225,0.225,0.225,202,2,lfr,node_removal,out_strength,out_strength,node,weighted_directed_community_assortativity,auc_abs_delta,0.027960817112421
mu_0p225,0.225,0.225,203,3,lfr,node_removal,out_strength,out_strength,node,weighted_directed_community_assortativity,auc_abs_delta,0.0117308913395525
mu_0p225,0.225,0.225,204,4,lfr,node_removal,out_strength,out_strength,node,weighted_directed_community_assortativity,auc_abs_delta,0.0492272268896238
mu_0p225,0.225,0.225,205,5,lfr,node_removal,out_strength,out_strength,node,weighted_directed_community_assortativity,auc_abs_delta,0.0473160962670418
mu_0p225,0.225,0.225,206,6,lfr,node_removal,out_strength,out_strength,node,weighted_directed_community_assortativity,auc_abs_delta,0.0129397912440319
mu_0p225,0.225,0.225,207,7,lfr,node_removal,out_strength,out_strength,node,weighted_directed_community_assortativity,auc_abs_delta,0.0413063147690791
mu_0p225,0.225,0.225,208,8,lfr,node_removal,out_strength,out_strength,node,weighted_directed_community_assortativity,auc_abs_delta,0.0217011616665189
mu_0p225,0.225,0.225,209,9,lfr,node_removal,out_strength,out_strength,node,weighted_directed_community_assortativity,auc_abs_delta,0.0321228876581383
mu_0p225,0.225,0.225,210,10,lfr,node_removal,out_strength,out_strength,node,weighted_directed_community_assortativity,auc_abs_delta,0.0172282477091881
mu_0p225,0.225,0.225,211,11,lfr,node_removal,out_strength,out_strength,node,weighted_directed_community_assortativity,auc_abs_delta,0.0305978276910775
mu_0p225,0.225,0.225,212,12,lfr,node_removal,out_strength,out_strength,node,weighted_directed_community_assortativity,auc_abs_delta,0.0297157737454847
mu_0p225,0.225,0.225,213,13,lfr,node_removal,out_strength,out_strength,node,weighted_directed_community_assortativity,auc_abs_delta,0.0161664021956342
mu_0p225,0.225,0.225,214,14,lfr,node_removal,out_strength,out_strength,node,weighted_directed_community_assortativity,auc_abs_delta,0.0153425402435788
mu_0p225,0.225,0.225,215,15,lfr,node_removal,out_strength,out_strength,node,weighted_directed_community_assortativity,auc_abs_delta,0.0075141454391482
mu_0p225,0.225,0.225,216,16,lfr,node_removal,out_strength,out_strength,node,weighted_directed_community_assortativity,auc_abs_delta,0.0668992408082423
mu_0p225,0.225,0.225,217,17,lfr,node_removal,out_strength,out_strength,node,weighted_directed_community_assortativity,auc_abs_delta,0.0227762041404699
mu_0p225,0.225,0.225,218,18,lfr,node_removal,out_strength,out_strength,node,weighted_directed_community_assortativity,auc_abs_delta,0.0183689277700784
mu_0p225,0.225,0.225,219,19,lfr,node_removal,out_strength,out_strength,node,weighted_directed_community_assortativity,auc_abs_delta,0.0261366085369404
mu_0p225,0.225,0.225,220,20,lfr,node_removal,out_strength,out_strength,node,weighted_directed_community_assortativity,auc_abs_delta,0.0285334181273314
mu_0p225,0.225,0.225,221,21,lfr,node_removal,out_strength,out_strength,node,weighted_directed_community_assortativity,auc_abs_delta,0.0343292448647302
mu_0p225,0.225,0.225,222,22,lfr,node_removal,out_strength,out_strength,node,weighted_directed_community_assortativity,auc_abs_delta,0.0274536769125997
mu_0p225,0.225,0.225,223,23,lfr,node_removal,out_strength,out_strength,node,weighted_directed_community_assortativity,auc_abs_delta,0.0287162728630821
mu_0p225,0.225,0.225,224,24,lfr,node_removal,out_strength,out_strength,node,weighted_directed_community_assortativity,auc_abs_delta,0.0819583505564621
mu_0p225,0.225,0.225,225,25,lfr,node_removal,out_strength,out_strength,node,weighted_directed_community_assortativity,auc_abs_delta,0.0126229264865202
mu_0p225,0.225,0.225,226,26,lfr,node_removal,out_strength,out_strength,node,weighted_directed_community_assortativity,auc_abs_delta,0.0369175993599827
mu_0p225,0.225,0.225,227,27,lfr,node_removal,out_strength,out_strength,node,weighted_directed_community_assortativity,auc_abs_delta,0.0247419918533334
mu_0p225,0.225,0.225,228,28,lfr,node_removal,out_strength,out_strength,node,weighted_directed_community_assortativity,auc_abs_delta,0.0049746023334088
mu_0p225,0.225,0.225,229,29,lfr,node_removal,out_strength,out_strength,node,weighted_directed_community_assortativity,auc_abs_delta,0.0173395016363871
mu_0p225,0.225,0.225,230,30,lfr,node_removal,out_strength,out_strength,node,weighted_directed_community_assortativity,auc_abs_delta,0.0071580741430478
mu_0p225,0.225,0.225,231,31,lfr,node_removal,out_strength,out_strength,node,weighted_directed_community_assortativity,auc_abs_delta,0.0238189815155806
mu_0p225,0.225,0.225,232,32,lfr,node_removal,out_strength,out_strength,node,weighted_directed_community_assortativity,auc_abs_delta,0.0204653916879289
mu_0p225,0.225,0.225,233,33,lfr,node_removal,out_strength,out_strength,node,weighted_directed_community_assortativity,auc_abs_delta,0.0121989834789627
mu_0p225,0.225,0.225,234,34,lfr,node_removal,out_strength,out_strength,node,weighted_directed_community_assortativity,auc_abs_delta,0.0076861030173366
mu_0p225,0.225,0.225,235,35,lfr,node_removal,out_strength,out_strength,node,weighted_directed_community_assortativity,auc_abs_delta,0.0288133150622052
mu_0p225,0.225,0.225,236,36,lfr,node_removal,out_strength,out_strength,node,weighted_directed_community_assortativity,auc_abs_delta,0.0201829835403757
mu_0p225,0.225,0.225,237,37,lfr,node_removal,out_strength,out_strength,node,weighted_directed_community_assortativity,auc_abs_delta,0.0287619745868191
mu_0p225,0.225,0.225,238,38,lfr,node_removal,out_strength,out_strength,node,weighted_directed_community_assortativity,auc_abs_delta,0.007702772103233
mu_0p225,0.225,0.225,239,39,lfr,node_removal,out_strength,out_strength,node,weighted_directed_community_assortativity,auc_abs_delta,0.0279030271903912
mu_0p300,0.3,0.3,240,0,lfr,node_removal,out_strength,out_strength,node,weighted_directed_community_assortativity,auc_abs_delta,0.0205600410845966
mu_0p300,0.3,0.3,241,1,lfr,node_removal,out_strength,out_strength,node,weighted_directed_community_assortativity,auc_abs_delta,0.0265572181371722
mu_0p300,0.3,0.3,242,2,lfr,node_removal,out_strength,out_strength,node,weighted_directed_community_assortativity,auc_abs_delta,0.0409711056216563
mu_0p300,0.3,0.3,243,3,lfr,node_removal,out_strength,out_strength,node,weighted_directed_community_assortativity,auc_abs_delta,0.0125789710045133
mu_0p300,0.3,0.3,244,4,lfr,node_removal,out_strength,out_strength,node,weighted_directed_community_assortativity,auc_abs_delta,0.0190598553255148
mu_0p300,0.3,0.3,245,5,lfr,node_removal,out_strength,out_strength,node,weighted_directed_community_assortativity,auc_abs_delta,0.0139491613737315
mu_0p300,0.3,0.3,246,6,lfr,node_removal,out_strength,out_strength,node,weighted_directed_community_assortativity,auc_abs_delta,0.0246954762558461
mu_0p300,0.3,0.3,247,7,lfr,node_removal,out_strength,out_strength,node,weighted_directed_community_assortativity,auc_abs_delta,0.0100542385882296
mu_0p300,0.3,0.3,248,8,lfr,node_removal,out_strength,out_strength,node,weighted_directed_community_assortativity,auc_abs_delta,0.0429355751832961
mu_0p300,0.3,0.3,249,9,lfr,node_removal,out_strength,out_strength,node,weighted_directed_community_assortativity,auc_abs_delta,0.0078771264969384
mu_0p300,0.3,0.3,250,10,lfr,node_removal,out_strength,out_strength,node,weighted_directed_community_assortativity,auc_abs_delta,0.0155413685320624
mu_0p300,0.3,0.3,251,11,lfr,node_removal,out_strength,out_strength,node,weighted_directed_community_assortativity,auc_abs_delta,0.0668631215911527
mu_0p300,0.3,0.3,252,12,lfr,node_removal,out_strength,out_strength,node,weighted_directed_community_assortativity,auc_abs_delta,0.0188894860016911
mu_0p300,0.3,0.3,253,13,lfr,node_removal,out_strength,out_strength,node,weighted_directed_community_assortativity,auc_abs_delta,0.0271916754177179
mu_0p300,0.3,0.3,254,14,lfr,node_removal,out_strength,out_strength,node,weighted_directed_community_assortativity,auc_abs_delta,0.0121297381705658
mu_0p300,0.3,0.3,255,15,lfr,node_removal,out_strength,out_strength,node,weighted_directed_community_assortativity,auc_abs_delta,0.0083888075563748
mu_0p300,0.3,0.3,256,16,lfr,node_removal,out_strength,out_strength,node,weighted_directed_community_assortativity,auc_abs_delta,0.0412774778838922
mu_0p300,0.3,0.3,257,17,lfr,node_removal,out_strength,out_strength,node,weighted_directed_community_assortativity,auc_abs_delta,0.0126398586549685
mu_0p300,0.3,0.3,258,18,lfr,node_removal,out_strength,out_strength,node,weighted_directed_community_assortativity,auc_abs_delta,0.0206051293311991
mu_0p300,0.3,0.3,259,19,lfr,node_removal,out_strength,out_strength,node,weighted_directed_community_assortativity,auc_abs_delta,0.0216547244957043
mu_0p300,0.3,0.3,260,20,lfr,node_removal,out_strength,out_strength,node,weighted_directed_community_assortativity,auc_abs_delta,0.0644628420784952
mu_0p300,0.3,0.3,261,21,lfr,node_removal,out_strength,out_strength,node,weighted_directed_community_assortativity,auc_abs_delta,0.0134874121371365
mu_0p300,0.3,0.3,262,22,lfr,node_removal,out_strength,out_strength,node,weighted_directed_community_assortativity,auc_abs_delta,0.0058114701592429
mu_0p300,0.3,0.3,263,23,lfr,node_removal,out_strength,out_strength,node,weighted_directed_community_assortativity,auc_abs_delta,0.031898583218331
mu_0p300,0.3,0.3,264,24,lfr,node_removal,out_strength,out_strength,node,weighted_directed_community_assortativity,auc_abs_delta,0.0196360888851561
mu_0p300,0.3,0.3,265,25,lfr,node_removal,out_strength,out_strength,node,weighted_directed_community_assortativity,auc_abs_delta,0.0130785883755644
mu_0p300,0.3,0.3,266,26,lfr,node_removal,out_strength,out_strength,node,weighted_directed_community_assortativity,auc_abs_delta,0.02166718897368
mu_0p300,0.3,0.3,267,27,lfr,node_removal,out_strength,out_strength,node,weighted_directed_community_assortativity,auc_abs_delta,0.0307184122669748
mu_0p300,0.3,0.3,268,28,lfr,node_removal,out_strength,out_strength,node,weighted_directed_community_assortativity,auc_abs_delta,0.0832945718717896
mu_0p300,0.3,0.3,269,29,lfr,node_removal,out_strength,out_strength,node,weighted_directed_community_assortativity,auc_abs_delta,0.0090200030100231
mu_0p300,0.3,0.3,270,30,lfr,node_removal,out_strength,out_strength,node,weighted_directed_community_assortativity,auc_abs_delta,0.02364442902291
mu_0p300,0.3,0.3,271,31,lfr,node_removal,out_strength,out_strength,node,weighted_directed_community_assortativity,auc_abs_delta,0.0127378877662874
mu_0p300,0.3,0.3,272,32,lfr,node_removal,out_strength,out_strength,node,weighted_directed_community_assortativity,auc_abs_delta,0.0254670589533743
mu_0p300,0.3,0.3,273,33,lfr,node_removal,out_strength,out_strength,node,weighted_directed_community_assortativity,auc_abs_delta,0.0085947271824978
mu_0p300,0.3,0.3,274,34,lfr,node_removal,out_strength,out_strength,node,weighted_directed_community_assortativity,auc_abs_delta,0.0103512480206958
mu_0p300,0.3,0.3,275,35,lfr,node_removal,out_strength,out_strength,node,weighted_directed_community_assortativity,auc_abs_delta,0.0078013785549003
mu_0p300,0.3,0.3,276,36,lfr,node_removal,out_strength,out_strength,node,weighted_directed_community_assortativity,auc_abs_delta,0.0519343816280989
mu_0p300,0.3,0.3,277,37,lfr,node_removal,out_strength,out_strength,node,weighted_directed_community_assortativity,auc_abs_delta,0.0137603689838761
mu_0p300,0.3,0.3,278,38,lfr,node_removal,out_strength,out_strength,node,weighted_directed_community_assortativity,auc_abs_delta,0.0121675502562286
mu_0p300,0.3,0.3,279,39,lfr,node_removal,out_strength,out_strength,node,weighted_directed_community_assortativity,auc_abs_delta,0.152932865432168
mu_0p075,0.075,0.075,0,0,lfr,node_removal,random,random,node,weighted_directed_community_assortativity,auc_abs_delta,0.00666474831596194
mu_0p075,0.075,0.075,1,1,lfr,node_removal,random,random,node,weighted_directed_community_assortativity,auc_abs_delta,0.0066012769500509395
mu_0p075,0.075,0.075,2,2,lfr,node_removal,random,random,node,weighted_directed_community_assortativity,auc_abs_delta,0.00869472744660112
mu_0p075,0.075,0.075,3,3,lfr,node_removal,random,random,node,weighted_directed_community_assortativity,auc_abs_delta,0.0064720549716380995
mu_0p075,0.075,0.075,4,4,lfr,node_removal,random,random,node,weighted_directed_community_assortativity,auc_abs_delta,0.00866041347213086
mu_0p075,0.075,0.075,5,5,lfr,node_removal,random,random,node,weighted_directed_community_assortativity,auc_abs_delta,0.0054282677288809
mu_0p075,0.075,0.075,6,6,lfr,node_removal,random,random,node,weighted_directed_community_assortativity,auc_abs_delta,0.0103363924917018
mu_0p075,0.075,0.075,7,7,lfr,node_removal,random,random,node,weighted_directed_community_assortativity,auc_abs_delta,0.00995650614692648
mu_0p075,0.075,0.075,8,8,lfr,node_removal,random,random,node,weighted_directed_community_assortativity,auc_abs_delta,0.00895833824873246
mu_0p075,0.075,0.075,9,9,lfr,node_removal,random,random,node,weighted_directed_community_assortativity,auc_abs_delta,0.00869096367379998
mu_0p075,0.075,0.075,10,10,lfr,node_removal,random,random,node,weighted_directed_community_assortativity,auc_abs_delta,0.01150874391963138
mu_0p075,0.075,0.075,11,11,lfr,node_removal,random,random,node,weighted_directed_community_assortativity,auc_abs_delta,0.01039068251659888
mu_0p075,0.075,0.075,12,12,lfr,node_removal,random,random,node,weighted_directed_community_assortativity,auc_abs_delta,0.008043954921119058
mu_0p075,0.075,0.075,13,13,lfr,node_removal,random,random,node,weighted_directed_community_assortativity,auc_abs_delta,0.0094868334715193
mu_0p075,0.075,0.075,14,14,lfr,node_removal,random,random,node,weighted_directed_community_assortativity,auc_abs_delta,0.0101512381964124
mu_0p075,0.075,0.075,15,15,lfr,node_removal,random,random,node,weighted_directed_community_assortativity,auc_abs_delta,0.0083797232020895
mu_0p075,0.075,0.075,16,16,lfr,node_removal,random,random,node,weighted_directed_community_assortativity,auc_abs_delta,0.01344402737100138
mu_0p075,0.075,0.075,17,17,lfr,node_removal,random,random,node,weighted_directed_community_assortativity,auc_abs_delta,0.0111218293460516
mu_0p075,0.075,0.075,18,18,lfr,node_removal,random,random,node,weighted_directed_community_assortativity,auc_abs_delta,0.00872613464326992
mu_0p075,0.075,0.075,19,19,lfr,node_removal,random,random,node,weighted_directed_community_assortativity,auc_abs_delta,0.00969494118214188
mu_0p075,0.075,0.075,20,20,lfr,node_removal,random,random,node,weighted_directed_community_assortativity,auc_abs_delta,0.00731932837965384
mu_0p075,0.075,0.075,21,21,lfr,node_removal,random,random,node,weighted_directed_community_assortativity,auc_abs_delta,0.006260208333929559
mu_0p075,0.075,0.075,22,22,lfr,node_removal,random,random,node,weighted_directed_community_assortativity,auc_abs_delta,0.00612999902131816
mu_0p075,0.075,0.075,23,23,lfr,node_removal,random,random,node,weighted_directed_community_assortativity,auc_abs_delta,0.011736248433781921
mu_0p075,0.075,0.075,24,24,lfr,node_removal,random,random,node,weighted_directed_community_assortativity,auc_abs_delta,0.0096108132342121
mu_0p075,0.075,0.075,25,25,lfr,node_removal,random,random,node,weighted_directed_community_assortativity,auc_abs_delta,0.0100092255308106
mu_0p075,0.075,0.075,26,26,lfr,node_removal,random,random,node,weighted_directed_community_assortativity,auc_abs_delta,0.0073686784618854405
mu_0p075,0.075,0.075,27,27,lfr,node_removal,random,random,node,weighted_directed_community_assortativity,auc_abs_delta,0.01094999791188608
mu_0p075,0.075,0.075,28,28,lfr,node_removal,random,random,node,weighted_directed_community_assortativity,auc_abs_delta,0.014624426791421641
mu_0p075,0.075,0.075,29,29,lfr,node_removal,random,random,node,weighted_directed_community_assortativity,auc_abs_delta,0.007753204254204481
mu_0p075,0.075,0.075,30,30,lfr,node_removal,random,random,node,weighted_directed_community_assortativity,auc_abs_delta,0.0096707756651614
mu_0p075,0.075,0.075,31,31,lfr,node_removal,random,random,node,weighted_directed_community_assortativity,auc_abs_delta,0.01079597206970458
mu_0p075,0.075,0.075,32,32,lfr,node_removal,random,random,node,weighted_directed_community_assortativity,auc_abs_delta,0.00875885344308172
mu_0p075,0.075,0.075,33,33,lfr,node_removal,random,random,node,weighted_directed_community_assortativity,auc_abs_delta,0.00781357798678914
mu_0p075,0.075,0.075,34,34,lfr,node_removal,random,random,node,weighted_directed_community_assortativity,auc_abs_delta,0.00779798649154218
mu_0p075,0.075,0.075,35,35,lfr,node_removal,random,random,node,weighted_directed_community_assortativity,auc_abs_delta,0.0065954321341543
mu_0p075,0.075,0.075,36,36,lfr,node_removal,random,random,node,weighted_directed_community_assortativity,auc_abs_delta,0.00733656328349556
mu_0p075,0.075,0.075,37,37,lfr,node_removal,random,random,node,weighted_directed_community_assortativity,auc_abs_delta,0.010074342424538441
mu_0p075,0.075,0.075,38,38,lfr,node_removal,random,random,node,weighted_directed_community_assortativity,auc_abs_delta,0.008657908022138219
mu_0p075,0.075,0.075,39,39,lfr,node_removal,random,random,node,weighted_directed_community_assortativity,auc_abs_delta,0.0081440921235612
mu_0p100,0.1,0.1,40,0,lfr,node_removal,random,random,node,weighted_directed_community_assortativity,auc_abs_delta,0.00849261701699528
mu_0p100,0.1,0.1,41,1,lfr,node_removal,random,random,node,weighted_directed_community_assortativity,auc_abs_delta,0.01199325981114036
mu_0p100,0.1,0.1,42,2,lfr,node_removal,random,random,node,weighted_directed_community_assortativity,auc_abs_delta,0.007023510401970761
mu_0p100,0.1,0.1,43,3,lfr,node_removal,random,random,node,weighted_directed_community_assortativity,auc_abs_delta,0.008943588316667101
mu_0p100,0.1,0.1,44,4,lfr,node_removal,random,random,node,weighted_directed_community_assortativity,auc_abs_delta,0.00997106917946924
mu_0p100,0.1,0.1,45,5,lfr,node_removal,random,random,node,weighted_directed_community_assortativity,auc_abs_delta,0.01033892015100832
mu_0p100,0.1,0.1,46,6,lfr,node_removal,random,random,node,weighted_directed_community_assortativity,auc_abs_delta,0.00929785392145198
mu_0p100,0.1,0.1,47,7,lfr,node_removal,random,random,node,weighted_directed_community_assortativity,auc_abs_delta,0.0112641629718067
mu_0p100,0.1,0.1,48,8,lfr,node_removal,random,random,node,weighted_directed_community_assortativity,auc_abs_delta,0.009299842529139301
mu_0p100,0.1,0.1,49,9,lfr,node_removal,random,random,node,weighted_directed_community_assortativity,auc_abs_delta,0.015392062802495683
mu_0p100,0.1,0.1,50,10,lfr,node_removal,random,random,node,weighted_directed_community_assortativity,auc_abs_delta,0.008228116778672639
mu_0p100,0.1,0.1,51,11,lfr,node_removal,random,random,node,weighted_directed_community_assortativity,auc_abs_delta,0.008578709574421261
mu_0p100,0.1,0.1,52,12,lfr,node_removal,random,random,node,weighted_directed_community_assortativity,auc_abs_delta,0.011259433765910081
mu_0p100,0.1,0.1,53,13,lfr,node_removal,random,random,node,weighted_directed_community_assortativity,auc_abs_delta,0.010469619321353301
mu_0p100,0.1,0.1,54,14,lfr,node_removal,random,random,node,weighted_directed_community_assortativity,auc_abs_delta,0.007265422265425659
mu_0p100,0.1,0.1,55,15,lfr,node_removal,random,random,node,weighted_directed_community_assortativity,auc_abs_delta,0.006451248642937659
mu_0p100,0.1,0.1,56,16,lfr,node_removal,random,random,node,weighted_directed_community_assortativity,auc_abs_delta,0.01046000429005592
mu_0p100,0.1,0.1,57,17,lfr,node_removal,random,random,node,weighted_directed_community_assortativity,auc_abs_delta,0.010502484192352519
mu_0p100,0.1,0.1,58,18,lfr,node_removal,random,random,node,weighted_directed_community_assortativity,auc_abs_delta,0.012740368980188679
mu_0p100,0.1,0.1,59,19,lfr,node_removal,random,random,node,weighted_directed_community_assortativity,auc_abs_delta,0.00751706652531844
mu_0p100,0.1,0.1,60,20,lfr,node_removal,random,random,node,weighted_directed_community_assortativity,auc_abs_delta,0.0096699316675721
mu_0p100,0.1,0.1,61,21,lfr,node_removal,random,random,node,weighted_directed_community_assortativity,auc_abs_delta,0.010581911266794562
mu_0p100,0.1,0.1,62,22,lfr,node_removal,random,random,node,weighted_directed_community_assortativity,auc_abs_delta,0.01195536981289288
mu_0p100,0.1,0.1,63,23,lfr,node_removal,random,random,node,weighted_directed_community_assortativity,auc_abs_delta,0.01023904005584278
mu_0p100,0.1,0.1,64,24,lfr,node_removal,random,random,node,weighted_directed_community_assortativity,auc_abs_delta,0.0082917683558452
mu_0p100,0.1,0.1,65,25,lfr,node_removal,random,random,node,weighted_directed_community_assortativity,auc_abs_delta,0.012865963167738659
mu_0p100,0.1,0.1,66,26,lfr,node_removal,random,random,node,weighted_directed_community_assortativity,auc_abs_delta,0.0117926510873336
mu_0p100,0.1,0.1,67,27,lfr,node_removal,random,random,node,weighted_directed_community_assortativity,auc_abs_delta,0.01343970358689556
mu_0p100,0.1,0.1,68,28,lfr,node_removal,random,random,node,weighted_directed_community_assortativity,auc_abs_delta,0.014839361355911459
mu_0p100,0.1,0.1,69,29,lfr,node_removal,random,random,node,weighted_directed_community_assortativity,auc_abs_delta,0.00846992595183252
mu_0p100,0.1,0.1,70,30,lfr,node_removal,random,random,node,weighted_directed_community_assortativity,auc_abs_delta,0.01040759215880692
mu_0p100,0.1,0.1,71,31,lfr,node_removal,random,random,node,weighted_directed_community_assortativity,auc_abs_delta,0.0090432183382466
mu_0p100,0.1,0.1,72,32,lfr,node_removal,random,random,node,weighted_directed_community_assortativity,auc_abs_delta,0.00878451212249734
mu_0p100,0.1,0.1,73,33,lfr,node_removal,random,random,node,weighted_directed_community_assortativity,auc_abs_delta,0.007326117023510941
mu_0p100,0.1,0.1,74,34,lfr,node_removal,random,random,node,weighted_directed_community_assortativity,auc_abs_delta,0.009857564383559
mu_0p100,0.1,0.1,75,35,lfr,node_removal,random,random,node,weighted_directed_community_assortativity,auc_abs_delta,0.01024231880216598
mu_0p100,0.1,0.1,76,36,lfr,node_removal,random,random,node,weighted_directed_community_assortativity,auc_abs_delta,0.00926575975977254
mu_0p100,0.1,0.1,77,37,lfr,node_removal,random,random,node,weighted_directed_community_assortativity,auc_abs_delta,0.01544827743618602
mu_0p100,0.1,0.1,78,38,lfr,node_removal,random,random,node,weighted_directed_community_assortativity,auc_abs_delta,0.0120798869955401
mu_0p100,0.1,0.1,79,39,lfr,node_removal,random,random,node,weighted_directed_community_assortativity,auc_abs_delta,0.00890793166264208
mu_0p125,0.125,0.125,80,0,lfr,node_removal,random,random,node,weighted_directed_community_assortativity,auc_abs_delta,0.009028701483128659
mu_0p125,0.125,0.125,81,1,lfr,node_removal,random,random,node,weighted_directed_community_assortativity,auc_abs_delta,0.01057471233252268
mu_0p125,0.125,0.125,82,2,lfr,node_removal,random,random,node,weighted_directed_community_assortativity,auc_abs_delta,0.00978318173600074
mu_0p125,0.125,0.125,83,3,lfr,node_removal,random,random,node,weighted_directed_community_assortativity,auc_abs_delta,0.01078587370891252
mu_0p125,0.125,0.125,84,4,lfr,node_removal,random,random,node,weighted_directed_community_assortativity,auc_abs_delta,0.014486847283361198
mu_0p125,0.125,0.125,85,5,lfr,node_removal,random,random,node,weighted_directed_community_assortativity,auc_abs_delta,0.01063645062559224
mu_0p125,0.125,0.125,86,6,lfr,node_removal,random,random,node,weighted_directed_community_assortativity,auc_abs_delta,0.00897468049722018
mu_0p125,0.125,0.125,87,7,lfr,node_removal,random,random,node,weighted_directed_community_assortativity,auc_abs_delta,0.01180762828058208
mu_0p125,0.125,0.125,88,8,lfr,node_removal,random,random,node,weighted_directed_community_assortativity,auc_abs_delta,0.01185148265935866
mu_0p125,0.125,0.125,89,9,lfr,node_removal,random,random,node,weighted_directed_community_assortativity,auc_abs_delta,0.01095096745773216
mu_0p125,0.125,0.125,90,10,lfr,node_removal,random,random,node,weighted_directed_community_assortativity,auc_abs_delta,0.021387640292539638
mu_0p125,0.125,0.125,91,11,lfr,node_removal,random,random,node,weighted_directed_community_assortativity,auc_abs_delta,0.01018736370508468
mu_0p125,0.125,0.125,92,12,lfr,node_removal,random,random,node,weighted_directed_community_assortativity,auc_abs_delta,0.00884882473730992
mu_0p125,0.125,0.125,93,13,lfr,node_removal,random,random,node,weighted_directed_community_assortativity,auc_abs_delta,0.010292911705889179
mu_0p125,0.125,0.125,94,14,lfr,node_removal,random,random,node,weighted_directed_community_assortativity,auc_abs_delta,0.011072108687426061
mu_0p125,0.125,0.125,95,15,lfr,node_removal,random,random,node,weighted_directed_community_assortativity,auc_abs_delta,0.008128780186722601
mu_0p125,0.125,0.125,96,16,lfr,node_removal,random,random,node,weighted_directed_community_assortativity,auc_abs_delta,0.01002122898997624
mu_0p125,0.125,0.125,97,17,lfr,node_removal,random,random,node,weighted_directed_community_assortativity,auc_abs_delta,0.00998416033054962
mu_0p125,0.125,0.125,98,18,lfr,node_removal,random,random,node,weighted_directed_community_assortativity,auc_abs_delta,0.0081584304890891
mu_0p125,0.125,0.125,99,19,lfr,node_removal,random,random,node,weighted_directed_community_assortativity,auc_abs_delta,0.016218826556643938
mu_0p125,0.125,0.125,100,20,lfr,node_removal,random,random,node,weighted_directed_community_assortativity,auc_abs_delta,0.01110663503674302
mu_0p125,0.125,0.125,101,21,lfr,node_removal,random,random,node,weighted_directed_community_assortativity,auc_abs_delta,0.01134529213011046
mu_0p125,0.125,0.125,102,22,lfr,node_removal,random,random,node,weighted_directed_community_assortativity,auc_abs_delta,0.00763540173156204
mu_0p125,0.125,0.125,103,23,lfr,node_removal,random,random,node,weighted_directed_community_assortativity,auc_abs_delta,0.013957715103426119
mu_0p125,0.125,0.125,104,24,lfr,node_removal,random,random,node,weighted_directed_community_assortativity,auc_abs_delta,0.0115315423265504
mu_0p125,0.125,0.125,105,25,lfr,node_removal,random,random,node,weighted_directed_community_assortativity,auc_abs_delta,0.0137776925883337
mu_0p125,0.125,0.125,106,26,lfr,node_removal,random,random,node,weighted_directed_community_assortativity,auc_abs_delta,0.00889176032368144
mu_0p125,0.125,0.125,107,27,lfr,node_removal,random,random,node,weighted_directed_community_assortativity,auc_abs_delta,0.016409761395386222
mu_0p125,0.125,0.125,108,28,lfr,node_removal,random,random,node,weighted_directed_community_assortativity,auc_abs_delta,0.01136309460620176
mu_0p125,0.125,0.125,109,29,lfr,node_removal,random,random,node,weighted_directed_community_assortativity,auc_abs_delta,0.0080428749000166
mu_0p125,0.125,0.125,110,30,lfr,node_removal,random,random,node,weighted_directed_community_assortativity,auc_abs_delta,0.01175879578537028
mu_0p125,0.125,0.125,111,31,lfr,node_removal,random,random,node,weighted_directed_community_assortativity,auc_abs_delta,0.01200632969300858
mu_0p125,0.125,0.125,112,32,lfr,node_removal,random,random,node,weighted_directed_community_assortativity,auc_abs_delta,0.0082347882561875
mu_0p125,0.125,0.125,113,33,lfr,node_removal,random,random,node,weighted_directed_community_assortativity,auc_abs_delta,0.011106013645841241
mu_0p125,0.125,0.125,114,34,lfr,node_removal,random,random,node,weighted_directed_community_assortativity,auc_abs_delta,0.009203878188192901
mu_0p125,0.125,0.125,115,35,lfr,node_removal,random,random,node,weighted_directed_community_assortativity,auc_abs_delta,0.01297789936772838
mu_0p125,0.125,0.125,116,36,lfr,node_removal,random,random,node,weighted_directed_community_assortativity,auc_abs_delta,0.00955699017972894
mu_0p125,0.125,0.125,117,37,lfr,node_removal,random,random,node,weighted_directed_community_assortativity,auc_abs_delta,0.00839307301828004
mu_0p125,0.125,0.125,118,38,lfr,node_removal,random,random,node,weighted_directed_community_assortativity,auc_abs_delta,0.01174868177481626
mu_0p125,0.125,0.125,119,39,lfr,node_removal,random,random,node,weighted_directed_community_assortativity,auc_abs_delta,0.01435562749416382
mu_0p150,0.15,0.15,120,0,lfr,node_removal,random,random,node,weighted_directed_community_assortativity,auc_abs_delta,0.01181346934136836
mu_0p150,0.15,0.15,121,1,lfr,node_removal,random,random,node,weighted_directed_community_assortativity,auc_abs_delta,0.008249610105425879
mu_0p150,0.15,0.15,122,2,lfr,node_removal,random,random,node,weighted_directed_community_assortativity,auc_abs_delta,0.01491151848157754
mu_0p150,0.15,0.15,123,3,lfr,node_removal,random,random,node,weighted_directed_community_assortativity,auc_abs_delta,0.0081586663424977
mu_0p150,0.15,0.15,124,4,lfr,node_removal,random,random,node,weighted_directed_community_assortativity,auc_abs_delta,0.01201719963998384
mu_0p150,0.15,0.15,125,5,lfr,node_removal,random,random,node,weighted_directed_community_assortativity,auc_abs_delta,0.0088186878451028
mu_0p150,0.15,0.15,126,6,lfr,node_removal,random,random,node,weighted_directed_community_assortativity,auc_abs_delta,0.01066226915165416
mu_0p150,0.15,0.15,127,7,lfr,node_removal,random,random,node,weighted_directed_community_assortativity,auc_abs_delta,0.00806771686988474
mu_0p150,0.15,0.15,128,8,lfr,node_removal,random,random,node,weighted_directed_community_assortativity,auc_abs_delta,0.01028993195563686
mu_0p150,0.15,0.15,129,9,lfr,node_removal,random,random,node,weighted_directed_community_assortativity,auc_abs_delta,0.0178423624633713
mu_0p150,0.15,0.15,130,10,lfr,node_removal,random,random,node,weighted_directed_community_assortativity,auc_abs_delta,0.00935036536463876
mu_0p150,0.15,0.15,131,11,lfr,node_removal,random,random,node,weighted_directed_community_assortativity,auc_abs_delta,0.009790550234823739
mu_0p150,0.15,0.15,132,12,lfr,node_removal,random,random,node,weighted_directed_community_assortativity,auc_abs_delta,0.01346929711962688
mu_0p150,0.15,0.15,133,13,lfr,node_removal,random,random,node,weighted_directed_community_assortativity,auc_abs_delta,0.01232704765250624
mu_0p150,0.15,0.15,134,14,lfr,node_removal,random,random,node,weighted_directed_community_assortativity,auc_abs_delta,0.012146083843592599
mu_0p150,0.15,0.15,135,15,lfr,node_removal,random,random,node,weighted_directed_community_assortativity,auc_abs_delta,0.01178543120013726
mu_0p150,0.15,0.15,136,16,lfr,node_removal,random,random,node,weighted_directed_community_assortativity,auc_abs_delta,0.01097269355251552
mu_0p150,0.15,0.15,137,17,lfr,node_removal,random,random,node,weighted_directed_community_assortativity,auc_abs_delta,0.007613549825309519
mu_0p150,0.15,0.15,138,18,lfr,node_removal,random,random,node,weighted_directed_community_assortativity,auc_abs_delta,0.014903491768815719
mu_0p150,0.15,0.15,139,19,lfr,node_removal,random,random,node,weighted_directed_community_assortativity,auc_abs_delta,0.00998869197862098
mu_0p150,0.15,0.15,140,20,lfr,node_removal,random,random,node,weighted_directed_community_assortativity,auc_abs_delta,0.01022423921205344
mu_0p150,0.15,0.15,141,21,lfr,node_removal,random,random,node,weighted_directed_community_assortativity,auc_abs_delta,0.01151931358566368
mu_0p150,0.15,0.15,142,22,lfr,node_removal,random,random,node,weighted_directed_community_assortativity,auc_abs_delta,0.01307245485809426
mu_0p150,0.15,0.15,143,23,lfr,node_removal,random,random,node,weighted_directed_community_assortativity,auc_abs_delta,0.01720077256614742
mu_0p150,0.15,0.15,144,24,lfr,node_removal,random,random,node,weighted_directed_community_assortativity,auc_abs_delta,0.013494131964565819
mu_0p150,0.15,0.15,145,25,lfr,node_removal,random,random,node,weighted_directed_community_assortativity,auc_abs_delta,0.0122769982785096
mu_0p150,0.15,0.15,146,26,lfr,node_removal,random,random,node,weighted_directed_community_assortativity,auc_abs_delta,0.00859885510364852
mu_0p150,0.15,0.15,147,27,lfr,node_removal,random,random,node,weighted_directed_community_assortativity,auc_abs_delta,0.011993989897076899
mu_0p150,0.15,0.15,148,28,lfr,node_removal,random,random,node,weighted_directed_community_assortativity,auc_abs_delta,0.0114761926165978
mu_0p150,0.15,0.15,149,29,lfr,node_removal,random,random,node,weighted_directed_community_assortativity,auc_abs_delta,0.0102241835992096
mu_0p150,0.15,0.15,150,30,lfr,node_removal,random,random,node,weighted_directed_community_assortativity,auc_abs_delta,0.01615337371201856
mu_0p150,0.15,0.15,151,31,lfr,node_removal,random,random,node,weighted_directed_community_assortativity,auc_abs_delta,0.01054611501983018
mu_0p150,0.15,0.15,152,32,lfr,node_removal,random,random,node,weighted_directed_community_assortativity,auc_abs_delta,0.00938601517085544
mu_0p150,0.15,0.15,153,33,lfr,node_removal,random,random,node,weighted_directed_community_assortativity,auc_abs_delta,0.01600837550200658
mu_0p150,0.15,0.15,154,34,lfr,node_removal,random,random,node,weighted_directed_community_assortativity,auc_abs_delta,0.01109197609478944
mu_0p150,0.15,0.15,155,35,lfr,node_removal,random,random,node,weighted_directed_community_assortativity,auc_abs_delta,0.00934942117162022
mu_0p150,0.15,0.15,156,36,lfr,node_removal,random,random,node,weighted_directed_community_assortativity,auc_abs_delta,0.01001221686252844
mu_0p150,0.15,0.15,157,37,lfr,node_removal,random,random,node,weighted_directed_community_assortativity,auc_abs_delta,0.01107757446324688
mu_0p150,0.15,0.15,158,38,lfr,node_removal,random,random,node,weighted_directed_community_assortativity,auc_abs_delta,0.01478994935226284
mu_0p150,0.15,0.15,159,39,lfr,node_removal,random,random,node,weighted_directed_community_assortativity,auc_abs_delta,0.00862873917027762
mu_0p175,0.175,0.175,160,0,lfr,node_removal,random,random,node,weighted_directed_community_assortativity,auc_abs_delta,0.00654882466689644
mu_0p175,0.175,0.175,161,1,lfr,node_removal,random,random,node,weighted_directed_community_assortativity,auc_abs_delta,0.01320070576226178
mu_0p175,0.175,0.175,162,2,lfr,node_removal,random,random,node,weighted_directed_community_assortativity,auc_abs_delta,0.01208467088765
mu_0p175,0.175,0.175,163,3,lfr,node_removal,random,random,node,weighted_directed_community_assortativity,auc_abs_delta,0.01584857379781168
mu_0p175,0.175,0.175,164,4,lfr,node_removal,random,random,node,weighted_directed_community_assortativity,auc_abs_delta,0.01438357016387368
mu_0p175,0.175,0.175,165,5,lfr,node_removal,random,random,node,weighted_directed_community_assortativity,auc_abs_delta,0.01831841961841042
mu_0p175,0.175,0.175,166,6,lfr,node_removal,random,random,node,weighted_directed_community_assortativity,auc_abs_delta,0.01311956240048294
mu_0p175,0.175,0.175,167,7,lfr,node_removal,random,random,node,weighted_directed_community_assortativity,auc_abs_delta,0.007912235674726681
mu_0p175,0.175,0.175,168,8,lfr,node_removal,random,random,node,weighted_directed_community_assortativity,auc_abs_delta,0.013757655061063339
mu_0p175,0.175,0.175,169,9,lfr,node_removal,random,random,node,weighted_directed_community_assortativity,auc_abs_delta,0.0161694172390348
mu_0p175,0.175,0.175,170,10,lfr,node_removal,random,random,node,weighted_directed_community_assortativity,auc_abs_delta,0.01228938408727556
mu_0p175,0.175,0.175,171,11,lfr,node_removal,random,random,node,weighted_directed_community_assortativity,auc_abs_delta,0.01452474378628886
mu_0p175,0.175,0.175,172,12,lfr,node_removal,random,random,node,weighted_directed_community_assortativity,auc_abs_delta,0.011729351757399739
mu_0p175,0.175,0.175,173,13,lfr,node_removal,random,random,node,weighted_directed_community_assortativity,auc_abs_delta,0.01019699615030254
mu_0p175,0.175,0.175,174,14,lfr,node_removal,random,random,node,weighted_directed_community_assortativity,auc_abs_delta,0.01130451600126824
mu_0p175,0.175,0.175,175,15,lfr,node_removal,random,random,node,weighted_directed_community_assortativity,auc_abs_delta,0.00756072955432574
mu_0p175,0.175,0.175,176,16,lfr,node_removal,random,random,node,weighted_directed_community_assortativity,auc_abs_delta,0.013731090930470698
mu_0p175,0.175,0.175,177,17,lfr,node_removal,random,random,node,weighted_directed_community_assortativity,auc_abs_delta,0.01107475191104374
mu_0p175,0.175,0.175,178,18,lfr,node_removal,random,random,node,weighted_directed_community_assortativity,auc_abs_delta,0.01063448315028076
mu_0p175,0.175,0.175,179,19,lfr,node_removal,random,random,node,weighted_directed_community_assortativity,auc_abs_delta,0.010697727889011261
mu_0p175,0.175,0.175,180,20,lfr,node_removal,random,random,node,weighted_directed_community_assortativity,auc_abs_delta,0.013589351476211039
mu_0p175,0.175,0.175,181,21,lfr,node_removal,random,random,node,weighted_directed_community_assortativity,auc_abs_delta,0.01007195181136486
mu_0p175,0.175,0.175,182,22,lfr,node_removal,random,random,node,weighted_directed_community_assortativity,auc_abs_delta,0.01326216759146554
mu_0p175,0.175,0.175,183,23,lfr,node_removal,random,random,node,weighted_directed_community_assortativity,auc_abs_delta,0.01544930409925894
mu_0p175,0.175,0.175,184,24,lfr,node_removal,random,random,node,weighted_directed_community_assortativity,auc_abs_delta,0.00949505591676488
mu_0p175,0.175,0.175,185,25,lfr,node_removal,random,random,node,weighted_directed_community_assortativity,auc_abs_delta,0.01518511165280384
mu_0p175,0.175,0.175,186,26,lfr,node_removal,random,random,node,weighted_directed_community_assortativity,auc_abs_delta,0.0159859037950395
mu_0p175,0.175,0.175,187,27,lfr,node_removal,random,random,node,weighted_directed_community_assortativity,auc_abs_delta,0.01155118854142608
mu_0p175,0.175,0.175,188,28,lfr,node_removal,random,random,node,weighted_directed_community_assortativity,auc_abs_delta,0.01126851721064232
mu_0p175,0.175,0.175,189,29,lfr,node_removal,random,random,node,weighted_directed_community_assortativity,auc_abs_delta,0.01646492632676392
mu_0p175,0.175,0.175,190,30,lfr,node_removal,random,random,node,weighted_directed_community_assortativity,auc_abs_delta,0.00872304267235502
mu_0p175,0.175,0.175,191,31,lfr,node_removal,random,random,node,weighted_directed_community_assortativity,auc_abs_delta,0.00888058530388494
mu_0p175,0.175,0.175,192,32,lfr,node_removal,random,random,node,weighted_directed_community_assortativity,auc_abs_delta,0.00915907916331358
mu_0p175,0.175,0.175,193,33,lfr,node_removal,random,random,node,weighted_directed_community_assortativity,auc_abs_delta,0.0089840801555888
mu_0p175,0.175,0.175,194,34,lfr,node_removal,random,random,node,weighted_directed_community_assortativity,auc_abs_delta,0.01189077956151844
mu_0p175,0.175,0.175,195,35,lfr,node_removal,random,random,node,weighted_directed_community_assortativity,auc_abs_delta,0.01465709265498306
mu_0p175,0.175,0.175,196,36,lfr,node_removal,random,random,node,weighted_directed_community_assortativity,auc_abs_delta,0.01601160504339576
mu_0p175,0.175,0.175,197,37,lfr,node_removal,random,random,node,weighted_directed_community_assortativity,auc_abs_delta,0.00973204702151948
mu_0p175,0.175,0.175,198,38,lfr,node_removal,random,random,node,weighted_directed_community_assortativity,auc_abs_delta,0.01022949675251482
mu_0p175,0.175,0.175,199,39,lfr,node_removal,random,random,node,weighted_directed_community_assortativity,auc_abs_delta,0.01927822796600798
mu_0p225,0.225,0.225,200,0,lfr,node_removal,random,random,node,weighted_directed_community_assortativity,auc_abs_delta,0.012479503390560979
mu_0p225,0.225,0.225,201,1,lfr,node_removal,random,random,node,weighted_directed_community_assortativity,auc_abs_delta,0.013307690896408842
mu_0p225,0.225,0.225,202,2,lfr,node_removal,random,random,node,weighted_directed_community_assortativity,auc_abs_delta,0.0100995030788158
mu_0p225,0.225,0.225,203,3,lfr,node_removal,random,random,node,weighted_directed_community_assortativity,auc_abs_delta,0.013404821904902619
mu_0p225,0.225,0.225,204,4,lfr,node_removal,random,random,node,weighted_directed_community_assortativity,auc_abs_delta,0.01084147134051498
mu_0p225,0.225,0.225,205,5,lfr,node_removal,random,random,node,weighted_directed_community_assortativity,auc_abs_delta,0.017008752540285603
mu_0p225,0.225,0.225,206,6,lfr,node_removal,random,random,node,weighted_directed_community_assortativity,auc_abs_delta,0.01614443599852728
mu_0p225,0.225,0.225,207,7,lfr,node_removal,random,random,node,weighted_directed_community_assortativity,auc_abs_delta,0.01089857829361254
mu_0p225,0.225,0.225,208,8,lfr,node_removal,random,random,node,weighted_directed_community_assortativity,auc_abs_delta,0.01285375180434702
mu_0p225,0.225,0.225,209,9,lfr,node_removal,random,random,node,weighted_directed_community_assortativity,auc_abs_delta,0.00786224674184524
mu_0p225,0.225,0.225,210,10,lfr,node_removal,random,random,node,weighted_directed_community_assortativity,auc_abs_delta,0.01119166787777558
mu_0p225,0.225,0.225,211,11,lfr,node_removal,random,random,node,weighted_directed_community_assortativity,auc_abs_delta,0.01040525234764194
mu_0p225,0.225,0.225,212,12,lfr,node_removal,random,random,node,weighted_directed_community_assortativity,auc_abs_delta,0.01246901994992844
mu_0p225,0.225,0.225,213,13,lfr,node_removal,random,random,node,weighted_directed_community_assortativity,auc_abs_delta,0.00873350500236906
mu_0p225,0.225,0.225,214,14,lfr,node_removal,random,random,node,weighted_directed_community_assortativity,auc_abs_delta,0.01243175841355596
mu_0p225,0.225,0.225,215,15,lfr,node_removal,random,random,node,weighted_directed_community_assortativity,auc_abs_delta,0.013610617777859
mu_0p225,0.225,0.225,216,16,lfr,node_removal,random,random,node,weighted_directed_community_assortativity,auc_abs_delta,0.01563854719833502
mu_0p225,0.225,0.225,217,17,lfr,node_removal,random,random,node,weighted_directed_community_assortativity,auc_abs_delta,0.009558526167824979
mu_0p225,0.225,0.225,218,18,lfr,node_removal,random,random,node,weighted_directed_community_assortativity,auc_abs_delta,0.010506975846981199
mu_0p225,0.225,0.225,219,19,lfr,node_removal,random,random,node,weighted_directed_community_assortativity,auc_abs_delta,0.01297690071679054
mu_0p225,0.225,0.225,220,20,lfr,node_removal,random,random,node,weighted_directed_community_assortativity,auc_abs_delta,0.01107492586057704
mu_0p225,0.225,0.225,221,21,lfr,node_removal,random,random,node,weighted_directed_community_assortativity,auc_abs_delta,0.01265755459946212
mu_0p225,0.225,0.225,222,22,lfr,node_removal,random,random,node,weighted_directed_community_assortativity,auc_abs_delta,0.01475429690144046
mu_0p225,0.225,0.225,223,23,lfr,node_removal,random,random,node,weighted_directed_community_assortativity,auc_abs_delta,0.01157935176465554
mu_0p225,0.225,0.225,224,24,lfr,node_removal,random,random,node,weighted_directed_community_assortativity,auc_abs_delta,0.019607718616291757
mu_0p225,0.225,0.225,225,25,lfr,node_removal,random,random,node,weighted_directed_community_assortativity,auc_abs_delta,0.01151874945346942
mu_0p225,0.225,0.225,226,26,lfr,node_removal,random,random,node,weighted_directed_community_assortativity,auc_abs_delta,0.0143968066901866
mu_0p225,0.225,0.225,227,27,lfr,node_removal,random,random,node,weighted_directed_community_assortativity,auc_abs_delta,0.0135666667656263
mu_0p225,0.225,0.225,228,28,lfr,node_removal,random,random,node,weighted_directed_community_assortativity,auc_abs_delta,0.014619967630679201
mu_0p225,0.225,0.225,229,29,lfr,node_removal,random,random,node,weighted_directed_community_assortativity,auc_abs_delta,0.011358765749569061
mu_0p225,0.225,0.225,230,30,lfr,node_removal,random,random,node,weighted_directed_community_assortativity,auc_abs_delta,0.014490778016580119
mu_0p225,0.225,0.225,231,31,lfr,node_removal,random,random,node,weighted_directed_community_assortativity,auc_abs_delta,0.011808027155932802
mu_0p225,0.225,0.225,232,32,lfr,node_removal,random,random,node,weighted_directed_community_assortativity,auc_abs_delta,0.01266762634334112
mu_0p225,0.225,0.225,233,33,lfr,node_removal,random,random,node,weighted_directed_community_assortativity,auc_abs_delta,0.014185931801495081
mu_0p225,0.225,0.225,234,34,lfr,node_removal,random,random,node,weighted_directed_community_assortativity,auc_abs_delta,0.01011841360701666
mu_0p225,0.225,0.225,235,35,lfr,node_removal,random,random,node,weighted_directed_community_assortativity,auc_abs_delta,0.01233972817189618
mu_0p225,0.225,0.225,236,36,lfr,node_removal,random,random,node,weighted_directed_community_assortativity,auc_abs_delta,0.00789113735924498
mu_0p225,0.225,0.225,237,37,lfr,node_removal,random,random,node,weighted_directed_community_assortativity,auc_abs_delta,0.00723047036713116
mu_0p225,0.225,0.225,238,38,lfr,node_removal,random,random,node,weighted_directed_community_assortativity,auc_abs_delta,0.00945468121779484
mu_0p225,0.225,0.225,239,39,lfr,node_removal,random,random,node,weighted_directed_community_assortativity,auc_abs_delta,0.009625300992236
mu_0p300,0.3,0.3,240,0,lfr,node_removal,random,random,node,weighted_directed_community_assortativity,auc_abs_delta,0.00994527036209376
mu_0p300,0.3,0.3,241,1,lfr,node_removal,random,random,node,weighted_directed_community_assortativity,auc_abs_delta,0.01365107555201526
mu_0p300,0.3,0.3,242,2,lfr,node_removal,random,random,node,weighted_directed_community_assortativity,auc_abs_delta,0.01114386357390592
mu_0p300,0.3,0.3,243,3,lfr,node_removal,random,random,node,weighted_directed_community_assortativity,auc_abs_delta,0.00803602695506212
mu_0p300,0.3,0.3,244,4,lfr,node_removal,random,random,node,weighted_directed_community_assortativity,auc_abs_delta,0.01360797179249906
mu_0p300,0.3,0.3,245,5,lfr,node_removal,random,random,node,weighted_directed_community_assortativity,auc_abs_delta,0.02103855468991748
mu_0p300,0.3,0.3,246,6,lfr,node_removal,random,random,node,weighted_directed_community_assortativity,auc_abs_delta,0.01066066868035038
mu_0p300,0.3,0.3,247,7,lfr,node_removal,random,random,node,weighted_directed_community_assortativity,auc_abs_delta,0.01262031902090154
mu_0p300,0.3,0.3,248,8,lfr,node_removal,random,random,node,weighted_directed_community_assortativity,auc_abs_delta,0.019656576521119358
mu_0p300,0.3,0.3,249,9,lfr,node_removal,random,random,node,weighted_directed_community_assortativity,auc_abs_delta,0.01377510306549066
mu_0p300,0.3,0.3,250,10,lfr,node_removal,random,random,node,weighted_directed_community_assortativity,auc_abs_delta,0.01467021190361576
mu_0p300,0.3,0.3,251,11,lfr,node_removal,random,random,node,weighted_directed_community_assortativity,auc_abs_delta,0.01305716403490256
mu_0p300,0.3,0.3,252,12,lfr,node_removal,random,random,node,weighted_directed_community_assortativity,auc_abs_delta,0.007977428109762
mu_0p300,0.3,0.3,253,13,lfr,node_removal,random,random,node,weighted_directed_community_assortativity,auc_abs_delta,0.00806442400393488
mu_0p300,0.3,0.3,254,14,lfr,node_removal,random,random,node,weighted_directed_community_assortativity,auc_abs_delta,0.0125375225467705
mu_0p300,0.3,0.3,255,15,lfr,node_removal,random,random,node,weighted_directed_community_assortativity,auc_abs_delta,0.014772111004085662
mu_0p300,0.3,0.3,256,16,lfr,node_removal,random,random,node,weighted_directed_community_assortativity,auc_abs_delta,0.00948192851921224
mu_0p300,0.3,0.3,257,17,lfr,node_removal,random,random,node,weighted_directed_community_assortativity,auc_abs_delta,0.01154232572844374
mu_0p300,0.3,0.3,258,18,lfr,node_removal,random,random,node,weighted_directed_community_assortativity,auc_abs_delta,0.008541558277626041
mu_0p300,0.3,0.3,259,19,lfr,node_removal,random,random,node,weighted_directed_community_assortativity,auc_abs_delta,0.012528729756775981
mu_0p300,0.3,0.3,260,20,lfr,node_removal,random,random,node,weighted_directed_community_assortativity,auc_abs_delta,0.01399001651812234
mu_0p300,0.3,0.3,261,21,lfr,node_removal,random,random,node,weighted_directed_community_assortativity,auc_abs_delta,0.0112682592446958
mu_0p300,0.3,0.3,262,22,lfr,node_removal,random,random,node,weighted_directed_community_assortativity,auc_abs_delta,0.011529329905151538
mu_0p300,0.3,0.3,263,23,lfr,node_removal,random,random,node,weighted_directed_community_assortativity,auc_abs_delta,0.01408487127361018
mu_0p300,0.3,0.3,264,24,lfr,node_removal,random,random,node,weighted_directed_community_assortativity,auc_abs_delta,0.013040844405455979
mu_0p300,0.3,0.3,265,25,lfr,node_removal,random,random,node,weighted_directed_community_assortativity,auc_abs_delta,0.01213063444763782
mu_0p300,0.3,0.3,266,26,lfr,node_removal,random,random,node,weighted_directed_community_assortativity,auc_abs_delta,0.020009032737964238
mu_0p300,0.3,0.3,267,27,lfr,node_removal,random,random,node,weighted_directed_community_assortativity,auc_abs_delta,0.013315503768393641
mu_0p300,0.3,0.3,268,28,lfr,node_removal,random,random,node,weighted_directed_community_assortativity,auc_abs_delta,0.01520854482144944
mu_0p300,0.3,0.3,269,29,lfr,node_removal,random,random,node,weighted_directed_community_assortativity,auc_abs_delta,0.01132340519519932
mu_0p300,0.3,0.3,270,30,lfr,node_removal,random,random,node,weighted_directed_community_assortativity,auc_abs_delta,0.00806657250650442
mu_0p300,0.3,0.3,271,31,lfr,node_removal,random,random,node,weighted_directed_community_assortativity,auc_abs_delta,0.01137087208398066
mu_0p300,0.3,0.3,272,32,lfr,node_removal,random,random,node,weighted_directed_community_assortativity,auc_abs_delta,0.02194675432643178
mu_0p300,0.3,0.3,273,33,lfr,node_removal,random,random,node,weighted_directed_community_assortativity,auc_abs_delta,0.00960773446479536
mu_0p300,0.3,0.3,274,34,lfr,node_removal,random,random,node,weighted_directed_community_assortativity,auc_abs_delta,0.014722724159470218
mu_0p300,0.3,0.3,275,35,lfr,node_removal,random,random,node,weighted_directed_community_assortativity,auc_abs_delta,0.007921780515809839
mu_0p300,0.3,0.3,276,36,lfr,node_removal,random,random,node,weighted_directed_community_assortativity,auc_abs_delta,0.01723775425828196
mu_0p300,0.3,0.3,277,37,lfr,node_removal,random,random,node,weighted_directed_community_assortativity,auc_abs_delta,0.014009412784942322
mu_0p300,0.3,0.3,278,38,lfr,node_removal,random,random,node,weighted_directed_community_assortativity,auc_abs_delta,0.008199784384044239
mu_0p300,0.3,0.3,279,39,lfr,node_removal,random,random,node,weighted_directed_community_assortativity,auc_abs_delta,0.021714100741851722
mu_0p075,0.075,0.075,0,0,lfr,node_removal,weighted_slack,weighted_slack,node,weighted_directed_community_assortativity,auc_abs_delta,0.0181910942817942
mu_0p075,0.075,0.075,1,1,lfr,node_removal,weighted_slack,weighted_slack,node,weighted_directed_community_assortativity,auc_abs_delta,0.0313834801595437
mu_0p075,0.075,0.075,2,2,lfr,node_removal,weighted_slack,weighted_slack,node,weighted_directed_community_assortativity,auc_abs_delta,0.0516464451260362
mu_0p075,0.075,0.075,3,3,lfr,node_removal,weighted_slack,weighted_slack,node,weighted_directed_community_assortativity,auc_abs_delta,0.0209355036436885
mu_0p075,0.075,0.075,4,4,lfr,node_removal,weighted_slack,weighted_slack,node,weighted_directed_community_assortativity,auc_abs_delta,0.0302074797359743
mu_0p075,0.075,0.075,5,5,lfr,node_removal,weighted_slack,weighted_slack,node,weighted_directed_community_assortativity,auc_abs_delta,0.0316087732746816
mu_0p075,0.075,0.075,6,6,lfr,node_removal,weighted_slack,weighted_slack,node,weighted_directed_community_assortativity,auc_abs_delta,0.0290647081314846
mu_0p075,0.075,0.075,7,7,lfr,node_removal,weighted_slack,weighted_slack,node,weighted_directed_community_assortativity,auc_abs_delta,0.0157328457597017
mu_0p075,0.075,0.075,8,8,lfr,node_removal,weighted_slack,weighted_slack,node,weighted_directed_community_assortativity,auc_abs_delta,0.0141875730544144
mu_0p075,0.075,0.075,9,9,lfr,node_removal,weighted_slack,weighted_slack,node,weighted_directed_community_assortativity,auc_abs_delta,0.0345716348787904
mu_0p075,0.075,0.075,10,10,lfr,node_removal,weighted_slack,weighted_slack,node,weighted_directed_community_assortativity,auc_abs_delta,0.0434520390469252
mu_0p075,0.075,0.075,11,11,lfr,node_removal,weighted_slack,weighted_slack,node,weighted_directed_community_assortativity,auc_abs_delta,0.0263550857882898
mu_0p075,0.075,0.075,12,12,lfr,node_removal,weighted_slack,weighted_slack,node,weighted_directed_community_assortativity,auc_abs_delta,0.0324146895444788
mu_0p075,0.075,0.075,13,13,lfr,node_removal,weighted_slack,weighted_slack,node,weighted_directed_community_assortativity,auc_abs_delta,0.0071656646458471
mu_0p075,0.075,0.075,14,14,lfr,node_removal,weighted_slack,weighted_slack,node,weighted_directed_community_assortativity,auc_abs_delta,0.0126050990279966
mu_0p075,0.075,0.075,15,15,lfr,node_removal,weighted_slack,weighted_slack,node,weighted_directed_community_assortativity,auc_abs_delta,0.020747240056315
mu_0p075,0.075,0.075,16,16,lfr,node_removal,weighted_slack,weighted_slack,node,weighted_directed_community_assortativity,auc_abs_delta,0.0141766792829451
mu_0p075,0.075,0.075,17,17,lfr,node_removal,weighted_slack,weighted_slack,node,weighted_directed_community_assortativity,auc_abs_delta,0.0168993433516657
mu_0p075,0.075,0.075,18,18,lfr,node_removal,weighted_slack,weighted_slack,node,weighted_directed_community_assortativity,auc_abs_delta,0.040683614141898
mu_0p075,0.075,0.075,19,19,lfr,node_removal,weighted_slack,weighted_slack,node,weighted_directed_community_assortativity,auc_abs_delta,0.0221447803878995
mu_0p075,0.075,0.075,20,20,lfr,node_removal,weighted_slack,weighted_slack,node,weighted_directed_community_assortativity,auc_abs_delta,0.0238686551693991
mu_0p075,0.075,0.075,21,21,lfr,node_removal,weighted_slack,weighted_slack,node,weighted_directed_community_assortativity,auc_abs_delta,0.039078438791939
mu_0p075,0.075,0.075,22,22,lfr,node_removal,weighted_slack,weighted_slack,node,weighted_directed_community_assortativity,auc_abs_delta,0.034805755499011
mu_0p075,0.075,0.075,23,23,lfr,node_removal,weighted_slack,weighted_slack,node,weighted_directed_community_assortativity,auc_abs_delta,0.0441278248996433
mu_0p075,0.075,0.075,24,24,lfr,node_removal,weighted_slack,weighted_slack,node,weighted_directed_community_assortativity,auc_abs_delta,0.0305700957999226
mu_0p075,0.075,0.075,25,25,lfr,node_removal,weighted_slack,weighted_slack,node,weighted_directed_community_assortativity,auc_abs_delta,0.0438036853911218
mu_0p075,0.075,0.075,26,26,lfr,node_removal,weighted_slack,weighted_slack,node,weighted_directed_community_assortativity,auc_abs_delta,0.0277220445410788
mu_0p075,0.075,0.075,27,27,lfr,node_removal,weighted_slack,weighted_slack,node,weighted_directed_community_assortativity,auc_abs_delta,0.0315112022810688
mu_0p075,0.075,0.075,28,28,lfr,node_removal,weighted_slack,weighted_slack,node,weighted_directed_community_assortativity,auc_abs_delta,0.0502837574040068
mu_0p075,0.075,0.075,29,29,lfr,node_removal,weighted_slack,weighted_slack,node,weighted_directed_community_assortativity,auc_abs_delta,0.0249589466597214
mu_0p075,0.075,0.075,30,30,lfr,node_removal,weighted_slack,weighted_slack,node,weighted_directed_community_assortativity,auc_abs_delta,0.0294585281378326
mu_0p075,0.075,0.075,31,31,lfr,node_removal,weighted_slack,weighted_slack,node,weighted_directed_community_assortativity,auc_abs_delta,0.0429744546115893
mu_0p075,0.075,0.075,32,32,lfr,node_removal,weighted_slack,weighted_slack,node,weighted_directed_community_assortativity,auc_abs_delta,0.0390378409484715
mu_0p075,0.075,0.075,33,33,lfr,node_removal,weighted_slack,weighted_slack,node,weighted_directed_community_assortativity,auc_abs_delta,0.025135256851163
mu_0p075,0.075,0.075,34,34,lfr,node_removal,weighted_slack,weighted_slack,node,weighted_directed_community_assortativity,auc_abs_delta,0.0379202741031894
mu_0p075,0.075,0.075,35,35,lfr,node_removal,weighted_slack,weighted_slack,node,weighted_directed_community_assortativity,auc_abs_delta,0.008628771413844
mu_0p075,0.075,0.075,36,36,lfr,node_removal,weighted_slack,weighted_slack,node,weighted_directed_community_assortativity,auc_abs_delta,0.0376835289202829
mu_0p075,0.075,0.075,37,37,lfr,node_removal,weighted_slack,weighted_slack,node,weighted_directed_community_assortativity,auc_abs_delta,0.0221839266612063
mu_0p075,0.075,0.075,38,38,lfr,node_removal,weighted_slack,weighted_slack,node,weighted_directed_community_assortativity,auc_abs_delta,0.0308872318578252
mu_0p075,0.075,0.075,39,39,lfr,node_removal,weighted_slack,weighted_slack,node,weighted_directed_community_assortativity,auc_abs_delta,0.0332902197475658
mu_0p100,0.1,0.1,40,0,lfr,node_removal,weighted_slack,weighted_slack,node,weighted_directed_community_assortativity,auc_abs_delta,0.0333028212902712
mu_0p100,0.1,0.1,41,1,lfr,node_removal,weighted_slack,weighted_slack,node,weighted_directed_community_assortativity,auc_abs_delta,0.0195972258848059
mu_0p100,0.1,0.1,42,2,lfr,node_removal,weighted_slack,weighted_slack,node,weighted_directed_community_assortativity,auc_abs_delta,0.019104174105298
mu_0p100,0.1,0.1,43,3,lfr,node_removal,weighted_slack,weighted_slack,node,weighted_directed_community_assortativity,auc_abs_delta,0.0385224255115897
mu_0p100,0.1,0.1,44,4,lfr,node_removal,weighted_slack,weighted_slack,node,weighted_directed_community_assortativity,auc_abs_delta,0.0401263497324756
mu_0p100,0.1,0.1,45,5,lfr,node_removal,weighted_slack,weighted_slack,node,weighted_directed_community_assortativity,auc_abs_delta,0.0387751674993333
mu_0p100,0.1,0.1,46,6,lfr,node_removal,weighted_slack,weighted_slack,node,weighted_directed_community_assortativity,auc_abs_delta,0.0353142671662083
mu_0p100,0.1,0.1,47,7,lfr,node_removal,weighted_slack,weighted_slack,node,weighted_directed_community_assortativity,auc_abs_delta,0.0489823975753756
mu_0p100,0.1,0.1,48,8,lfr,node_removal,weighted_slack,weighted_slack,node,weighted_directed_community_assortativity,auc_abs_delta,0.0355695354579477
mu_0p100,0.1,0.1,49,9,lfr,node_removal,weighted_slack,weighted_slack,node,weighted_directed_community_assortativity,auc_abs_delta,0.0845977479024743
mu_0p100,0.1,0.1,50,10,lfr,node_removal,weighted_slack,weighted_slack,node,weighted_directed_community_assortativity,auc_abs_delta,0.0288463571390281
mu_0p100,0.1,0.1,51,11,lfr,node_removal,weighted_slack,weighted_slack,node,weighted_directed_community_assortativity,auc_abs_delta,0.0068351205412502
mu_0p100,0.1,0.1,52,12,lfr,node_removal,weighted_slack,weighted_slack,node,weighted_directed_community_assortativity,auc_abs_delta,0.069735861778801
mu_0p100,0.1,0.1,53,13,lfr,node_removal,weighted_slack,weighted_slack,node,weighted_directed_community_assortativity,auc_abs_delta,0.0228092247349215
mu_0p100,0.1,0.1,54,14,lfr,node_removal,weighted_slack,weighted_slack,node,weighted_directed_community_assortativity,auc_abs_delta,0.0262304779703539
mu_0p100,0.1,0.1,55,15,lfr,node_removal,weighted_slack,weighted_slack,node,weighted_directed_community_assortativity,auc_abs_delta,0.0167889499279047
mu_0p100,0.1,0.1,56,16,lfr,node_removal,weighted_slack,weighted_slack,node,weighted_directed_community_assortativity,auc_abs_delta,0.0466498364250234
mu_0p100,0.1,0.1,57,17,lfr,node_removal,weighted_slack,weighted_slack,node,weighted_directed_community_assortativity,auc_abs_delta,0.0394891030763891
mu_0p100,0.1,0.1,58,18,lfr,node_removal,weighted_slack,weighted_slack,node,weighted_directed_community_assortativity,auc_abs_delta,0.0811985509558273
mu_0p100,0.1,0.1,59,19,lfr,node_removal,weighted_slack,weighted_slack,node,weighted_directed_community_assortativity,auc_abs_delta,0.0201621825661825
mu_0p100,0.1,0.1,60,20,lfr,node_removal,weighted_slack,weighted_slack,node,weighted_directed_community_assortativity,auc_abs_delta,0.0261205661520261
mu_0p100,0.1,0.1,61,21,lfr,node_removal,weighted_slack,weighted_slack,node,weighted_directed_community_assortativity,auc_abs_delta,0.0407585721427762
mu_0p100,0.1,0.1,62,22,lfr,node_removal,weighted_slack,weighted_slack,node,weighted_directed_community_assortativity,auc_abs_delta,0.0412293776641628
mu_0p100,0.1,0.1,63,23,lfr,node_removal,weighted_slack,weighted_slack,node,weighted_directed_community_assortativity,auc_abs_delta,0.0204961934704563
mu_0p100,0.1,0.1,64,24,lfr,node_removal,weighted_slack,weighted_slack,node,weighted_directed_community_assortativity,auc_abs_delta,0.0178790692426732
mu_0p100,0.1,0.1,65,25,lfr,node_removal,weighted_slack,weighted_slack,node,weighted_directed_community_assortativity,auc_abs_delta,0.029663868647777
mu_0p100,0.1,0.1,66,26,lfr,node_removal,weighted_slack,weighted_slack,node,weighted_directed_community_assortativity,auc_abs_delta,0.0619008720387913
mu_0p100,0.1,0.1,67,27,lfr,node_removal,weighted_slack,weighted_slack,node,weighted_directed_community_assortativity,auc_abs_delta,0.0186248627438841
mu_0p100,0.1,0.1,68,28,lfr,node_removal,weighted_slack,weighted_slack,node,weighted_directed_community_assortativity,auc_abs_delta,0.0518516217042616
mu_0p100,0.1,0.1,69,29,lfr,node_removal,weighted_slack,weighted_slack,node,weighted_directed_community_assortativity,auc_abs_delta,0.0099057115931753
mu_0p100,0.1,0.1,70,30,lfr,node_removal,weighted_slack,weighted_slack,node,weighted_directed_community_assortativity,auc_abs_delta,0.0322429615921688
mu_0p100,0.1,0.1,71,31,lfr,node_removal,weighted_slack,weighted_slack,node,weighted_directed_community_assortativity,auc_abs_delta,0.0296179359836112
mu_0p100,0.1,0.1,72,32,lfr,node_removal,weighted_slack,weighted_slack,node,weighted_directed_community_assortativity,auc_abs_delta,0.0241640292535921
mu_0p100,0.1,0.1,73,33,lfr,node_removal,weighted_slack,weighted_slack,node,weighted_directed_community_assortativity,auc_abs_delta,0.0322586340380946
mu_0p100,0.1,0.1,74,34,lfr,node_removal,weighted_slack,weighted_slack,node,weighted_directed_community_assortativity,auc_abs_delta,0.0442899609266072
mu_0p100,0.1,0.1,75,35,lfr,node_removal,weighted_slack,weighted_slack,node,weighted_directed_community_assortativity,auc_abs_delta,0.0298151447057509
mu_0p100,0.1,0.1,76,36,lfr,node_removal,weighted_slack,weighted_slack,node,weighted_directed_community_assortativity,auc_abs_delta,0.0278478033114534
mu_0p100,0.1,0.1,77,37,lfr,node_removal,weighted_slack,weighted_slack,node,weighted_directed_community_assortativity,auc_abs_delta,0.0608160751055514
mu_0p100,0.1,0.1,78,38,lfr,node_removal,weighted_slack,weighted_slack,node,weighted_directed_community_assortativity,auc_abs_delta,0.0369405019005073
mu_0p100,0.1,0.1,79,39,lfr,node_removal,weighted_slack,weighted_slack,node,weighted_directed_community_assortativity,auc_abs_delta,0.0483230551166946
mu_0p125,0.125,0.125,80,0,lfr,node_removal,weighted_slack,weighted_slack,node,weighted_directed_community_assortativity,auc_abs_delta,0.0245205672744882
mu_0p125,0.125,0.125,81,1,lfr,node_removal,weighted_slack,weighted_slack,node,weighted_directed_community_assortativity,auc_abs_delta,0.0550804472857029
mu_0p125,0.125,0.125,82,2,lfr,node_removal,weighted_slack,weighted_slack,node,weighted_directed_community_assortativity,auc_abs_delta,0.0328823095376713
mu_0p125,0.125,0.125,83,3,lfr,node_removal,weighted_slack,weighted_slack,node,weighted_directed_community_assortativity,auc_abs_delta,0.0264918856511534
mu_0p125,0.125,0.125,84,4,lfr,node_removal,weighted_slack,weighted_slack,node,weighted_directed_community_assortativity,auc_abs_delta,0.0745015324974981
mu_0p125,0.125,0.125,85,5,lfr,node_removal,weighted_slack,weighted_slack,node,weighted_directed_community_assortativity,auc_abs_delta,0.0258547514029308
mu_0p125,0.125,0.125,86,6,lfr,node_removal,weighted_slack,weighted_slack,node,weighted_directed_community_assortativity,auc_abs_delta,0.0297429747714007
mu_0p125,0.125,0.125,87,7,lfr,node_removal,weighted_slack,weighted_slack,node,weighted_directed_community_assortativity,auc_abs_delta,0.0517625744707635
mu_0p125,0.125,0.125,88,8,lfr,node_removal,weighted_slack,weighted_slack,node,weighted_directed_community_assortativity,auc_abs_delta,0.0486305680199775
mu_0p125,0.125,0.125,89,9,lfr,node_removal,weighted_slack,weighted_slack,node,weighted_directed_community_assortativity,auc_abs_delta,0.021938531869997
mu_0p125,0.125,0.125,90,10,lfr,node_removal,weighted_slack,weighted_slack,node,weighted_directed_community_assortativity,auc_abs_delta,0.0558485871946113
mu_0p125,0.125,0.125,91,11,lfr,node_removal,weighted_slack,weighted_slack,node,weighted_directed_community_assortativity,auc_abs_delta,0.024125591707284
mu_0p125,0.125,0.125,92,12,lfr,node_removal,weighted_slack,weighted_slack,node,weighted_directed_community_assortativity,auc_abs_delta,0.0529812768220471
mu_0p125,0.125,0.125,93,13,lfr,node_removal,weighted_slack,weighted_slack,node,weighted_directed_community_assortativity,auc_abs_delta,0.0260952685995786
mu_0p125,0.125,0.125,94,14,lfr,node_removal,weighted_slack,weighted_slack,node,weighted_directed_community_assortativity,auc_abs_delta,0.0272424326280177
mu_0p125,0.125,0.125,95,15,lfr,node_removal,weighted_slack,weighted_slack,node,weighted_directed_community_assortativity,auc_abs_delta,0.0388657477378676
mu_0p125,0.125,0.125,96,16,lfr,node_removal,weighted_slack,weighted_slack,node,weighted_directed_community_assortativity,auc_abs_delta,0.0309489123097731
mu_0p125,0.125,0.125,97,17,lfr,node_removal,weighted_slack,weighted_slack,node,weighted_directed_community_assortativity,auc_abs_delta,0.0383226576864804
mu_0p125,0.125,0.125,98,18,lfr,node_removal,weighted_slack,weighted_slack,node,weighted_directed_community_assortativity,auc_abs_delta,0.0237635621697218
mu_0p125,0.125,0.125,99,19,lfr,node_removal,weighted_slack,weighted_slack,node,weighted_directed_community_assortativity,auc_abs_delta,0.0444623039916305
mu_0p125,0.125,0.125,100,20,lfr,node_removal,weighted_slack,weighted_slack,node,weighted_directed_community_assortativity,auc_abs_delta,0.036607055832037
mu_0p125,0.125,0.125,101,21,lfr,node_removal,weighted_slack,weighted_slack,node,weighted_directed_community_assortativity,auc_abs_delta,0.018415249547759
mu_0p125,0.125,0.125,102,22,lfr,node_removal,weighted_slack,weighted_slack,node,weighted_directed_community_assortativity,auc_abs_delta,0.0394322433770714
mu_0p125,0.125,0.125,103,23,lfr,node_removal,weighted_slack,weighted_slack,node,weighted_directed_community_assortativity,auc_abs_delta,0.1049661474355
mu_0p125,0.125,0.125,104,24,lfr,node_removal,weighted_slack,weighted_slack,node,weighted_directed_community_assortativity,auc_abs_delta,0.0186908673241503
mu_0p125,0.125,0.125,105,25,lfr,node_removal,weighted_slack,weighted_slack,node,weighted_directed_community_assortativity,auc_abs_delta,0.0449287841252245
mu_0p125,0.125,0.125,106,26,lfr,node_removal,weighted_slack,weighted_slack,node,weighted_directed_community_assortativity,auc_abs_delta,0.0649626584346171
mu_0p125,0.125,0.125,107,27,lfr,node_removal,weighted_slack,weighted_slack,node,weighted_directed_community_assortativity,auc_abs_delta,0.0556049675809836
mu_0p125,0.125,0.125,108,28,lfr,node_removal,weighted_slack,weighted_slack,node,weighted_directed_community_assortativity,auc_abs_delta,0.0346472058932296
mu_0p125,0.125,0.125,109,29,lfr,node_removal,weighted_slack,weighted_slack,node,weighted_directed_community_assortativity,auc_abs_delta,0.0132436756799318
mu_0p125,0.125,0.125,110,30,lfr,node_removal,weighted_slack,weighted_slack,node,weighted_directed_community_assortativity,auc_abs_delta,0.0321650320164107
mu_0p125,0.125,0.125,111,31,lfr,node_removal,weighted_slack,weighted_slack,node,weighted_directed_community_assortativity,auc_abs_delta,0.0878956913548004
mu_0p125,0.125,0.125,112,32,lfr,node_removal,weighted_slack,weighted_slack,node,weighted_directed_community_assortativity,auc_abs_delta,0.0207480246400603
mu_0p125,0.125,0.125,113,33,lfr,node_removal,weighted_slack,weighted_slack,node,weighted_directed_community_assortativity,auc_abs_delta,0.0634458715927062
mu_0p125,0.125,0.125,114,34,lfr,node_removal,weighted_slack,weighted_slack,node,weighted_directed_community_assortativity,auc_abs_delta,0.0153933132434978
mu_0p125,0.125,0.125,115,35,lfr,node_removal,weighted_slack,weighted_slack,node,weighted_directed_community_assortativity,auc_abs_delta,0.0188650889134298
mu_0p125,0.125,0.125,116,36,lfr,node_removal,weighted_slack,weighted_slack,node,weighted_directed_community_assortativity,auc_abs_delta,0.0388597833368446
mu_0p125,0.125,0.125,117,37,lfr,node_removal,weighted_slack,weighted_slack,node,weighted_directed_community_assortativity,auc_abs_delta,0.016060496030246
mu_0p125,0.125,0.125,118,38,lfr,node_removal,weighted_slack,weighted_slack,node,weighted_directed_community_assortativity,auc_abs_delta,0.0219755551169646
mu_0p125,0.125,0.125,119,39,lfr,node_removal,weighted_slack,weighted_slack,node,weighted_directed_community_assortativity,auc_abs_delta,0.0546179434928172
mu_0p150,0.15,0.15,120,0,lfr,node_removal,weighted_slack,weighted_slack,node,weighted_directed_community_assortativity,auc_abs_delta,0.0142395719194726
mu_0p150,0.15,0.15,121,1,lfr,node_removal,weighted_slack,weighted_slack,node,weighted_directed_community_assortativity,auc_abs_delta,0.0351796471054148
mu_0p150,0.15,0.15,122,2,lfr,node_removal,weighted_slack,weighted_slack,node,weighted_directed_community_assortativity,auc_abs_delta,0.0437848366198227
mu_0p150,0.15,0.15,123,3,lfr,node_removal,weighted_slack,weighted_slack,node,weighted_directed_community_assortativity,auc_abs_delta,0.0258549119004818
mu_0p150,0.15,0.15,124,4,lfr,node_removal,weighted_slack,weighted_slack,node,weighted_directed_community_assortativity,auc_abs_delta,0.0240843663412371
mu_0p150,0.15,0.15,125,5,lfr,node_removal,weighted_slack,weighted_slack,node,weighted_directed_community_assortativity,auc_abs_delta,0.0398933422764052
mu_0p150,0.15,0.15,126,6,lfr,node_removal,weighted_slack,weighted_slack,node,weighted_directed_community_assortativity,auc_abs_delta,0.0597227384387127
mu_0p150,0.15,0.15,127,7,lfr,node_removal,weighted_slack,weighted_slack,node,weighted_directed_community_assortativity,auc_abs_delta,0.0303688626995871
mu_0p150,0.15,0.15,128,8,lfr,node_removal,weighted_slack,weighted_slack,node,weighted_directed_community_assortativity,auc_abs_delta,0.0406906418950423
mu_0p150,0.15,0.15,129,9,lfr,node_removal,weighted_slack,weighted_slack,node,weighted_directed_community_assortativity,auc_abs_delta,0.0921086096183219
mu_0p150,0.15,0.15,130,10,lfr,node_removal,weighted_slack,weighted_slack,node,weighted_directed_community_assortativity,auc_abs_delta,0.0115393797973137
mu_0p150,0.15,0.15,131,11,lfr,node_removal,weighted_slack,weighted_slack,node,weighted_directed_community_assortativity,auc_abs_delta,0.0389606880240513
mu_0p150,0.15,0.15,132,12,lfr,node_removal,weighted_slack,weighted_slack,node,weighted_directed_community_assortativity,auc_abs_delta,0.0451042171905506
mu_0p150,0.15,0.15,133,13,lfr,node_removal,weighted_slack,weighted_slack,node,weighted_directed_community_assortativity,auc_abs_delta,0.0437395977315229
mu_0p150,0.15,0.15,134,14,lfr,node_removal,weighted_slack,weighted_slack,node,weighted_directed_community_assortativity,auc_abs_delta,0.0188397403397383
mu_0p150,0.15,0.15,135,15,lfr,node_removal,weighted_slack,weighted_slack,node,weighted_directed_community_assortativity,auc_abs_delta,0.05401457767227
mu_0p150,0.15,0.15,136,16,lfr,node_removal,weighted_slack,weighted_slack,node,weighted_directed_community_assortativity,auc_abs_delta,0.0342923396448068
mu_0p150,0.15,0.15,137,17,lfr,node_removal,weighted_slack,weighted_slack,node,weighted_directed_community_assortativity,auc_abs_delta,0.0320229478613066
mu_0p150,0.15,0.15,138,18,lfr,node_removal,weighted_slack,weighted_slack,node,weighted_directed_community_assortativity,auc_abs_delta,0.0278885610131767
mu_0p150,0.15,0.15,139,19,lfr,node_removal,weighted_slack,weighted_slack,node,weighted_directed_community_assortativity,auc_abs_delta,0.0194854845337688
mu_0p150,0.15,0.15,140,20,lfr,node_removal,weighted_slack,weighted_slack,node,weighted_directed_community_assortativity,auc_abs_delta,0.0586262803051858
mu_0p150,0.15,0.15,141,21,lfr,node_removal,weighted_slack,weighted_slack,node,weighted_directed_community_assortativity,auc_abs_delta,0.0546126905859049
mu_0p150,0.15,0.15,142,22,lfr,node_removal,weighted_slack,weighted_slack,node,weighted_directed_community_assortativity,auc_abs_delta,0.0266376763554026
mu_0p150,0.15,0.15,143,23,lfr,node_removal,weighted_slack,weighted_slack,node,weighted_directed_community_assortativity,auc_abs_delta,0.0361785598686568
mu_0p150,0.15,0.15,144,24,lfr,node_removal,weighted_slack,weighted_slack,node,weighted_directed_community_assortativity,auc_abs_delta,0.0177114618121364
mu_0p150,0.15,0.15,145,25,lfr,node_removal,weighted_slack,weighted_slack,node,weighted_directed_community_assortativity,auc_abs_delta,0.0290815230930375
mu_0p150,0.15,0.15,146,26,lfr,node_removal,weighted_slack,weighted_slack,node,weighted_directed_community_assortativity,auc_abs_delta,0.0346506095516101
mu_0p150,0.15,0.15,147,27,lfr,node_removal,weighted_slack,weighted_slack,node,weighted_directed_community_assortativity,auc_abs_delta,0.025776911323905
mu_0p150,0.15,0.15,148,28,lfr,node_removal,weighted_slack,weighted_slack,node,weighted_directed_community_assortativity,auc_abs_delta,0.0465901019677793
mu_0p150,0.15,0.15,149,29,lfr,node_removal,weighted_slack,weighted_slack,node,weighted_directed_community_assortativity,auc_abs_delta,0.0094164907456549
mu_0p150,0.15,0.15,150,30,lfr,node_removal,weighted_slack,weighted_slack,node,weighted_directed_community_assortativity,auc_abs_delta,0.0916666503178175
mu_0p150,0.15,0.15,151,31,lfr,node_removal,weighted_slack,weighted_slack,node,weighted_directed_community_assortativity,auc_abs_delta,0.0354337301073725
mu_0p150,0.15,0.15,152,32,lfr,node_removal,weighted_slack,weighted_slack,node,weighted_directed_community_assortativity,auc_abs_delta,0.0212025949566123
mu_0p150,0.15,0.15,153,33,lfr,node_removal,weighted_slack,weighted_slack,node,weighted_directed_community_assortativity,auc_abs_delta,0.0717937008606515
mu_0p150,0.15,0.15,154,34,lfr,node_removal,weighted_slack,weighted_slack,node,weighted_directed_community_assortativity,auc_abs_delta,0.0334828836020328
mu_0p150,0.15,0.15,155,35,lfr,node_removal,weighted_slack,weighted_slack,node,weighted_directed_community_assortativity,auc_abs_delta,0.0186545144089691
mu_0p150,0.15,0.15,156,36,lfr,node_removal,weighted_slack,weighted_slack,node,weighted_directed_community_assortativity,auc_abs_delta,0.0204788130479329
mu_0p150,0.15,0.15,157,37,lfr,node_removal,weighted_slack,weighted_slack,node,weighted_directed_community_assortativity,auc_abs_delta,0.0314447572324035
mu_0p150,0.15,0.15,158,38,lfr,node_removal,weighted_slack,weighted_slack,node,weighted_directed_community_assortativity,auc_abs_delta,0.0358967965765968
mu_0p150,0.15,0.15,159,39,lfr,node_removal,weighted_slack,weighted_slack,node,weighted_directed_community_assortativity,auc_abs_delta,0.0417728325587601
mu_0p175,0.175,0.175,160,0,lfr,node_removal,weighted_slack,weighted_slack,node,weighted_directed_community_assortativity,auc_abs_delta,0.0363053842722583
mu_0p175,0.175,0.175,161,1,lfr,node_removal,weighted_slack,weighted_slack,node,weighted_directed_community_assortativity,auc_abs_delta,0.0218486159432871
mu_0p175,0.175,0.175,162,2,lfr,node_removal,weighted_slack,weighted_slack,node,weighted_directed_community_assortativity,auc_abs_delta,0.0093537723719849
mu_0p175,0.175,0.175,163,3,lfr,node_removal,weighted_slack,weighted_slack,node,weighted_directed_community_assortativity,auc_abs_delta,0.0163234887920311
mu_0p175,0.175,0.175,164,4,lfr,node_removal,weighted_slack,weighted_slack,node,weighted_directed_community_assortativity,auc_abs_delta,0.0498428502659096
mu_0p175,0.175,0.175,165,5,lfr,node_removal,weighted_slack,weighted_slack,node,weighted_directed_community_assortativity,auc_abs_delta,0.0337116856895066
mu_0p175,0.175,0.175,166,6,lfr,node_removal,weighted_slack,weighted_slack,node,weighted_directed_community_assortativity,auc_abs_delta,0.01691468976716
mu_0p175,0.175,0.175,167,7,lfr,node_removal,weighted_slack,weighted_slack,node,weighted_directed_community_assortativity,auc_abs_delta,0.023978785845778
mu_0p175,0.175,0.175,168,8,lfr,node_removal,weighted_slack,weighted_slack,node,weighted_directed_community_assortativity,auc_abs_delta,0.0363844754986252
mu_0p175,0.175,0.175,169,9,lfr,node_removal,weighted_slack,weighted_slack,node,weighted_directed_community_assortativity,auc_abs_delta,0.0441524095374823
mu_0p175,0.175,0.175,170,10,lfr,node_removal,weighted_slack,weighted_slack,node,weighted_directed_community_assortativity,auc_abs_delta,0.1168171371373753
mu_0p175,0.175,0.175,171,11,lfr,node_removal,weighted_slack,weighted_slack,node,weighted_directed_community_assortativity,auc_abs_delta,0.0144476353857627
mu_0p175,0.175,0.175,172,12,lfr,node_removal,weighted_slack,weighted_slack,node,weighted_directed_community_assortativity,auc_abs_delta,0.0245810631069601
mu_0p175,0.175,0.175,173,13,lfr,node_removal,weighted_slack,weighted_slack,node,weighted_directed_community_assortativity,auc_abs_delta,0.0712688491646742
mu_0p175,0.175,0.175,174,14,lfr,node_removal,weighted_slack,weighted_slack,node,weighted_directed_community_assortativity,auc_abs_delta,0.0376082837698369
mu_0p175,0.175,0.175,175,15,lfr,node_removal,weighted_slack,weighted_slack,node,weighted_directed_community_assortativity,auc_abs_delta,0.0157547592666849
mu_0p175,0.175,0.175,176,16,lfr,node_removal,weighted_slack,weighted_slack,node,weighted_directed_community_assortativity,auc_abs_delta,0.0344434572613835
mu_0p175,0.175,0.175,177,17,lfr,node_removal,weighted_slack,weighted_slack,node,weighted_directed_community_assortativity,auc_abs_delta,0.0389126817915685
mu_0p175,0.175,0.175,178,18,lfr,node_removal,weighted_slack,weighted_slack,node,weighted_directed_community_assortativity,auc_abs_delta,0.0835891228429865
mu_0p175,0.175,0.175,179,19,lfr,node_removal,weighted_slack,weighted_slack,node,weighted_directed_community_assortativity,auc_abs_delta,0.0373462894814316
mu_0p175,0.175,0.175,180,20,lfr,node_removal,weighted_slack,weighted_slack,node,weighted_directed_community_assortativity,auc_abs_delta,0.0499068391178703
mu_0p175,0.175,0.175,181,21,lfr,node_removal,weighted_slack,weighted_slack,node,weighted_directed_community_assortativity,auc_abs_delta,0.0173868569013609
mu_0p175,0.175,0.175,182,22,lfr,node_removal,weighted_slack,weighted_slack,node,weighted_directed_community_assortativity,auc_abs_delta,0.0229488456256329
mu_0p175,0.175,0.175,183,23,lfr,node_removal,weighted_slack,weighted_slack,node,weighted_directed_community_assortativity,auc_abs_delta,0.0377984864955719
mu_0p175,0.175,0.175,184,24,lfr,node_removal,weighted_slack,weighted_slack,node,weighted_directed_community_assortativity,auc_abs_delta,0.0133878237240283
mu_0p175,0.175,0.175,185,25,lfr,node_removal,weighted_slack,weighted_slack,node,weighted_directed_community_assortativity,auc_abs_delta,0.0156971645676635
mu_0p175,0.175,0.175,186,26,lfr,node_removal,weighted_slack,weighted_slack,node,weighted_directed_community_assortativity,auc_abs_delta,0.0313271888112906
mu_0p175,0.175,0.175,187,27,lfr,node_removal,weighted_slack,weighted_slack,node,weighted_directed_community_assortativity,auc_abs_delta,0.0202667739535289
mu_0p175,0.175,0.175,188,28,lfr,node_removal,weighted_slack,weighted_slack,node,weighted_directed_community_assortativity,auc_abs_delta,0.0270062723763291
mu_0p175,0.175,0.175,189,29,lfr,node_removal,weighted_slack,weighted_slack,node,weighted_directed_community_assortativity,auc_abs_delta,0.0577169757635633
mu_0p175,0.175,0.175,190,30,lfr,node_removal,weighted_slack,weighted_slack,node,weighted_directed_community_assortativity,auc_abs_delta,0.0405552120338958
mu_0p175,0.175,0.175,191,31,lfr,node_removal,weighted_slack,weighted_slack,node,weighted_directed_community_assortativity,auc_abs_delta,0.0570046745157119
mu_0p175,0.175,0.175,192,32,lfr,node_removal,weighted_slack,weighted_slack,node,weighted_directed_community_assortativity,auc_abs_delta,0.033417968608767
mu_0p175,0.175,0.175,193,33,lfr,node_removal,weighted_slack,weighted_slack,node,weighted_directed_community_assortativity,auc_abs_delta,0.0383253026635692
mu_0p175,0.175,0.175,194,34,lfr,node_removal,weighted_slack,weighted_slack,node,weighted_directed_community_assortativity,auc_abs_delta,0.0275719482841266
mu_0p175,0.175,0.175,195,35,lfr,node_removal,weighted_slack,weighted_slack,node,weighted_directed_community_assortativity,auc_abs_delta,0.0333430264052015
mu_0p175,0.175,0.175,196,36,lfr,node_removal,weighted_slack,weighted_slack,node,weighted_directed_community_assortativity,auc_abs_delta,0.0541975585236797
mu_0p175,0.175,0.175,197,37,lfr,node_removal,weighted_slack,weighted_slack,node,weighted_directed_community_assortativity,auc_abs_delta,0.0043000783833908
mu_0p175,0.175,0.175,198,38,lfr,node_removal,weighted_slack,weighted_slack,node,weighted_directed_community_assortativity,auc_abs_delta,0.0358759282335159
mu_0p175,0.175,0.175,199,39,lfr,node_removal,weighted_slack,weighted_slack,node,weighted_directed_community_assortativity,auc_abs_delta,0.032792826541697
mu_0p225,0.225,0.225,200,0,lfr,node_removal,weighted_slack,weighted_slack,node,weighted_directed_community_assortativity,auc_abs_delta,0.0195976629623574
mu_0p225,0.225,0.225,201,1,lfr,node_removal,weighted_slack,weighted_slack,node,weighted_directed_community_assortativity,auc_abs_delta,0.0422569886474612
mu_0p225,0.225,0.225,202,2,lfr,node_removal,weighted_slack,weighted_slack,node,weighted_directed_community_assortativity,auc_abs_delta,0.0365056860906708
mu_0p225,0.225,0.225,203,3,lfr,node_removal,weighted_slack,weighted_slack,node,weighted_directed_community_assortativity,auc_abs_delta,0.012268274177079
mu_0p225,0.225,0.225,204,4,lfr,node_removal,weighted_slack,weighted_slack,node,weighted_directed_community_assortativity,auc_abs_delta,0.018314533649117
mu_0p225,0.225,0.225,205,5,lfr,node_removal,weighted_slack,weighted_slack,node,weighted_directed_community_assortativity,auc_abs_delta,0.023449733187958
mu_0p225,0.225,0.225,206,6,lfr,node_removal,weighted_slack,weighted_slack,node,weighted_directed_community_assortativity,auc_abs_delta,0.0128777468760465
mu_0p225,0.225,0.225,207,7,lfr,node_removal,weighted_slack,weighted_slack,node,weighted_directed_community_assortativity,auc_abs_delta,0.0439627157328329
mu_0p225,0.225,0.225,208,8,lfr,node_removal,weighted_slack,weighted_slack,node,weighted_directed_community_assortativity,auc_abs_delta,0.0312692365705606
mu_0p225,0.225,0.225,209,9,lfr,node_removal,weighted_slack,weighted_slack,node,weighted_directed_community_assortativity,auc_abs_delta,0.0333671455492831
mu_0p225,0.225,0.225,210,10,lfr,node_removal,weighted_slack,weighted_slack,node,weighted_directed_community_assortativity,auc_abs_delta,0.0067994327237959
mu_0p225,0.225,0.225,211,11,lfr,node_removal,weighted_slack,weighted_slack,node,weighted_directed_community_assortativity,auc_abs_delta,0.01390112194996
mu_0p225,0.225,0.225,212,12,lfr,node_removal,weighted_slack,weighted_slack,node,weighted_directed_community_assortativity,auc_abs_delta,0.0297911978926368
mu_0p225,0.225,0.225,213,13,lfr,node_removal,weighted_slack,weighted_slack,node,weighted_directed_community_assortativity,auc_abs_delta,0.0211901841585206
mu_0p225,0.225,0.225,214,14,lfr,node_removal,weighted_slack,weighted_slack,node,weighted_directed_community_assortativity,auc_abs_delta,0.0225295431128717
mu_0p225,0.225,0.225,215,15,lfr,node_removal,weighted_slack,weighted_slack,node,weighted_directed_community_assortativity,auc_abs_delta,0.0162930268405914
mu_0p225,0.225,0.225,216,16,lfr,node_removal,weighted_slack,weighted_slack,node,weighted_directed_community_assortativity,auc_abs_delta,0.0486009234396641
mu_0p225,0.225,0.225,217,17,lfr,node_removal,weighted_slack,weighted_slack,node,weighted_directed_community_assortativity,auc_abs_delta,0.023655164431972
mu_0p225,0.225,0.225,218,18,lfr,node_removal,weighted_slack,weighted_slack,node,weighted_directed_community_assortativity,auc_abs_delta,0.0229953198624502
mu_0p225,0.225,0.225,219,19,lfr,node_removal,weighted_slack,weighted_slack,node,weighted_directed_community_assortativity,auc_abs_delta,0.0944167525262885
mu_0p225,0.225,0.225,220,20,lfr,node_removal,weighted_slack,weighted_slack,node,weighted_directed_community_assortativity,auc_abs_delta,0.0549826211703757
mu_0p225,0.225,0.225,221,21,lfr,node_removal,weighted_slack,weighted_slack,node,weighted_directed_community_assortativity,auc_abs_delta,0.0129234162668708
mu_0p225,0.225,0.225,222,22,lfr,node_removal,weighted_slack,weighted_slack,node,weighted_directed_community_assortativity,auc_abs_delta,0.0291435153117976
mu_0p225,0.225,0.225,223,23,lfr,node_removal,weighted_slack,weighted_slack,node,weighted_directed_community_assortativity,auc_abs_delta,0.0272909768067541
mu_0p225,0.225,0.225,224,24,lfr,node_removal,weighted_slack,weighted_slack,node,weighted_directed_community_assortativity,auc_abs_delta,0.0777175009077194
mu_0p225,0.225,0.225,225,25,lfr,node_removal,weighted_slack,weighted_slack,node,weighted_directed_community_assortativity,auc_abs_delta,0.0128309769907419
mu_0p225,0.225,0.225,226,26,lfr,node_removal,weighted_slack,weighted_slack,node,weighted_directed_community_assortativity,auc_abs_delta,0.0273534296883682
mu_0p225,0.225,0.225,227,27,lfr,node_removal,weighted_slack,weighted_slack,node,weighted_directed_community_assortativity,auc_abs_delta,0.0221804520786864
mu_0p225,0.225,0.225,228,28,lfr,node_removal,weighted_slack,weighted_slack,node,weighted_directed_community_assortativity,auc_abs_delta,0.0214512787843961
mu_0p225,0.225,0.225,229,29,lfr,node_removal,weighted_slack,weighted_slack,node,weighted_directed_community_assortativity,auc_abs_delta,0.0361152162199452
mu_0p225,0.225,0.225,230,30,lfr,node_removal,weighted_slack,weighted_slack,node,weighted_directed_community_assortativity,auc_abs_delta,0.0107179541234822
mu_0p225,0.225,0.225,231,31,lfr,node_removal,weighted_slack,weighted_slack,node,weighted_directed_community_assortativity,auc_abs_delta,0.0166239535717942
mu_0p225,0.225,0.225,232,32,lfr,node_removal,weighted_slack,weighted_slack,node,weighted_directed_community_assortativity,auc_abs_delta,0.0276516460151726
mu_0p225,0.225,0.225,233,33,lfr,node_removal,weighted_slack,weighted_slack,node,weighted_directed_community_assortativity,auc_abs_delta,0.0251578033838403
mu_0p225,0.225,0.225,234,34,lfr,node_removal,weighted_slack,weighted_slack,node,weighted_directed_community_assortativity,auc_abs_delta,0.0105319179735215
mu_0p225,0.225,0.225,235,35,lfr,node_removal,weighted_slack,weighted_slack,node,weighted_directed_community_assortativity,auc_abs_delta,0.026784952625204
mu_0p225,0.225,0.225,236,36,lfr,node_removal,weighted_slack,weighted_slack,node,weighted_directed_community_assortativity,auc_abs_delta,0.0097077814068007
mu_0p225,0.225,0.225,237,37,lfr,node_removal,weighted_slack,weighted_slack,node,weighted_directed_community_assortativity,auc_abs_delta,0.041808342352982
mu_0p225,0.225,0.225,238,38,lfr,node_removal,weighted_slack,weighted_slack,node,weighted_directed_community_assortativity,auc_abs_delta,0.0225445102925886
mu_0p225,0.225,0.225,239,39,lfr,node_removal,weighted_slack,weighted_slack,node,weighted_directed_community_assortativity,auc_abs_delta,0.0379223147861516
mu_0p300,0.3,0.3,240,0,lfr,node_removal,weighted_slack,weighted_slack,node,weighted_directed_community_assortativity,auc_abs_delta,0.0051364735674235
mu_0p300,0.3,0.3,241,1,lfr,node_removal,weighted_slack,weighted_slack,node,weighted_directed_community_assortativity,auc_abs_delta,0.0164542105675224
mu_0p300,0.3,0.3,242,2,lfr,node_removal,weighted_slack,weighted_slack,node,weighted_directed_community_assortativity,auc_abs_delta,0.0508011594314123
mu_0p300,0.3,0.3,243,3,lfr,node_removal,weighted_slack,weighted_slack,node,weighted_directed_community_assortativity,auc_abs_delta,0.0128740902205433
mu_0p300,0.3,0.3,244,4,lfr,node_removal,weighted_slack,weighted_slack,node,weighted_directed_community_assortativity,auc_abs_delta,0.0107696897530282
mu_0p300,0.3,0.3,245,5,lfr,node_removal,weighted_slack,weighted_slack,node,weighted_directed_community_assortativity,auc_abs_delta,0.0298484406602569
mu_0p300,0.3,0.3,246,6,lfr,node_removal,weighted_slack,weighted_slack,node,weighted_directed_community_assortativity,auc_abs_delta,0.0175476835708031
mu_0p300,0.3,0.3,247,7,lfr,node_removal,weighted_slack,weighted_slack,node,weighted_directed_community_assortativity,auc_abs_delta,0.0086253593725272
mu_0p300,0.3,0.3,248,8,lfr,node_removal,weighted_slack,weighted_slack,node,weighted_directed_community_assortativity,auc_abs_delta,0.0130229972821069
mu_0p300,0.3,0.3,249,9,lfr,node_removal,weighted_slack,weighted_slack,node,weighted_directed_community_assortativity,auc_abs_delta,0.0116835706200189
mu_0p300,0.3,0.3,250,10,lfr,node_removal,weighted_slack,weighted_slack,node,weighted_directed_community_assortativity,auc_abs_delta,0.026374270187848
mu_0p300,0.3,0.3,251,11,lfr,node_removal,weighted_slack,weighted_slack,node,weighted_directed_community_assortativity,auc_abs_delta,0.0690577692087656
mu_0p300,0.3,0.3,252,12,lfr,node_removal,weighted_slack,weighted_slack,node,weighted_directed_community_assortativity,auc_abs_delta,0.0191045091870808
mu_0p300,0.3,0.3,253,13,lfr,node_removal,weighted_slack,weighted_slack,node,weighted_directed_community_assortativity,auc_abs_delta,0.0194988260747774
mu_0p300,0.3,0.3,254,14,lfr,node_removal,weighted_slack,weighted_slack,node,weighted_directed_community_assortativity,auc_abs_delta,0.0197101218319811
mu_0p300,0.3,0.3,255,15,lfr,node_removal,weighted_slack,weighted_slack,node,weighted_directed_community_assortativity,auc_abs_delta,0.0111386361428266
mu_0p300,0.3,0.3,256,16,lfr,node_removal,weighted_slack,weighted_slack,node,weighted_directed_community_assortativity,auc_abs_delta,0.0107458119057429
mu_0p300,0.3,0.3,257,17,lfr,node_removal,weighted_slack,weighted_slack,node,weighted_directed_community_assortativity,auc_abs_delta,0.0238289327564249
mu_0p300,0.3,0.3,258,18,lfr,node_removal,weighted_slack,weighted_slack,node,weighted_directed_community_assortativity,auc_abs_delta,0.0385395403650482
mu_0p300,0.3,0.3,259,19,lfr,node_removal,weighted_slack,weighted_slack,node,weighted_directed_community_assortativity,auc_abs_delta,0.0100895973740031
mu_0p300,0.3,0.3,260,20,lfr,node_removal,weighted_slack,weighted_slack,node,weighted_directed_community_assortativity,auc_abs_delta,0.0715389724587975
mu_0p300,0.3,0.3,261,21,lfr,node_removal,weighted_slack,weighted_slack,node,weighted_directed_community_assortativity,auc_abs_delta,0.0170186898333923
mu_0p300,0.3,0.3,262,22,lfr,node_removal,weighted_slack,weighted_slack,node,weighted_directed_community_assortativity,auc_abs_delta,0.0138344213219089
mu_0p300,0.3,0.3,263,23,lfr,node_removal,weighted_slack,weighted_slack,node,weighted_directed_community_assortativity,auc_abs_delta,0.1326201644132284
mu_0p300,0.3,0.3,264,24,lfr,node_removal,weighted_slack,weighted_slack,node,weighted_directed_community_assortativity,auc_abs_delta,0.019093422270877
mu_0p300,0.3,0.3,265,25,lfr,node_removal,weighted_slack,weighted_slack,node,weighted_directed_community_assortativity,auc_abs_delta,0.0194764683614822
mu_0p300,0.3,0.3,266,26,lfr,node_removal,weighted_slack,weighted_slack,node,weighted_directed_community_assortativity,auc_abs_delta,0.0297248237971692
mu_0p300,0.3,0.3,267,27,lfr,node_removal,weighted_slack,weighted_slack,node,weighted_directed_community_assortativity,auc_abs_delta,0.0129953131461219
mu_0p300,0.3,0.3,268,28,lfr,node_removal,weighted_slack,weighted_slack,node,weighted_directed_community_assortativity,auc_abs_delta,0.0878469585721521
mu_0p300,0.3,0.3,269,29,lfr,node_removal,weighted_slack,weighted_slack,node,weighted_directed_community_assortativity,auc_abs_delta,0.0175620352710271
mu_0p300,0.3,0.3,270,30,lfr,node_removal,weighted_slack,weighted_slack,node,weighted_directed_community_assortativity,auc_abs_delta,0.0341814373003924
mu_0p300,0.3,0.3,271,31,lfr,node_removal,weighted_slack,weighted_slack,node,weighted_directed_community_assortativity,auc_abs_delta,0.0093661761745148
mu_0p300,0.3,0.3,272,32,lfr,node_removal,weighted_slack,weighted_slack,node,weighted_directed_community_assortativity,auc_abs_delta,0.0054942502431509
mu_0p300,0.3,0.3,273,33,lfr,node_removal,weighted_slack,weighted_slack,node,weighted_directed_community_assortativity,auc_abs_delta,0.0157993059727387
mu_0p300,0.3,0.3,274,34,lfr,node_removal,weighted_slack,weighted_slack,node,weighted_directed_community_assortativity,auc_abs_delta,0.0245982525920394
mu_0p300,0.3,0.3,275,35,lfr,node_removal,weighted_slack,weighted_slack,node,weighted_directed_community_assortativity,auc_abs_delta,0.0091053952408972
mu_0p300,0.3,0.3,276,36,lfr,node_removal,weighted_slack,weighted_slack,node,weighted_directed_community_assortativity,auc_abs_delta,0.0206655547154897
mu_0p300,0.3,0.3,277,37,lfr,node_removal,weighted_slack,weighted_slack,node,weighted_directed_community_assortativity,auc_abs_delta,0.0342900079198513
mu_0p300,0.3,0.3,278,38,lfr,node_removal,weighted_slack,weighted_slack,node,weighted_directed_community_assortativity,auc_abs_delta,0.008711751128145
mu_0p300,0.3,0.3,279,39,lfr,node_removal,weighted_slack,weighted_slack,node,weighted_directed_community_assortativity,auc_abs_delta,0.0548230691062844
mu_0p075,0.075,0.075,0,0,null,edge_weakening_random_subset,random_fixed_10pct,random_fixed_10pct_vary_alpha,deterioration_severity,weighted_directed_community_assortativity,auc_abs_delta,0.00303677918787322
mu_0p075,0.075,0.075,1,1,null,edge_weakening_random_subset,random_fixed_10pct,random_fixed_10pct_vary_alpha,deterioration_severity,weighted_directed_community_assortativity,auc_abs_delta,0.00281391233237028
mu_0p075,0.075,0.075,2,2,null,edge_weakening_random_subset,random_fixed_10pct,random_fixed_10pct_vary_alpha,deterioration_severity,weighted_directed_community_assortativity,auc_abs_delta,0.00155399805158128
mu_0p075,0.075,0.075,3,3,null,edge_weakening_random_subset,random_fixed_10pct,random_fixed_10pct_vary_alpha,deterioration_severity,weighted_directed_community_assortativity,auc_abs_delta,0.0029415186687454602
mu_0p075,0.075,0.075,4,4,null,edge_weakening_random_subset,random_fixed_10pct,random_fixed_10pct_vary_alpha,deterioration_severity,weighted_directed_community_assortativity,auc_abs_delta,0.0032924477729273
mu_0p075,0.075,0.075,5,5,null,edge_weakening_random_subset,random_fixed_10pct,random_fixed_10pct_vary_alpha,deterioration_severity,weighted_directed_community_assortativity,auc_abs_delta,0.00281645333821672
mu_0p075,0.075,0.075,6,6,null,edge_weakening_random_subset,random_fixed_10pct,random_fixed_10pct_vary_alpha,deterioration_severity,weighted_directed_community_assortativity,auc_abs_delta,0.00293241496339378
mu_0p075,0.075,0.075,7,7,null,edge_weakening_random_subset,random_fixed_10pct,random_fixed_10pct_vary_alpha,deterioration_severity,weighted_directed_community_assortativity,auc_abs_delta,0.00468766339627138
mu_0p075,0.075,0.075,8,8,null,edge_weakening_random_subset,random_fixed_10pct,random_fixed_10pct_vary_alpha,deterioration_severity,weighted_directed_community_assortativity,auc_abs_delta,0.0029322514604664214
mu_0p075,0.075,0.075,9,9,null,edge_weakening_random_subset,random_fixed_10pct,random_fixed_10pct_vary_alpha,deterioration_severity,weighted_directed_community_assortativity,auc_abs_delta,0.0023846991080621596
mu_0p075,0.075,0.075,10,10,null,edge_weakening_random_subset,random_fixed_10pct,random_fixed_10pct_vary_alpha,deterioration_severity,weighted_directed_community_assortativity,auc_abs_delta,0.0022947588683513596
mu_0p075,0.075,0.075,11,11,null,edge_weakening_random_subset,random_fixed_10pct,random_fixed_10pct_vary_alpha,deterioration_severity,weighted_directed_community_assortativity,auc_abs_delta,0.0025051519136619397
mu_0p075,0.075,0.075,12,12,null,edge_weakening_random_subset,random_fixed_10pct,random_fixed_10pct_vary_alpha,deterioration_severity,weighted_directed_community_assortativity,auc_abs_delta,0.0025417932220384797
mu_0p075,0.075,0.075,13,13,null,edge_weakening_random_subset,random_fixed_10pct,random_fixed_10pct_vary_alpha,deterioration_severity,weighted_directed_community_assortativity,auc_abs_delta,0.00195454258773444
mu_0p075,0.075,0.075,14,14,null,edge_weakening_random_subset,random_fixed_10pct,random_fixed_10pct_vary_alpha,deterioration_severity,weighted_directed_community_assortativity,auc_abs_delta,0.00173747705551058
mu_0p075,0.075,0.075,15,15,null,edge_weakening_random_subset,random_fixed_10pct,random_fixed_10pct_vary_alpha,deterioration_severity,weighted_directed_community_assortativity,auc_abs_delta,0.001909311805104687
mu_0p075,0.075,0.075,16,16,null,edge_weakening_random_subset,random_fixed_10pct,random_fixed_10pct_vary_alpha,deterioration_severity,weighted_directed_community_assortativity,auc_abs_delta,0.00170418891394848
mu_0p075,0.075,0.075,17,17,null,edge_weakening_random_subset,random_fixed_10pct,random_fixed_10pct_vary_alpha,deterioration_severity,weighted_directed_community_assortativity,auc_abs_delta,0.00264685159365558
mu_0p075,0.075,0.075,18,18,null,edge_weakening_random_subset,random_fixed_10pct,random_fixed_10pct_vary_alpha,deterioration_severity,weighted_directed_community_assortativity,auc_abs_delta,0.00335150429279076
mu_0p075,0.075,0.075,19,19,null,edge_weakening_random_subset,random_fixed_10pct,random_fixed_10pct_vary_alpha,deterioration_severity,weighted_directed_community_assortativity,auc_abs_delta,0.00184316281102558
mu_0p075,0.075,0.075,20,20,null,edge_weakening_random_subset,random_fixed_10pct,random_fixed_10pct_vary_alpha,deterioration_severity,weighted_directed_community_assortativity,auc_abs_delta,0.002721698678705602
mu_0p075,0.075,0.075,21,21,null,edge_weakening_random_subset,random_fixed_10pct,random_fixed_10pct_vary_alpha,deterioration_severity,weighted_directed_community_assortativity,auc_abs_delta,0.00334791098937138
mu_0p075,0.075,0.075,22,22,null,edge_weakening_random_subset,random_fixed_10pct,random_fixed_10pct_vary_alpha,deterioration_severity,weighted_directed_community_assortativity,auc_abs_delta,0.00209978243598222
mu_0p075,0.075,0.075,23,23,null,edge_weakening_random_subset,random_fixed_10pct,random_fixed_10pct_vary_alpha,deterioration_severity,weighted_directed_community_assortativity,auc_abs_delta,0.00221917408606734
mu_0p075,0.075,0.075,24,24,null,edge_weakening_random_subset,random_fixed_10pct,random_fixed_10pct_vary_alpha,deterioration_severity,weighted_directed_community_assortativity,auc_abs_delta,0.0025534953562272
mu_0p075,0.075,0.075,25,25,null,edge_weakening_random_subset,random_fixed_10pct,random_fixed_10pct_vary_alpha,deterioration_severity,weighted_directed_community_assortativity,auc_abs_delta,0.0021297044042589003
mu_0p075,0.075,0.075,26,26,null,edge_weakening_random_subset,random_fixed_10pct,random_fixed_10pct_vary_alpha,deterioration_severity,weighted_directed_community_assortativity,auc_abs_delta,0.0013295187654734201
mu_0p075,0.075,0.075,27,27,null,edge_weakening_random_subset,random_fixed_10pct,random_fixed_10pct_vary_alpha,deterioration_severity,weighted_directed_community_assortativity,auc_abs_delta,0.0011892863377392102
mu_0p075,0.075,0.075,28,28,null,edge_weakening_random_subset,random_fixed_10pct,random_fixed_10pct_vary_alpha,deterioration_severity,weighted_directed_community_assortativity,auc_abs_delta,0.00278212451276634
mu_0p075,0.075,0.075,29,29,null,edge_weakening_random_subset,random_fixed_10pct,random_fixed_10pct_vary_alpha,deterioration_severity,weighted_directed_community_assortativity,auc_abs_delta,0.0018477205155185198
mu_0p075,0.075,0.075,30,30,null,edge_weakening_random_subset,random_fixed_10pct,random_fixed_10pct_vary_alpha,deterioration_severity,weighted_directed_community_assortativity,auc_abs_delta,0.00167117311257782
mu_0p075,0.075,0.075,31,31,null,edge_weakening_random_subset,random_fixed_10pct,random_fixed_10pct_vary_alpha,deterioration_severity,weighted_directed_community_assortativity,auc_abs_delta,0.00377565650083012
mu_0p075,0.075,0.075,32,32,null,edge_weakening_random_subset,random_fixed_10pct,random_fixed_10pct_vary_alpha,deterioration_severity,weighted_directed_community_assortativity,auc_abs_delta,0.00327538701562778
mu_0p075,0.075,0.075,33,33,null,edge_weakening_random_subset,random_fixed_10pct,random_fixed_10pct_vary_alpha,deterioration_severity,weighted_directed_community_assortativity,auc_abs_delta,0.00219258477995278
mu_0p075,0.075,0.075,34,34,null,edge_weakening_random_subset,random_fixed_10pct,random_fixed_10pct_vary_alpha,deterioration_severity,weighted_directed_community_assortativity,auc_abs_delta,0.00161383386250572
mu_0p075,0.075,0.075,35,35,null,edge_weakening_random_subset,random_fixed_10pct,random_fixed_10pct_vary_alpha,deterioration_severity,weighted_directed_community_assortativity,auc_abs_delta,0.00168167330801026
mu_0p075,0.075,0.075,36,36,null,edge_weakening_random_subset,random_fixed_10pct,random_fixed_10pct_vary_alpha,deterioration_severity,weighted_directed_community_assortativity,auc_abs_delta,0.0030760425394927198
mu_0p075,0.075,0.075,37,37,null,edge_weakening_random_subset,random_fixed_10pct,random_fixed_10pct_vary_alpha,deterioration_severity,weighted_directed_community_assortativity,auc_abs_delta,0.00227424140373886
mu_0p075,0.075,0.075,38,38,null,edge_weakening_random_subset,random_fixed_10pct,random_fixed_10pct_vary_alpha,deterioration_severity,weighted_directed_community_assortativity,auc_abs_delta,0.001954623761524388
mu_0p075,0.075,0.075,39,39,null,edge_weakening_random_subset,random_fixed_10pct,random_fixed_10pct_vary_alpha,deterioration_severity,weighted_directed_community_assortativity,auc_abs_delta,0.001883989093611
mu_0p100,0.1,0.1,40,0,null,edge_weakening_random_subset,random_fixed_10pct,random_fixed_10pct_vary_alpha,deterioration_severity,weighted_directed_community_assortativity,auc_abs_delta,0.00136128239915684
mu_0p100,0.1,0.1,41,1,null,edge_weakening_random_subset,random_fixed_10pct,random_fixed_10pct_vary_alpha,deterioration_severity,weighted_directed_community_assortativity,auc_abs_delta,0.00365539226093826
mu_0p100,0.1,0.1,42,2,null,edge_weakening_random_subset,random_fixed_10pct,random_fixed_10pct_vary_alpha,deterioration_severity,weighted_directed_community_assortativity,auc_abs_delta,0.0017653562408346001
mu_0p100,0.1,0.1,43,3,null,edge_weakening_random_subset,random_fixed_10pct,random_fixed_10pct_vary_alpha,deterioration_severity,weighted_directed_community_assortativity,auc_abs_delta,0.00359150352895124
mu_0p100,0.1,0.1,44,4,null,edge_weakening_random_subset,random_fixed_10pct,random_fixed_10pct_vary_alpha,deterioration_severity,weighted_directed_community_assortativity,auc_abs_delta,0.0029238735590294803
mu_0p100,0.1,0.1,45,5,null,edge_weakening_random_subset,random_fixed_10pct,random_fixed_10pct_vary_alpha,deterioration_severity,weighted_directed_community_assortativity,auc_abs_delta,0.00206300419467514
mu_0p100,0.1,0.1,46,6,null,edge_weakening_random_subset,random_fixed_10pct,random_fixed_10pct_vary_alpha,deterioration_severity,weighted_directed_community_assortativity,auc_abs_delta,0.00237022588830792
mu_0p100,0.1,0.1,47,7,null,edge_weakening_random_subset,random_fixed_10pct,random_fixed_10pct_vary_alpha,deterioration_severity,weighted_directed_community_assortativity,auc_abs_delta,0.00312858801477226
mu_0p100,0.1,0.1,48,8,null,edge_weakening_random_subset,random_fixed_10pct,random_fixed_10pct_vary_alpha,deterioration_severity,weighted_directed_community_assortativity,auc_abs_delta,0.00121236244178796
mu_0p100,0.1,0.1,49,9,null,edge_weakening_random_subset,random_fixed_10pct,random_fixed_10pct_vary_alpha,deterioration_severity,weighted_directed_community_assortativity,auc_abs_delta,0.00203851196483206
mu_0p100,0.1,0.1,50,10,null,edge_weakening_random_subset,random_fixed_10pct,random_fixed_10pct_vary_alpha,deterioration_severity,weighted_directed_community_assortativity,auc_abs_delta,0.0018085833656203399
mu_0p100,0.1,0.1,51,11,null,edge_weakening_random_subset,random_fixed_10pct,random_fixed_10pct_vary_alpha,deterioration_severity,weighted_directed_community_assortativity,auc_abs_delta,0.00202630314079004
mu_0p100,0.1,0.1,52,12,null,edge_weakening_random_subset,random_fixed_10pct,random_fixed_10pct_vary_alpha,deterioration_severity,weighted_directed_community_assortativity,auc_abs_delta,0.0018284397896914401
mu_0p100,0.1,0.1,53,13,null,edge_weakening_random_subset,random_fixed_10pct,random_fixed_10pct_vary_alpha,deterioration_severity,weighted_directed_community_assortativity,auc_abs_delta,0.0017539690996350998
mu_0p100,0.1,0.1,54,14,null,edge_weakening_random_subset,random_fixed_10pct,random_fixed_10pct_vary_alpha,deterioration_severity,weighted_directed_community_assortativity,auc_abs_delta,0.0019195235228970458
mu_0p100,0.1,0.1,55,15,null,edge_weakening_random_subset,random_fixed_10pct,random_fixed_10pct_vary_alpha,deterioration_severity,weighted_directed_community_assortativity,auc_abs_delta,0.001535633539624
mu_0p100,0.1,0.1,56,16,null,edge_weakening_random_subset,random_fixed_10pct,random_fixed_10pct_vary_alpha,deterioration_severity,weighted_directed_community_assortativity,auc_abs_delta,0.00289213278266308
mu_0p100,0.1,0.1,57,17,null,edge_weakening_random_subset,random_fixed_10pct,random_fixed_10pct_vary_alpha,deterioration_severity,weighted_directed_community_assortativity,auc_abs_delta,0.0009934153970810801
mu_0p100,0.1,0.1,58,18,null,edge_weakening_random_subset,random_fixed_10pct,random_fixed_10pct_vary_alpha,deterioration_severity,weighted_directed_community_assortativity,auc_abs_delta,0.00300289707218982
mu_0p100,0.1,0.1,59,19,null,edge_weakening_random_subset,random_fixed_10pct,random_fixed_10pct_vary_alpha,deterioration_severity,weighted_directed_community_assortativity,auc_abs_delta,0.0031274628830005396
mu_0p100,0.1,0.1,60,20,null,edge_weakening_random_subset,random_fixed_10pct,random_fixed_10pct_vary_alpha,deterioration_severity,weighted_directed_community_assortativity,auc_abs_delta,0.00381068795821606
mu_0p100,0.1,0.1,61,21,null,edge_weakening_random_subset,random_fixed_10pct,random_fixed_10pct_vary_alpha,deterioration_severity,weighted_directed_community_assortativity,auc_abs_delta,0.0016274639940953802
mu_0p100,0.1,0.1,62,22,null,edge_weakening_random_subset,random_fixed_10pct,random_fixed_10pct_vary_alpha,deterioration_severity,weighted_directed_community_assortativity,auc_abs_delta,0.0026041377673896135
mu_0p100,0.1,0.1,63,23,null,edge_weakening_random_subset,random_fixed_10pct,random_fixed_10pct_vary_alpha,deterioration_severity,weighted_directed_community_assortativity,auc_abs_delta,0.00238792373723805
mu_0p100,0.1,0.1,64,24,null,edge_weakening_random_subset,random_fixed_10pct,random_fixed_10pct_vary_alpha,deterioration_severity,weighted_directed_community_assortativity,auc_abs_delta,0.00042290017505109
mu_0p100,0.1,0.1,65,25,null,edge_weakening_random_subset,random_fixed_10pct,random_fixed_10pct_vary_alpha,deterioration_severity,weighted_directed_community_assortativity,auc_abs_delta,0.00225677858137374
mu_0p100,0.1,0.1,66,26,null,edge_weakening_random_subset,random_fixed_10pct,random_fixed_10pct_vary_alpha,deterioration_severity,weighted_directed_community_assortativity,auc_abs_delta,0.0016402010380818601
mu_0p100,0.1,0.1,67,27,null,edge_weakening_random_subset,random_fixed_10pct,random_fixed_10pct_vary_alpha,deterioration_severity,weighted_directed_community_assortativity,auc_abs_delta,0.0022188148521936598
mu_0p100,0.1,0.1,68,28,null,edge_weakening_random_subset,random_fixed_10pct,random_fixed_10pct_vary_alpha,deterioration_severity,weighted_directed_community_assortativity,auc_abs_delta,0.001710356870076607
mu_0p100,0.1,0.1,69,29,null,edge_weakening_random_subset,random_fixed_10pct,random_fixed_10pct_vary_alpha,deterioration_severity,weighted_directed_community_assortativity,auc_abs_delta,0.00153093293803698
mu_0p100,0.1,0.1,70,30,null,edge_weakening_random_subset,random_fixed_10pct,random_fixed_10pct_vary_alpha,deterioration_severity,weighted_directed_community_assortativity,auc_abs_delta,0.0012108797752032
mu_0p100,0.1,0.1,71,31,null,edge_weakening_random_subset,random_fixed_10pct,random_fixed_10pct_vary_alpha,deterioration_severity,weighted_directed_community_assortativity,auc_abs_delta,0.00311194175827334
mu_0p100,0.1,0.1,72,32,null,edge_weakening_random_subset,random_fixed_10pct,random_fixed_10pct_vary_alpha,deterioration_severity,weighted_directed_community_assortativity,auc_abs_delta,0.00170733933093884
mu_0p100,0.1,0.1,73,33,null,edge_weakening_random_subset,random_fixed_10pct,random_fixed_10pct_vary_alpha,deterioration_severity,weighted_directed_community_assortativity,auc_abs_delta,0.0031043267434776598
mu_0p100,0.1,0.1,74,34,null,edge_weakening_random_subset,random_fixed_10pct,random_fixed_10pct_vary_alpha,deterioration_severity,weighted_directed_community_assortativity,auc_abs_delta,0.0028191736544743
mu_0p100,0.1,0.1,75,35,null,edge_weakening_random_subset,random_fixed_10pct,random_fixed_10pct_vary_alpha,deterioration_severity,weighted_directed_community_assortativity,auc_abs_delta,0.0041657626929912
mu_0p100,0.1,0.1,76,36,null,edge_weakening_random_subset,random_fixed_10pct,random_fixed_10pct_vary_alpha,deterioration_severity,weighted_directed_community_assortativity,auc_abs_delta,0.00163382312786404
mu_0p100,0.1,0.1,77,37,null,edge_weakening_random_subset,random_fixed_10pct,random_fixed_10pct_vary_alpha,deterioration_severity,weighted_directed_community_assortativity,auc_abs_delta,0.0018561149504921202
mu_0p100,0.1,0.1,78,38,null,edge_weakening_random_subset,random_fixed_10pct,random_fixed_10pct_vary_alpha,deterioration_severity,weighted_directed_community_assortativity,auc_abs_delta,0.0033853837840123802
mu_0p100,0.1,0.1,79,39,null,edge_weakening_random_subset,random_fixed_10pct,random_fixed_10pct_vary_alpha,deterioration_severity,weighted_directed_community_assortativity,auc_abs_delta,0.0021997300939104202
mu_0p125,0.125,0.125,80,0,null,edge_weakening_random_subset,random_fixed_10pct,random_fixed_10pct_vary_alpha,deterioration_severity,weighted_directed_community_assortativity,auc_abs_delta,0.00248694344872172
mu_0p125,0.125,0.125,81,1,null,edge_weakening_random_subset,random_fixed_10pct,random_fixed_10pct_vary_alpha,deterioration_severity,weighted_directed_community_assortativity,auc_abs_delta,0.0018651650530929799
mu_0p125,0.125,0.125,82,2,null,edge_weakening_random_subset,random_fixed_10pct,random_fixed_10pct_vary_alpha,deterioration_severity,weighted_directed_community_assortativity,auc_abs_delta,0.00273420943900674
mu_0p125,0.125,0.125,83,3,null,edge_weakening_random_subset,random_fixed_10pct,random_fixed_10pct_vary_alpha,deterioration_severity,weighted_directed_community_assortativity,auc_abs_delta,0.00215285100901352
mu_0p125,0.125,0.125,84,4,null,edge_weakening_random_subset,random_fixed_10pct,random_fixed_10pct_vary_alpha,deterioration_severity,weighted_directed_community_assortativity,auc_abs_delta,0.00217422750444112
mu_0p125,0.125,0.125,85,5,null,edge_weakening_random_subset,random_fixed_10pct,random_fixed_10pct_vary_alpha,deterioration_severity,weighted_directed_community_assortativity,auc_abs_delta,0.00209029108979688
mu_0p125,0.125,0.125,86,6,null,edge_weakening_random_subset,random_fixed_10pct,random_fixed_10pct_vary_alpha,deterioration_severity,weighted_directed_community_assortativity,auc_abs_delta,0.0008810542852365399
mu_0p125,0.125,0.125,87,7,null,edge_weakening_random_subset,random_fixed_10pct,random_fixed_10pct_vary_alpha,deterioration_severity,weighted_directed_community_assortativity,auc_abs_delta,0.00293014565655258
mu_0p125,0.125,0.125,88,8,null,edge_weakening_random_subset,random_fixed_10pct,random_fixed_10pct_vary_alpha,deterioration_severity,weighted_directed_community_assortativity,auc_abs_delta,0.00405621963542732
mu_0p125,0.125,0.125,89,9,null,edge_weakening_random_subset,random_fixed_10pct,random_fixed_10pct_vary_alpha,deterioration_severity,weighted_directed_community_assortativity,auc_abs_delta,0.003245370935542967
mu_0p125,0.125,0.125,90,10,null,edge_weakening_random_subset,random_fixed_10pct,random_fixed_10pct_vary_alpha,deterioration_severity,weighted_directed_community_assortativity,auc_abs_delta,0.0022630328424616203
mu_0p125,0.125,0.125,91,11,null,edge_weakening_random_subset,random_fixed_10pct,random_fixed_10pct_vary_alpha,deterioration_severity,weighted_directed_community_assortativity,auc_abs_delta,0.00246304741164812
mu_0p125,0.125,0.125,92,12,null,edge_weakening_random_subset,random_fixed_10pct,random_fixed_10pct_vary_alpha,deterioration_severity,weighted_directed_community_assortativity,auc_abs_delta,0.00373711478548226
mu_0p125,0.125,0.125,93,13,null,edge_weakening_random_subset,random_fixed_10pct,random_fixed_10pct_vary_alpha,deterioration_severity,weighted_directed_community_assortativity,auc_abs_delta,0.0025392320823868003
mu_0p125,0.125,0.125,94,14,null,edge_weakening_random_subset,random_fixed_10pct,random_fixed_10pct_vary_alpha,deterioration_severity,weighted_directed_community_assortativity,auc_abs_delta,0.00085608706970956
mu_0p125,0.125,0.125,95,15,null,edge_weakening_random_subset,random_fixed_10pct,random_fixed_10pct_vary_alpha,deterioration_severity,weighted_directed_community_assortativity,auc_abs_delta,0.001598558006810706
mu_0p125,0.125,0.125,96,16,null,edge_weakening_random_subset,random_fixed_10pct,random_fixed_10pct_vary_alpha,deterioration_severity,weighted_directed_community_assortativity,auc_abs_delta,0.00141555027510128
mu_0p125,0.125,0.125,97,17,null,edge_weakening_random_subset,random_fixed_10pct,random_fixed_10pct_vary_alpha,deterioration_severity,weighted_directed_community_assortativity,auc_abs_delta,0.00336609111867438
mu_0p125,0.125,0.125,98,18,null,edge_weakening_random_subset,random_fixed_10pct,random_fixed_10pct_vary_alpha,deterioration_severity,weighted_directed_community_assortativity,auc_abs_delta,0.00263045172270922
mu_0p125,0.125,0.125,99,19,null,edge_weakening_random_subset,random_fixed_10pct,random_fixed_10pct_vary_alpha,deterioration_severity,weighted_directed_community_assortativity,auc_abs_delta,0.00131054337285342
mu_0p125,0.125,0.125,100,20,null,edge_weakening_random_subset,random_fixed_10pct,random_fixed_10pct_vary_alpha,deterioration_severity,weighted_directed_community_assortativity,auc_abs_delta,0.00207903890529144
mu_0p125,0.125,0.125,101,21,null,edge_weakening_random_subset,random_fixed_10pct,random_fixed_10pct_vary_alpha,deterioration_severity,weighted_directed_community_assortativity,auc_abs_delta,0.0012770555943941802
mu_0p125,0.125,0.125,102,22,null,edge_weakening_random_subset,random_fixed_10pct,random_fixed_10pct_vary_alpha,deterioration_severity,weighted_directed_community_assortativity,auc_abs_delta,0.00241408324476036
mu_0p125,0.125,0.125,103,23,null,edge_weakening_random_subset,random_fixed_10pct,random_fixed_10pct_vary_alpha,deterioration_severity,weighted_directed_community_assortativity,auc_abs_delta,0.00227160809386394
mu_0p125,0.125,0.125,104,24,null,edge_weakening_random_subset,random_fixed_10pct,random_fixed_10pct_vary_alpha,deterioration_severity,weighted_directed_community_assortativity,auc_abs_delta,0.0020478564802106003
mu_0p125,0.125,0.125,105,25,null,edge_weakening_random_subset,random_fixed_10pct,random_fixed_10pct_vary_alpha,deterioration_severity,weighted_directed_community_assortativity,auc_abs_delta,0.00324472583333172
mu_0p125,0.125,0.125,106,26,null,edge_weakening_random_subset,random_fixed_10pct,random_fixed_10pct_vary_alpha,deterioration_severity,weighted_directed_community_assortativity,auc_abs_delta,0.0037650340587377
mu_0p125,0.125,0.125,107,27,null,edge_weakening_random_subset,random_fixed_10pct,random_fixed_10pct_vary_alpha,deterioration_severity,weighted_directed_community_assortativity,auc_abs_delta,0.00470359486451768
mu_0p125,0.125,0.125,108,28,null,edge_weakening_random_subset,random_fixed_10pct,random_fixed_10pct_vary_alpha,deterioration_severity,weighted_directed_community_assortativity,auc_abs_delta,0.0026177950072569798
mu_0p125,0.125,0.125,109,29,null,edge_weakening_random_subset,random_fixed_10pct,random_fixed_10pct_vary_alpha,deterioration_severity,weighted_directed_community_assortativity,auc_abs_delta,0.0034403498237093196
mu_0p125,0.125,0.125,110,30,null,edge_weakening_random_subset,random_fixed_10pct,random_fixed_10pct_vary_alpha,deterioration_severity,weighted_directed_community_assortativity,auc_abs_delta,0.00216051659018646
mu_0p125,0.125,0.125,111,31,null,edge_weakening_random_subset,random_fixed_10pct,random_fixed_10pct_vary_alpha,deterioration_severity,weighted_directed_community_assortativity,auc_abs_delta,0.00246935088475208
mu_0p125,0.125,0.125,112,32,null,edge_weakening_random_subset,random_fixed_10pct,random_fixed_10pct_vary_alpha,deterioration_severity,weighted_directed_community_assortativity,auc_abs_delta,0.0044655894925325805
mu_0p125,0.125,0.125,113,33,null,edge_weakening_random_subset,random_fixed_10pct,random_fixed_10pct_vary_alpha,deterioration_severity,weighted_directed_community_assortativity,auc_abs_delta,0.00242073208534564
mu_0p125,0.125,0.125,114,34,null,edge_weakening_random_subset,random_fixed_10pct,random_fixed_10pct_vary_alpha,deterioration_severity,weighted_directed_community_assortativity,auc_abs_delta,0.00312254227566726
mu_0p125,0.125,0.125,115,35,null,edge_weakening_random_subset,random_fixed_10pct,random_fixed_10pct_vary_alpha,deterioration_severity,weighted_directed_community_assortativity,auc_abs_delta,0.00414496889502508
mu_0p125,0.125,0.125,116,36,null,edge_weakening_random_subset,random_fixed_10pct,random_fixed_10pct_vary_alpha,deterioration_severity,weighted_directed_community_assortativity,auc_abs_delta,0.00206810770968052
mu_0p125,0.125,0.125,117,37,null,edge_weakening_random_subset,random_fixed_10pct,random_fixed_10pct_vary_alpha,deterioration_severity,weighted_directed_community_assortativity,auc_abs_delta,0.0021872164948105602
mu_0p125,0.125,0.125,118,38,null,edge_weakening_random_subset,random_fixed_10pct,random_fixed_10pct_vary_alpha,deterioration_severity,weighted_directed_community_assortativity,auc_abs_delta,0.0018348900711734
mu_0p125,0.125,0.125,119,39,null,edge_weakening_random_subset,random_fixed_10pct,random_fixed_10pct_vary_alpha,deterioration_severity,weighted_directed_community_assortativity,auc_abs_delta,0.0017712579820578999
mu_0p150,0.15,0.15,120,0,null,edge_weakening_random_subset,random_fixed_10pct,random_fixed_10pct_vary_alpha,deterioration_severity,weighted_directed_community_assortativity,auc_abs_delta,0.0019113533612112002
mu_0p150,0.15,0.15,121,1,null,edge_weakening_random_subset,random_fixed_10pct,random_fixed_10pct_vary_alpha,deterioration_severity,weighted_directed_community_assortativity,auc_abs_delta,0.00070744392208218
mu_0p150,0.15,0.15,122,2,null,edge_weakening_random_subset,random_fixed_10pct,random_fixed_10pct_vary_alpha,deterioration_severity,weighted_directed_community_assortativity,auc_abs_delta,0.001536156320328884
mu_0p150,0.15,0.15,123,3,null,edge_weakening_random_subset,random_fixed_10pct,random_fixed_10pct_vary_alpha,deterioration_severity,weighted_directed_community_assortativity,auc_abs_delta,0.00462752410440632
mu_0p150,0.15,0.15,124,4,null,edge_weakening_random_subset,random_fixed_10pct,random_fixed_10pct_vary_alpha,deterioration_severity,weighted_directed_community_assortativity,auc_abs_delta,0.0020828628839641198
mu_0p150,0.15,0.15,125,5,null,edge_weakening_random_subset,random_fixed_10pct,random_fixed_10pct_vary_alpha,deterioration_severity,weighted_directed_community_assortativity,auc_abs_delta,0.00226015967293348
mu_0p150,0.15,0.15,126,6,null,edge_weakening_random_subset,random_fixed_10pct,random_fixed_10pct_vary_alpha,deterioration_severity,weighted_directed_community_assortativity,auc_abs_delta,0.00207873930468932
mu_0p150,0.15,0.15,127,7,null,edge_weakening_random_subset,random_fixed_10pct,random_fixed_10pct_vary_alpha,deterioration_severity,weighted_directed_community_assortativity,auc_abs_delta,0.00360100130318068
mu_0p150,0.15,0.15,128,8,null,edge_weakening_random_subset,random_fixed_10pct,random_fixed_10pct_vary_alpha,deterioration_severity,weighted_directed_community_assortativity,auc_abs_delta,0.00146012756788248
mu_0p150,0.15,0.15,129,9,null,edge_weakening_random_subset,random_fixed_10pct,random_fixed_10pct_vary_alpha,deterioration_severity,weighted_directed_community_assortativity,auc_abs_delta,0.0028486066372138998
mu_0p150,0.15,0.15,130,10,null,edge_weakening_random_subset,random_fixed_10pct,random_fixed_10pct_vary_alpha,deterioration_severity,weighted_directed_community_assortativity,auc_abs_delta,0.00151787944986686
mu_0p150,0.15,0.15,131,11,null,edge_weakening_random_subset,random_fixed_10pct,random_fixed_10pct_vary_alpha,deterioration_severity,weighted_directed_community_assortativity,auc_abs_delta,0.00159135305880002
mu_0p150,0.15,0.15,132,12,null,edge_weakening_random_subset,random_fixed_10pct,random_fixed_10pct_vary_alpha,deterioration_severity,weighted_directed_community_assortativity,auc_abs_delta,0.00241703577255736
mu_0p150,0.15,0.15,133,13,null,edge_weakening_random_subset,random_fixed_10pct,random_fixed_10pct_vary_alpha,deterioration_severity,weighted_directed_community_assortativity,auc_abs_delta,0.00291224815950062
mu_0p150,0.15,0.15,134,14,null,edge_weakening_random_subset,random_fixed_10pct,random_fixed_10pct_vary_alpha,deterioration_severity,weighted_directed_community_assortativity,auc_abs_delta,0.0032082198193698003
mu_0p150,0.15,0.15,135,15,null,edge_weakening_random_subset,random_fixed_10pct,random_fixed_10pct_vary_alpha,deterioration_severity,weighted_directed_community_assortativity,auc_abs_delta,0.0034762928206359804
mu_0p150,0.15,0.15,136,16,null,edge_weakening_random_subset,random_fixed_10pct,random_fixed_10pct_vary_alpha,deterioration_severity,weighted_directed_community_assortativity,auc_abs_delta,0.00271694077279258
mu_0p150,0.15,0.15,137,17,null,edge_weakening_random_subset,random_fixed_10pct,random_fixed_10pct_vary_alpha,deterioration_severity,weighted_directed_community_assortativity,auc_abs_delta,0.00248466249713616
mu_0p150,0.15,0.15,138,18,null,edge_weakening_random_subset,random_fixed_10pct,random_fixed_10pct_vary_alpha,deterioration_severity,weighted_directed_community_assortativity,auc_abs_delta,0.0017399089544144
mu_0p150,0.15,0.15,139,19,null,edge_weakening_random_subset,random_fixed_10pct,random_fixed_10pct_vary_alpha,deterioration_severity,weighted_directed_community_assortativity,auc_abs_delta,0.001745937387895205
mu_0p150,0.15,0.15,140,20,null,edge_weakening_random_subset,random_fixed_10pct,random_fixed_10pct_vary_alpha,deterioration_severity,weighted_directed_community_assortativity,auc_abs_delta,0.00320303887338496
mu_0p150,0.15,0.15,141,21,null,edge_weakening_random_subset,random_fixed_10pct,random_fixed_10pct_vary_alpha,deterioration_severity,weighted_directed_community_assortativity,auc_abs_delta,0.0037242477580247202
mu_0p150,0.15,0.15,142,22,null,edge_weakening_random_subset,random_fixed_10pct,random_fixed_10pct_vary_alpha,deterioration_severity,weighted_directed_community_assortativity,auc_abs_delta,0.002612864566661308
mu_0p150,0.15,0.15,143,23,null,edge_weakening_random_subset,random_fixed_10pct,random_fixed_10pct_vary_alpha,deterioration_severity,weighted_directed_community_assortativity,auc_abs_delta,0.00228577297202938
mu_0p150,0.15,0.15,144,24,null,edge_weakening_random_subset,random_fixed_10pct,random_fixed_10pct_vary_alpha,deterioration_severity,weighted_directed_community_assortativity,auc_abs_delta,0.00380780768752498
mu_0p150,0.15,0.15,145,25,null,edge_weakening_random_subset,random_fixed_10pct,random_fixed_10pct_vary_alpha,deterioration_severity,weighted_directed_community_assortativity,auc_abs_delta,0.00127925620953444
mu_0p150,0.15,0.15,146,26,null,edge_weakening_random_subset,random_fixed_10pct,random_fixed_10pct_vary_alpha,deterioration_severity,weighted_directed_community_assortativity,auc_abs_delta,0.00282861578129186
mu_0p150,0.15,0.15,147,27,null,edge_weakening_random_subset,random_fixed_10pct,random_fixed_10pct_vary_alpha,deterioration_severity,weighted_directed_community_assortativity,auc_abs_delta,0.0016847749974813
mu_0p150,0.15,0.15,148,28,null,edge_weakening_random_subset,random_fixed_10pct,random_fixed_10pct_vary_alpha,deterioration_severity,weighted_directed_community_assortativity,auc_abs_delta,0.0044579583796643596
mu_0p150,0.15,0.15,149,29,null,edge_weakening_random_subset,random_fixed_10pct,random_fixed_10pct_vary_alpha,deterioration_severity,weighted_directed_community_assortativity,auc_abs_delta,0.0020417854509918
mu_0p150,0.15,0.15,150,30,null,edge_weakening_random_subset,random_fixed_10pct,random_fixed_10pct_vary_alpha,deterioration_severity,weighted_directed_community_assortativity,auc_abs_delta,0.0014637670645926601
mu_0p150,0.15,0.15,151,31,null,edge_weakening_random_subset,random_fixed_10pct,random_fixed_10pct_vary_alpha,deterioration_severity,weighted_directed_community_assortativity,auc_abs_delta,0.0015283247319981801
mu_0p150,0.15,0.15,152,32,null,edge_weakening_random_subset,random_fixed_10pct,random_fixed_10pct_vary_alpha,deterioration_severity,weighted_directed_community_assortativity,auc_abs_delta,0.00202798216954828
mu_0p150,0.15,0.15,153,33,null,edge_weakening_random_subset,random_fixed_10pct,random_fixed_10pct_vary_alpha,deterioration_severity,weighted_directed_community_assortativity,auc_abs_delta,0.00264693663676262
mu_0p150,0.15,0.15,154,34,null,edge_weakening_random_subset,random_fixed_10pct,random_fixed_10pct_vary_alpha,deterioration_severity,weighted_directed_community_assortativity,auc_abs_delta,0.0016920197949357799
mu_0p150,0.15,0.15,155,35,null,edge_weakening_random_subset,random_fixed_10pct,random_fixed_10pct_vary_alpha,deterioration_severity,weighted_directed_community_assortativity,auc_abs_delta,0.0024750132823665
mu_0p150,0.15,0.15,156,36,null,edge_weakening_random_subset,random_fixed_10pct,random_fixed_10pct_vary_alpha,deterioration_severity,weighted_directed_community_assortativity,auc_abs_delta,0.00295892013001778
mu_0p150,0.15,0.15,157,37,null,edge_weakening_random_subset,random_fixed_10pct,random_fixed_10pct_vary_alpha,deterioration_severity,weighted_directed_community_assortativity,auc_abs_delta,0.0024761055309115
mu_0p150,0.15,0.15,158,38,null,edge_weakening_random_subset,random_fixed_10pct,random_fixed_10pct_vary_alpha,deterioration_severity,weighted_directed_community_assortativity,auc_abs_delta,0.0035066445284981595
mu_0p150,0.15,0.15,159,39,null,edge_weakening_random_subset,random_fixed_10pct,random_fixed_10pct_vary_alpha,deterioration_severity,weighted_directed_community_assortativity,auc_abs_delta,0.001926197298048295
mu_0p175,0.175,0.175,160,0,null,edge_weakening_random_subset,random_fixed_10pct,random_fixed_10pct_vary_alpha,deterioration_severity,weighted_directed_community_assortativity,auc_abs_delta,0.0013643851035985799
mu_0p175,0.175,0.175,161,1,null,edge_weakening_random_subset,random_fixed_10pct,random_fixed_10pct_vary_alpha,deterioration_severity,weighted_directed_community_assortativity,auc_abs_delta,0.0033193481338680804
mu_0p175,0.175,0.175,162,2,null,edge_weakening_random_subset,random_fixed_10pct,random_fixed_10pct_vary_alpha,deterioration_severity,weighted_directed_community_assortativity,auc_abs_delta,0.00259980152998418
mu_0p175,0.175,0.175,163,3,null,edge_weakening_random_subset,random_fixed_10pct,random_fixed_10pct_vary_alpha,deterioration_severity,weighted_directed_community_assortativity,auc_abs_delta,0.001446514533111671
mu_0p175,0.175,0.175,164,4,null,edge_weakening_random_subset,random_fixed_10pct,random_fixed_10pct_vary_alpha,deterioration_severity,weighted_directed_community_assortativity,auc_abs_delta,0.0011885518486742
mu_0p175,0.175,0.175,165,5,null,edge_weakening_random_subset,random_fixed_10pct,random_fixed_10pct_vary_alpha,deterioration_severity,weighted_directed_community_assortativity,auc_abs_delta,0.00264816475322784
mu_0p175,0.175,0.175,166,6,null,edge_weakening_random_subset,random_fixed_10pct,random_fixed_10pct_vary_alpha,deterioration_severity,weighted_directed_community_assortativity,auc_abs_delta,0.0019039298130436363
mu_0p175,0.175,0.175,167,7,null,edge_weakening_random_subset,random_fixed_10pct,random_fixed_10pct_vary_alpha,deterioration_severity,weighted_directed_community_assortativity,auc_abs_delta,0.00106571781434922
mu_0p175,0.175,0.175,168,8,null,edge_weakening_random_subset,random_fixed_10pct,random_fixed_10pct_vary_alpha,deterioration_severity,weighted_directed_community_assortativity,auc_abs_delta,0.0029073395078350597
mu_0p175,0.175,0.175,169,9,null,edge_weakening_random_subset,random_fixed_10pct,random_fixed_10pct_vary_alpha,deterioration_severity,weighted_directed_community_assortativity,auc_abs_delta,0.0019502320993551002
mu_0p175,0.175,0.175,170,10,null,edge_weakening_random_subset,random_fixed_10pct,random_fixed_10pct_vary_alpha,deterioration_severity,weighted_directed_community_assortativity,auc_abs_delta,0.0015595329465196799
mu_0p175,0.175,0.175,171,11,null,edge_weakening_random_subset,random_fixed_10pct,random_fixed_10pct_vary_alpha,deterioration_severity,weighted_directed_community_assortativity,auc_abs_delta,0.001303077121668352
mu_0p175,0.175,0.175,172,12,null,edge_weakening_random_subset,random_fixed_10pct,random_fixed_10pct_vary_alpha,deterioration_severity,weighted_directed_community_assortativity,auc_abs_delta,0.001655059942645339
mu_0p175,0.175,0.175,173,13,null,edge_weakening_random_subset,random_fixed_10pct,random_fixed_10pct_vary_alpha,deterioration_severity,weighted_directed_community_assortativity,auc_abs_delta,0.0018071694685522599
mu_0p175,0.175,0.175,174,14,null,edge_weakening_random_subset,random_fixed_10pct,random_fixed_10pct_vary_alpha,deterioration_severity,weighted_directed_community_assortativity,auc_abs_delta,0.00245148175175428
mu_0p175,0.175,0.175,175,15,null,edge_weakening_random_subset,random_fixed_10pct,random_fixed_10pct_vary_alpha,deterioration_severity,weighted_directed_community_assortativity,auc_abs_delta,0.0017030237701268
mu_0p175,0.175,0.175,176,16,null,edge_weakening_random_subset,random_fixed_10pct,random_fixed_10pct_vary_alpha,deterioration_severity,weighted_directed_community_assortativity,auc_abs_delta,0.0021144558896726224
mu_0p175,0.175,0.175,177,17,null,edge_weakening_random_subset,random_fixed_10pct,random_fixed_10pct_vary_alpha,deterioration_severity,weighted_directed_community_assortativity,auc_abs_delta,0.0016422610269543995
mu_0p175,0.175,0.175,178,18,null,edge_weakening_random_subset,random_fixed_10pct,random_fixed_10pct_vary_alpha,deterioration_severity,weighted_directed_community_assortativity,auc_abs_delta,0.0045260622003523
mu_0p175,0.175,0.175,179,19,null,edge_weakening_random_subset,random_fixed_10pct,random_fixed_10pct_vary_alpha,deterioration_severity,weighted_directed_community_assortativity,auc_abs_delta,0.00500715593171378
mu_0p175,0.175,0.175,180,20,null,edge_weakening_random_subset,random_fixed_10pct,random_fixed_10pct_vary_alpha,deterioration_severity,weighted_directed_community_assortativity,auc_abs_delta,0.0033900985976858997
mu_0p175,0.175,0.175,181,21,null,edge_weakening_random_subset,random_fixed_10pct,random_fixed_10pct_vary_alpha,deterioration_severity,weighted_directed_community_assortativity,auc_abs_delta,0.00271347146755468
mu_0p175,0.175,0.175,182,22,null,edge_weakening_random_subset,random_fixed_10pct,random_fixed_10pct_vary_alpha,deterioration_severity,weighted_directed_community_assortativity,auc_abs_delta,0.00293560353601344
mu_0p175,0.175,0.175,183,23,null,edge_weakening_random_subset,random_fixed_10pct,random_fixed_10pct_vary_alpha,deterioration_severity,weighted_directed_community_assortativity,auc_abs_delta,0.00215045052317112
mu_0p175,0.175,0.175,184,24,null,edge_weakening_random_subset,random_fixed_10pct,random_fixed_10pct_vary_alpha,deterioration_severity,weighted_directed_community_assortativity,auc_abs_delta,0.00312638890549572
mu_0p175,0.175,0.175,185,25,null,edge_weakening_random_subset,random_fixed_10pct,random_fixed_10pct_vary_alpha,deterioration_severity,weighted_directed_community_assortativity,auc_abs_delta,0.00211238464991642
mu_0p175,0.175,0.175,186,26,null,edge_weakening_random_subset,random_fixed_10pct,random_fixed_10pct_vary_alpha,deterioration_severity,weighted_directed_community_assortativity,auc_abs_delta,0.0017524368674963601
mu_0p175,0.175,0.175,187,27,null,edge_weakening_random_subset,random_fixed_10pct,random_fixed_10pct_vary_alpha,deterioration_severity,weighted_directed_community_assortativity,auc_abs_delta,0.0034915882030898
mu_0p175,0.175,0.175,188,28,null,edge_weakening_random_subset,random_fixed_10pct,random_fixed_10pct_vary_alpha,deterioration_severity,weighted_directed_community_assortativity,auc_abs_delta,0.00340316000459098
mu_0p175,0.175,0.175,189,29,null,edge_weakening_random_subset,random_fixed_10pct,random_fixed_10pct_vary_alpha,deterioration_severity,weighted_directed_community_assortativity,auc_abs_delta,0.00576802645805146
mu_0p175,0.175,0.175,190,30,null,edge_weakening_random_subset,random_fixed_10pct,random_fixed_10pct_vary_alpha,deterioration_severity,weighted_directed_community_assortativity,auc_abs_delta,0.00348260089989118
mu_0p175,0.175,0.175,191,31,null,edge_weakening_random_subset,random_fixed_10pct,random_fixed_10pct_vary_alpha,deterioration_severity,weighted_directed_community_assortativity,auc_abs_delta,0.0016331852058130997
mu_0p175,0.175,0.175,192,32,null,edge_weakening_random_subset,random_fixed_10pct,random_fixed_10pct_vary_alpha,deterioration_severity,weighted_directed_community_assortativity,auc_abs_delta,0.00181485959316996
mu_0p175,0.175,0.175,193,33,null,edge_weakening_random_subset,random_fixed_10pct,random_fixed_10pct_vary_alpha,deterioration_severity,weighted_directed_community_assortativity,auc_abs_delta,0.00221496547171244
mu_0p175,0.175,0.175,194,34,null,edge_weakening_random_subset,random_fixed_10pct,random_fixed_10pct_vary_alpha,deterioration_severity,weighted_directed_community_assortativity,auc_abs_delta,0.00302965287989414
mu_0p175,0.175,0.175,195,35,null,edge_weakening_random_subset,random_fixed_10pct,random_fixed_10pct_vary_alpha,deterioration_severity,weighted_directed_community_assortativity,auc_abs_delta,0.00469487634512176
mu_0p175,0.175,0.175,196,36,null,edge_weakening_random_subset,random_fixed_10pct,random_fixed_10pct_vary_alpha,deterioration_severity,weighted_directed_community_assortativity,auc_abs_delta,0.00275118927951312
mu_0p175,0.175,0.175,197,37,null,edge_weakening_random_subset,random_fixed_10pct,random_fixed_10pct_vary_alpha,deterioration_severity,weighted_directed_community_assortativity,auc_abs_delta,0.0021189615860473998
mu_0p175,0.175,0.175,198,38,null,edge_weakening_random_subset,random_fixed_10pct,random_fixed_10pct_vary_alpha,deterioration_severity,weighted_directed_community_assortativity,auc_abs_delta,0.0025825729674833044
mu_0p175,0.175,0.175,199,39,null,edge_weakening_random_subset,random_fixed_10pct,random_fixed_10pct_vary_alpha,deterioration_severity,weighted_directed_community_assortativity,auc_abs_delta,0.00194792464509616
mu_0p225,0.225,0.225,200,0,null,edge_weakening_random_subset,random_fixed_10pct,random_fixed_10pct_vary_alpha,deterioration_severity,weighted_directed_community_assortativity,auc_abs_delta,0.0026653347013193005
mu_0p225,0.225,0.225,201,1,null,edge_weakening_random_subset,random_fixed_10pct,random_fixed_10pct_vary_alpha,deterioration_severity,weighted_directed_community_assortativity,auc_abs_delta,0.0032142350863533405
mu_0p225,0.225,0.225,202,2,null,edge_weakening_random_subset,random_fixed_10pct,random_fixed_10pct_vary_alpha,deterioration_severity,weighted_directed_community_assortativity,auc_abs_delta,0.003503845467486636
mu_0p225,0.225,0.225,203,3,null,edge_weakening_random_subset,random_fixed_10pct,random_fixed_10pct_vary_alpha,deterioration_severity,weighted_directed_community_assortativity,auc_abs_delta,0.00355253183480332
mu_0p225,0.225,0.225,204,4,null,edge_weakening_random_subset,random_fixed_10pct,random_fixed_10pct_vary_alpha,deterioration_severity,weighted_directed_community_assortativity,auc_abs_delta,0.00235825706930972
mu_0p225,0.225,0.225,205,5,null,edge_weakening_random_subset,random_fixed_10pct,random_fixed_10pct_vary_alpha,deterioration_severity,weighted_directed_community_assortativity,auc_abs_delta,0.0017066628985292001
mu_0p225,0.225,0.225,206,6,null,edge_weakening_random_subset,random_fixed_10pct,random_fixed_10pct_vary_alpha,deterioration_severity,weighted_directed_community_assortativity,auc_abs_delta,0.0021653071892803
mu_0p225,0.225,0.225,207,7,null,edge_weakening_random_subset,random_fixed_10pct,random_fixed_10pct_vary_alpha,deterioration_severity,weighted_directed_community_assortativity,auc_abs_delta,0.0019436335208492558
mu_0p225,0.225,0.225,208,8,null,edge_weakening_random_subset,random_fixed_10pct,random_fixed_10pct_vary_alpha,deterioration_severity,weighted_directed_community_assortativity,auc_abs_delta,0.00226438257997332
mu_0p225,0.225,0.225,209,9,null,edge_weakening_random_subset,random_fixed_10pct,random_fixed_10pct_vary_alpha,deterioration_severity,weighted_directed_community_assortativity,auc_abs_delta,0.0032512364361074
mu_0p225,0.225,0.225,210,10,null,edge_weakening_random_subset,random_fixed_10pct,random_fixed_10pct_vary_alpha,deterioration_severity,weighted_directed_community_assortativity,auc_abs_delta,0.00275486147782724
mu_0p225,0.225,0.225,211,11,null,edge_weakening_random_subset,random_fixed_10pct,random_fixed_10pct_vary_alpha,deterioration_severity,weighted_directed_community_assortativity,auc_abs_delta,0.00176814789124358
mu_0p225,0.225,0.225,212,12,null,edge_weakening_random_subset,random_fixed_10pct,random_fixed_10pct_vary_alpha,deterioration_severity,weighted_directed_community_assortativity,auc_abs_delta,0.00405954538471778
mu_0p225,0.225,0.225,213,13,null,edge_weakening_random_subset,random_fixed_10pct,random_fixed_10pct_vary_alpha,deterioration_severity,weighted_directed_community_assortativity,auc_abs_delta,0.0008147771134683809
mu_0p225,0.225,0.225,214,14,null,edge_weakening_random_subset,random_fixed_10pct,random_fixed_10pct_vary_alpha,deterioration_severity,weighted_directed_community_assortativity,auc_abs_delta,0.00232412543806414
mu_0p225,0.225,0.225,215,15,null,edge_weakening_random_subset,random_fixed_10pct,random_fixed_10pct_vary_alpha,deterioration_severity,weighted_directed_community_assortativity,auc_abs_delta,0.0018596810900259001
mu_0p225,0.225,0.225,216,16,null,edge_weakening_random_subset,random_fixed_10pct,random_fixed_10pct_vary_alpha,deterioration_severity,weighted_directed_community_assortativity,auc_abs_delta,0.0038655325381699
mu_0p225,0.225,0.225,217,17,null,edge_weakening_random_subset,random_fixed_10pct,random_fixed_10pct_vary_alpha,deterioration_severity,weighted_directed_community_assortativity,auc_abs_delta,0.00166625937462124
mu_0p225,0.225,0.225,218,18,null,edge_weakening_random_subset,random_fixed_10pct,random_fixed_10pct_vary_alpha,deterioration_severity,weighted_directed_community_assortativity,auc_abs_delta,0.0023376945131659403
mu_0p225,0.225,0.225,219,19,null,edge_weakening_random_subset,random_fixed_10pct,random_fixed_10pct_vary_alpha,deterioration_severity,weighted_directed_community_assortativity,auc_abs_delta,0.0016849583702528003
mu_0p225,0.225,0.225,220,20,null,edge_weakening_random_subset,random_fixed_10pct,random_fixed_10pct_vary_alpha,deterioration_severity,weighted_directed_community_assortativity,auc_abs_delta,0.0025406750808370598
mu_0p225,0.225,0.225,221,21,null,edge_weakening_random_subset,random_fixed_10pct,random_fixed_10pct_vary_alpha,deterioration_severity,weighted_directed_community_assortativity,auc_abs_delta,0.001307979069746343
mu_0p225,0.225,0.225,222,22,null,edge_weakening_random_subset,random_fixed_10pct,random_fixed_10pct_vary_alpha,deterioration_severity,weighted_directed_community_assortativity,auc_abs_delta,0.001388824093740567
mu_0p225,0.225,0.225,223,23,null,edge_weakening_random_subset,random_fixed_10pct,random_fixed_10pct_vary_alpha,deterioration_severity,weighted_directed_community_assortativity,auc_abs_delta,0.00330553337910472
mu_0p225,0.225,0.225,224,24,null,edge_weakening_random_subset,random_fixed_10pct,random_fixed_10pct_vary_alpha,deterioration_severity,weighted_directed_community_assortativity,auc_abs_delta,0.00259230785817018
mu_0p225,0.225,0.225,225,25,null,edge_weakening_random_subset,random_fixed_10pct,random_fixed_10pct_vary_alpha,deterioration_severity,weighted_directed_community_assortativity,auc_abs_delta,0.00435308906785406
mu_0p225,0.225,0.225,226,26,null,edge_weakening_random_subset,random_fixed_10pct,random_fixed_10pct_vary_alpha,deterioration_severity,weighted_directed_community_assortativity,auc_abs_delta,0.0011701265152308888
mu_0p225,0.225,0.225,227,27,null,edge_weakening_random_subset,random_fixed_10pct,random_fixed_10pct_vary_alpha,deterioration_severity,weighted_directed_community_assortativity,auc_abs_delta,0.00119657921252618
mu_0p225,0.225,0.225,228,28,null,edge_weakening_random_subset,random_fixed_10pct,random_fixed_10pct_vary_alpha,deterioration_severity,weighted_directed_community_assortativity,auc_abs_delta,0.003225929393223989
mu_0p225,0.225,0.225,229,29,null,edge_weakening_random_subset,random_fixed_10pct,random_fixed_10pct_vary_alpha,deterioration_severity,weighted_directed_community_assortativity,auc_abs_delta,0.0029462020777396595
mu_0p225,0.225,0.225,230,30,null,edge_weakening_random_subset,random_fixed_10pct,random_fixed_10pct_vary_alpha,deterioration_severity,weighted_directed_community_assortativity,auc_abs_delta,0.0017540571137368
mu_0p225,0.225,0.225,231,31,null,edge_weakening_random_subset,random_fixed_10pct,random_fixed_10pct_vary_alpha,deterioration_severity,weighted_directed_community_assortativity,auc_abs_delta,0.0030951977331313803
mu_0p225,0.225,0.225,232,32,null,edge_weakening_random_subset,random_fixed_10pct,random_fixed_10pct_vary_alpha,deterioration_severity,weighted_directed_community_assortativity,auc_abs_delta,0.00265697805416696
mu_0p225,0.225,0.225,233,33,null,edge_weakening_random_subset,random_fixed_10pct,random_fixed_10pct_vary_alpha,deterioration_severity,weighted_directed_community_assortativity,auc_abs_delta,0.0016027925992213002
mu_0p225,0.225,0.225,234,34,null,edge_weakening_random_subset,random_fixed_10pct,random_fixed_10pct_vary_alpha,deterioration_severity,weighted_directed_community_assortativity,auc_abs_delta,0.00137157001561606
mu_0p225,0.225,0.225,235,35,null,edge_weakening_random_subset,random_fixed_10pct,random_fixed_10pct_vary_alpha,deterioration_severity,weighted_directed_community_assortativity,auc_abs_delta,0.002333011765505
mu_0p225,0.225,0.225,236,36,null,edge_weakening_random_subset,random_fixed_10pct,random_fixed_10pct_vary_alpha,deterioration_severity,weighted_directed_community_assortativity,auc_abs_delta,0.00293296266260668
mu_0p225,0.225,0.225,237,37,null,edge_weakening_random_subset,random_fixed_10pct,random_fixed_10pct_vary_alpha,deterioration_severity,weighted_directed_community_assortativity,auc_abs_delta,0.0016259156783698999
mu_0p225,0.225,0.225,238,38,null,edge_weakening_random_subset,random_fixed_10pct,random_fixed_10pct_vary_alpha,deterioration_severity,weighted_directed_community_assortativity,auc_abs_delta,0.002376332740407721
mu_0p225,0.225,0.225,239,39,null,edge_weakening_random_subset,random_fixed_10pct,random_fixed_10pct_vary_alpha,deterioration_severity,weighted_directed_community_assortativity,auc_abs_delta,0.00220058489989206
mu_0p300,0.3,0.3,240,0,null,edge_weakening_random_subset,random_fixed_10pct,random_fixed_10pct_vary_alpha,deterioration_severity,weighted_directed_community_assortativity,auc_abs_delta,0.00474383476171108
mu_0p300,0.3,0.3,241,1,null,edge_weakening_random_subset,random_fixed_10pct,random_fixed_10pct_vary_alpha,deterioration_severity,weighted_directed_community_assortativity,auc_abs_delta,0.00255719318348198
mu_0p300,0.3,0.3,242,2,null,edge_weakening_random_subset,random_fixed_10pct,random_fixed_10pct_vary_alpha,deterioration_severity,weighted_directed_community_assortativity,auc_abs_delta,0.00259059559988344
mu_0p300,0.3,0.3,243,3,null,edge_weakening_random_subset,random_fixed_10pct,random_fixed_10pct_vary_alpha,deterioration_severity,weighted_directed_community_assortativity,auc_abs_delta,0.00223796405912188
mu_0p300,0.3,0.3,244,4,null,edge_weakening_random_subset,random_fixed_10pct,random_fixed_10pct_vary_alpha,deterioration_severity,weighted_directed_community_assortativity,auc_abs_delta,0.00121005787751022
mu_0p300,0.3,0.3,245,5,null,edge_weakening_random_subset,random_fixed_10pct,random_fixed_10pct_vary_alpha,deterioration_severity,weighted_directed_community_assortativity,auc_abs_delta,0.0010098425057685
mu_0p300,0.3,0.3,246,6,null,edge_weakening_random_subset,random_fixed_10pct,random_fixed_10pct_vary_alpha,deterioration_severity,weighted_directed_community_assortativity,auc_abs_delta,0.0018902082520443
mu_0p300,0.3,0.3,247,7,null,edge_weakening_random_subset,random_fixed_10pct,random_fixed_10pct_vary_alpha,deterioration_severity,weighted_directed_community_assortativity,auc_abs_delta,0.001921756792283297
mu_0p300,0.3,0.3,248,8,null,edge_weakening_random_subset,random_fixed_10pct,random_fixed_10pct_vary_alpha,deterioration_severity,weighted_directed_community_assortativity,auc_abs_delta,0.00370013064168198
mu_0p300,0.3,0.3,249,9,null,edge_weakening_random_subset,random_fixed_10pct,random_fixed_10pct_vary_alpha,deterioration_severity,weighted_directed_community_assortativity,auc_abs_delta,0.00126846500137376
mu_0p300,0.3,0.3,250,10,null,edge_weakening_random_subset,random_fixed_10pct,random_fixed_10pct_vary_alpha,deterioration_severity,weighted_directed_community_assortativity,auc_abs_delta,0.00232764760806776
mu_0p300,0.3,0.3,251,11,null,edge_weakening_random_subset,random_fixed_10pct,random_fixed_10pct_vary_alpha,deterioration_severity,weighted_directed_community_assortativity,auc_abs_delta,0.00275663917913826
mu_0p300,0.3,0.3,252,12,null,edge_weakening_random_subset,random_fixed_10pct,random_fixed_10pct_vary_alpha,deterioration_severity,weighted_directed_community_assortativity,auc_abs_delta,0.002679584808999681
mu_0p300,0.3,0.3,253,13,null,edge_weakening_random_subset,random_fixed_10pct,random_fixed_10pct_vary_alpha,deterioration_severity,weighted_directed_community_assortativity,auc_abs_delta,0.0024895096914379603
mu_0p300,0.3,0.3,254,14,null,edge_weakening_random_subset,random_fixed_10pct,random_fixed_10pct_vary_alpha,deterioration_severity,weighted_directed_community_assortativity,auc_abs_delta,0.00128036568726604
mu_0p300,0.3,0.3,255,15,null,edge_weakening_random_subset,random_fixed_10pct,random_fixed_10pct_vary_alpha,deterioration_severity,weighted_directed_community_assortativity,auc_abs_delta,0.0019240848315649002
mu_0p300,0.3,0.3,256,16,null,edge_weakening_random_subset,random_fixed_10pct,random_fixed_10pct_vary_alpha,deterioration_severity,weighted_directed_community_assortativity,auc_abs_delta,0.0027808394740242
mu_0p300,0.3,0.3,257,17,null,edge_weakening_random_subset,random_fixed_10pct,random_fixed_10pct_vary_alpha,deterioration_severity,weighted_directed_community_assortativity,auc_abs_delta,0.00322475022583206
mu_0p300,0.3,0.3,258,18,null,edge_weakening_random_subset,random_fixed_10pct,random_fixed_10pct_vary_alpha,deterioration_severity,weighted_directed_community_assortativity,auc_abs_delta,0.0023227639560865
mu_0p300,0.3,0.3,259,19,null,edge_weakening_random_subset,random_fixed_10pct,random_fixed_10pct_vary_alpha,deterioration_severity,weighted_directed_community_assortativity,auc_abs_delta,0.00262383637289686
mu_0p300,0.3,0.3,260,20,null,edge_weakening_random_subset,random_fixed_10pct,random_fixed_10pct_vary_alpha,deterioration_severity,weighted_directed_community_assortativity,auc_abs_delta,0.00226004777476592
mu_0p300,0.3,0.3,261,21,null,edge_weakening_random_subset,random_fixed_10pct,random_fixed_10pct_vary_alpha,deterioration_severity,weighted_directed_community_assortativity,auc_abs_delta,0.00279874604677352
mu_0p300,0.3,0.3,262,22,null,edge_weakening_random_subset,random_fixed_10pct,random_fixed_10pct_vary_alpha,deterioration_severity,weighted_directed_community_assortativity,auc_abs_delta,0.00288734098344334
mu_0p300,0.3,0.3,263,23,null,edge_weakening_random_subset,random_fixed_10pct,random_fixed_10pct_vary_alpha,deterioration_severity,weighted_directed_community_assortativity,auc_abs_delta,0.00243190966923482
mu_0p300,0.3,0.3,264,24,null,edge_weakening_random_subset,random_fixed_10pct,random_fixed_10pct_vary_alpha,deterioration_severity,weighted_directed_community_assortativity,auc_abs_delta,0.0035588446111788604
mu_0p300,0.3,0.3,265,25,null,edge_weakening_random_subset,random_fixed_10pct,random_fixed_10pct_vary_alpha,deterioration_severity,weighted_directed_community_assortativity,auc_abs_delta,0.002814690529611
mu_0p300,0.3,0.3,266,26,null,edge_weakening_random_subset,random_fixed_10pct,random_fixed_10pct_vary_alpha,deterioration_severity,weighted_directed_community_assortativity,auc_abs_delta,0.001841513979678909
mu_0p300,0.3,0.3,267,27,null,edge_weakening_random_subset,random_fixed_10pct,random_fixed_10pct_vary_alpha,deterioration_severity,weighted_directed_community_assortativity,auc_abs_delta,0.00257750983828584
mu_0p300,0.3,0.3,268,28,null,edge_weakening_random_subset,random_fixed_10pct,random_fixed_10pct_vary_alpha,deterioration_severity,weighted_directed_community_assortativity,auc_abs_delta,0.00334072724354974
mu_0p300,0.3,0.3,269,29,null,edge_weakening_random_subset,random_fixed_10pct,random_fixed_10pct_vary_alpha,deterioration_severity,weighted_directed_community_assortativity,auc_abs_delta,0.0023374577479393804
mu_0p300,0.3,0.3,270,30,null,edge_weakening_random_subset,random_fixed_10pct,random_fixed_10pct_vary_alpha,deterioration_severity,weighted_directed_community_assortativity,auc_abs_delta,0.00303761715370444
mu_0p300,0.3,0.3,271,31,null,edge_weakening_random_subset,random_fixed_10pct,random_fixed_10pct_vary_alpha,deterioration_severity,weighted_directed_community_assortativity,auc_abs_delta,0.0018737251367614799
mu_0p300,0.3,0.3,272,32,null,edge_weakening_random_subset,random_fixed_10pct,random_fixed_10pct_vary_alpha,deterioration_severity,weighted_directed_community_assortativity,auc_abs_delta,0.0046763567738572
mu_0p300,0.3,0.3,273,33,null,edge_weakening_random_subset,random_fixed_10pct,random_fixed_10pct_vary_alpha,deterioration_severity,weighted_directed_community_assortativity,auc_abs_delta,0.0027473668864824797
mu_0p300,0.3,0.3,274,34,null,edge_weakening_random_subset,random_fixed_10pct,random_fixed_10pct_vary_alpha,deterioration_severity,weighted_directed_community_assortativity,auc_abs_delta,0.0017976891045476
mu_0p300,0.3,0.3,275,35,null,edge_weakening_random_subset,random_fixed_10pct,random_fixed_10pct_vary_alpha,deterioration_severity,weighted_directed_community_assortativity,auc_abs_delta,0.00249949411984528
mu_0p300,0.3,0.3,276,36,null,edge_weakening_random_subset,random_fixed_10pct,random_fixed_10pct_vary_alpha,deterioration_severity,weighted_directed_community_assortativity,auc_abs_delta,0.0011102318548591
mu_0p300,0.3,0.3,277,37,null,edge_weakening_random_subset,random_fixed_10pct,random_fixed_10pct_vary_alpha,deterioration_severity,weighted_directed_community_assortativity,auc_abs_delta,0.00330356547621046
mu_0p300,0.3,0.3,278,38,null,edge_weakening_random_subset,random_fixed_10pct,random_fixed_10pct_vary_alpha,deterioration_severity,weighted_directed_community_assortativity,auc_abs_delta,0.00192017300852298
mu_0p300,0.3,0.3,279,39,null,edge_weakening_random_subset,random_fixed_10pct,random_fixed_10pct_vary_alpha,deterioration_severity,weighted_directed_community_assortativity,auc_abs_delta,0.00373540165783452
mu_0p075,0.075,0.075,0,0,null,edge_weakening_random_subset,weighted_edge_betweenness_fixed_10pct,random_fixed_10pct_vary_alpha,deterioration_severity,weighted_directed_community_assortativity,auc_abs_delta,0.0018042944521422
mu_0p075,0.075,0.075,1,1,null,edge_weakening_random_subset,weighted_edge_betweenness_fixed_10pct,random_fixed_10pct_vary_alpha,deterioration_severity,weighted_directed_community_assortativity,auc_abs_delta,0.0005067235877146
mu_0p075,0.075,0.075,2,2,null,edge_weakening_random_subset,weighted_edge_betweenness_fixed_10pct,random_fixed_10pct_vary_alpha,deterioration_severity,weighted_directed_community_assortativity,auc_abs_delta,0.0033586508056803
mu_0p075,0.075,0.075,3,3,null,edge_weakening_random_subset,weighted_edge_betweenness_fixed_10pct,random_fixed_10pct_vary_alpha,deterioration_severity,weighted_directed_community_assortativity,auc_abs_delta,0.0005848553003437
mu_0p075,0.075,0.075,4,4,null,edge_weakening_random_subset,weighted_edge_betweenness_fixed_10pct,random_fixed_10pct_vary_alpha,deterioration_severity,weighted_directed_community_assortativity,auc_abs_delta,0.0019133019576919
mu_0p075,0.075,0.075,5,5,null,edge_weakening_random_subset,weighted_edge_betweenness_fixed_10pct,random_fixed_10pct_vary_alpha,deterioration_severity,weighted_directed_community_assortativity,auc_abs_delta,0.0057164276783928
mu_0p075,0.075,0.075,6,6,null,edge_weakening_random_subset,weighted_edge_betweenness_fixed_10pct,random_fixed_10pct_vary_alpha,deterioration_severity,weighted_directed_community_assortativity,auc_abs_delta,0.0009891048527538
mu_0p075,0.075,0.075,7,7,null,edge_weakening_random_subset,weighted_edge_betweenness_fixed_10pct,random_fixed_10pct_vary_alpha,deterioration_severity,weighted_directed_community_assortativity,auc_abs_delta,0.0012838324822881
mu_0p075,0.075,0.075,8,8,null,edge_weakening_random_subset,weighted_edge_betweenness_fixed_10pct,random_fixed_10pct_vary_alpha,deterioration_severity,weighted_directed_community_assortativity,auc_abs_delta,0.0019101110703641
mu_0p075,0.075,0.075,9,9,null,edge_weakening_random_subset,weighted_edge_betweenness_fixed_10pct,random_fixed_10pct_vary_alpha,deterioration_severity,weighted_directed_community_assortativity,auc_abs_delta,0.0005818616555163
mu_0p075,0.075,0.075,10,10,null,edge_weakening_random_subset,weighted_edge_betweenness_fixed_10pct,random_fixed_10pct_vary_alpha,deterioration_severity,weighted_directed_community_assortativity,auc_abs_delta,0.0033936470092144
mu_0p075,0.075,0.075,11,11,null,edge_weakening_random_subset,weighted_edge_betweenness_fixed_10pct,random_fixed_10pct_vary_alpha,deterioration_severity,weighted_directed_community_assortativity,auc_abs_delta,0.0014618108063796
mu_0p075,0.075,0.075,12,12,null,edge_weakening_random_subset,weighted_edge_betweenness_fixed_10pct,random_fixed_10pct_vary_alpha,deterioration_severity,weighted_directed_community_assortativity,auc_abs_delta,6.622697633199516e-05
mu_0p075,0.075,0.075,13,13,null,edge_weakening_random_subset,weighted_edge_betweenness_fixed_10pct,random_fixed_10pct_vary_alpha,deterioration_severity,weighted_directed_community_assortativity,auc_abs_delta,0.0026106387994348
mu_0p075,0.075,0.075,14,14,null,edge_weakening_random_subset,weighted_edge_betweenness_fixed_10pct,random_fixed_10pct_vary_alpha,deterioration_severity,weighted_directed_community_assortativity,auc_abs_delta,0.0105523503273921
mu_0p075,0.075,0.075,15,15,null,edge_weakening_random_subset,weighted_edge_betweenness_fixed_10pct,random_fixed_10pct_vary_alpha,deterioration_severity,weighted_directed_community_assortativity,auc_abs_delta,0.0013001631119446
mu_0p075,0.075,0.075,16,16,null,edge_weakening_random_subset,weighted_edge_betweenness_fixed_10pct,random_fixed_10pct_vary_alpha,deterioration_severity,weighted_directed_community_assortativity,auc_abs_delta,0.0048681516953364
mu_0p075,0.075,0.075,17,17,null,edge_weakening_random_subset,weighted_edge_betweenness_fixed_10pct,random_fixed_10pct_vary_alpha,deterioration_severity,weighted_directed_community_assortativity,auc_abs_delta,0.0009102107597671
mu_0p075,0.075,0.075,18,18,null,edge_weakening_random_subset,weighted_edge_betweenness_fixed_10pct,random_fixed_10pct_vary_alpha,deterioration_severity,weighted_directed_community_assortativity,auc_abs_delta,0.0021510215466601
mu_0p075,0.075,0.075,19,19,null,edge_weakening_random_subset,weighted_edge_betweenness_fixed_10pct,random_fixed_10pct_vary_alpha,deterioration_severity,weighted_directed_community_assortativity,auc_abs_delta,0.0022895666742849
mu_0p075,0.075,0.075,20,20,null,edge_weakening_random_subset,weighted_edge_betweenness_fixed_10pct,random_fixed_10pct_vary_alpha,deterioration_severity,weighted_directed_community_assortativity,auc_abs_delta,4.445146918752009e-05
mu_0p075,0.075,0.075,21,21,null,edge_weakening_random_subset,weighted_edge_betweenness_fixed_10pct,random_fixed_10pct_vary_alpha,deterioration_severity,weighted_directed_community_assortativity,auc_abs_delta,0.0007135939344114
mu_0p075,0.075,0.075,22,22,null,edge_weakening_random_subset,weighted_edge_betweenness_fixed_10pct,random_fixed_10pct_vary_alpha,deterioration_severity,weighted_directed_community_assortativity,auc_abs_delta,0.003498784888489
mu_0p075,0.075,0.075,23,23,null,edge_weakening_random_subset,weighted_edge_betweenness_fixed_10pct,random_fixed_10pct_vary_alpha,deterioration_severity,weighted_directed_community_assortativity,auc_abs_delta,7.468935438244424e-05
mu_0p075,0.075,0.075,24,24,null,edge_weakening_random_subset,weighted_edge_betweenness_fixed_10pct,random_fixed_10pct_vary_alpha,deterioration_severity,weighted_directed_community_assortativity,auc_abs_delta,0.0013379175612823
mu_0p075,0.075,0.075,25,25,null,edge_weakening_random_subset,weighted_edge_betweenness_fixed_10pct,random_fixed_10pct_vary_alpha,deterioration_severity,weighted_directed_community_assortativity,auc_abs_delta,0.00064724131437
mu_0p075,0.075,0.075,26,26,null,edge_weakening_random_subset,weighted_edge_betweenness_fixed_10pct,random_fixed_10pct_vary_alpha,deterioration_severity,weighted_directed_community_assortativity,auc_abs_delta,0.0011275045421234
mu_0p075,0.075,0.075,27,27,null,edge_weakening_random_subset,weighted_edge_betweenness_fixed_10pct,random_fixed_10pct_vary_alpha,deterioration_severity,weighted_directed_community_assortativity,auc_abs_delta,0.0010553958681994
mu_0p075,0.075,0.075,28,28,null,edge_weakening_random_subset,weighted_edge_betweenness_fixed_10pct,random_fixed_10pct_vary_alpha,deterioration_severity,weighted_directed_community_assortativity,auc_abs_delta,0.0021596433155059
mu_0p075,0.075,0.075,29,29,null,edge_weakening_random_subset,weighted_edge_betweenness_fixed_10pct,random_fixed_10pct_vary_alpha,deterioration_severity,weighted_directed_community_assortativity,auc_abs_delta,0.0008221358061743
mu_0p075,0.075,0.075,30,30,null,edge_weakening_random_subset,weighted_edge_betweenness_fixed_10pct,random_fixed_10pct_vary_alpha,deterioration_severity,weighted_directed_community_assortativity,auc_abs_delta,0.0043297796381265
mu_0p075,0.075,0.075,31,31,null,edge_weakening_random_subset,weighted_edge_betweenness_fixed_10pct,random_fixed_10pct_vary_alpha,deterioration_severity,weighted_directed_community_assortativity,auc_abs_delta,0.0064641199156613
mu_0p075,0.075,0.075,32,32,null,edge_weakening_random_subset,weighted_edge_betweenness_fixed_10pct,random_fixed_10pct_vary_alpha,deterioration_severity,weighted_directed_community_assortativity,auc_abs_delta,0.0008989354632567
mu_0p075,0.075,0.075,33,33,null,edge_weakening_random_subset,weighted_edge_betweenness_fixed_10pct,random_fixed_10pct_vary_alpha,deterioration_severity,weighted_directed_community_assortativity,auc_abs_delta,0.0001597179225256
mu_0p075,0.075,0.075,34,34,null,edge_weakening_random_subset,weighted_edge_betweenness_fixed_10pct,random_fixed_10pct_vary_alpha,deterioration_severity,weighted_directed_community_assortativity,auc_abs_delta,0.0024836270063791
mu_0p075,0.075,0.075,35,35,null,edge_weakening_random_subset,weighted_edge_betweenness_fixed_10pct,random_fixed_10pct_vary_alpha,deterioration_severity,weighted_directed_community_assortativity,auc_abs_delta,0.0006126452164062
mu_0p075,0.075,0.075,36,36,null,edge_weakening_random_subset,weighted_edge_betweenness_fixed_10pct,random_fixed_10pct_vary_alpha,deterioration_severity,weighted_directed_community_assortativity,auc_abs_delta,0.0016278979904847
mu_0p075,0.075,0.075,37,37,null,edge_weakening_random_subset,weighted_edge_betweenness_fixed_10pct,random_fixed_10pct_vary_alpha,deterioration_severity,weighted_directed_community_assortativity,auc_abs_delta,0.0032722679322384
mu_0p075,0.075,0.075,38,38,null,edge_weakening_random_subset,weighted_edge_betweenness_fixed_10pct,random_fixed_10pct_vary_alpha,deterioration_severity,weighted_directed_community_assortativity,auc_abs_delta,0.0029957156463285
mu_0p075,0.075,0.075,39,39,null,edge_weakening_random_subset,weighted_edge_betweenness_fixed_10pct,random_fixed_10pct_vary_alpha,deterioration_severity,weighted_directed_community_assortativity,auc_abs_delta,0.0018465843014242
mu_0p100,0.1,0.1,40,0,null,edge_weakening_random_subset,weighted_edge_betweenness_fixed_10pct,random_fixed_10pct_vary_alpha,deterioration_severity,weighted_directed_community_assortativity,auc_abs_delta,0.0021922617666178
mu_0p100,0.1,0.1,41,1,null,edge_weakening_random_subset,weighted_edge_betweenness_fixed_10pct,random_fixed_10pct_vary_alpha,deterioration_severity,weighted_directed_community_assortativity,auc_abs_delta,0.0025495402683788
mu_0p100,0.1,0.1,42,2,null,edge_weakening_random_subset,weighted_edge_betweenness_fixed_10pct,random_fixed_10pct_vary_alpha,deterioration_severity,weighted_directed_community_assortativity,auc_abs_delta,0.0013352147597436
mu_0p100,0.1,0.1,43,3,null,edge_weakening_random_subset,weighted_edge_betweenness_fixed_10pct,random_fixed_10pct_vary_alpha,deterioration_severity,weighted_directed_community_assortativity,auc_abs_delta,0.0038341956991838
mu_0p100,0.1,0.1,44,4,null,edge_weakening_random_subset,weighted_edge_betweenness_fixed_10pct,random_fixed_10pct_vary_alpha,deterioration_severity,weighted_directed_community_assortativity,auc_abs_delta,0.006699616907658
mu_0p100,0.1,0.1,45,5,null,edge_weakening_random_subset,weighted_edge_betweenness_fixed_10pct,random_fixed_10pct_vary_alpha,deterioration_severity,weighted_directed_community_assortativity,auc_abs_delta,0.0090951670829181
mu_0p100,0.1,0.1,46,6,null,edge_weakening_random_subset,weighted_edge_betweenness_fixed_10pct,random_fixed_10pct_vary_alpha,deterioration_severity,weighted_directed_community_assortativity,auc_abs_delta,0.000431322267
mu_0p100,0.1,0.1,47,7,null,edge_weakening_random_subset,weighted_edge_betweenness_fixed_10pct,random_fixed_10pct_vary_alpha,deterioration_severity,weighted_directed_community_assortativity,auc_abs_delta,0.0020605008845594
mu_0p100,0.1,0.1,48,8,null,edge_weakening_random_subset,weighted_edge_betweenness_fixed_10pct,random_fixed_10pct_vary_alpha,deterioration_severity,weighted_directed_community_assortativity,auc_abs_delta,0.000269230588602
mu_0p100,0.1,0.1,49,9,null,edge_weakening_random_subset,weighted_edge_betweenness_fixed_10pct,random_fixed_10pct_vary_alpha,deterioration_severity,weighted_directed_community_assortativity,auc_abs_delta,0.0036062995076365
mu_0p100,0.1,0.1,50,10,null,edge_weakening_random_subset,weighted_edge_betweenness_fixed_10pct,random_fixed_10pct_vary_alpha,deterioration_severity,weighted_directed_community_assortativity,auc_abs_delta,0.0022522219594389
mu_0p100,0.1,0.1,51,11,null,edge_weakening_random_subset,weighted_edge_betweenness_fixed_10pct,random_fixed_10pct_vary_alpha,deterioration_severity,weighted_directed_community_assortativity,auc_abs_delta,0.0012693051428803
mu_0p100,0.1,0.1,52,12,null,edge_weakening_random_subset,weighted_edge_betweenness_fixed_10pct,random_fixed_10pct_vary_alpha,deterioration_severity,weighted_directed_community_assortativity,auc_abs_delta,0.0013610912663468
mu_0p100,0.1,0.1,53,13,null,edge_weakening_random_subset,weighted_edge_betweenness_fixed_10pct,random_fixed_10pct_vary_alpha,deterioration_severity,weighted_directed_community_assortativity,auc_abs_delta,0.0030972715107909
mu_0p100,0.1,0.1,54,14,null,edge_weakening_random_subset,weighted_edge_betweenness_fixed_10pct,random_fixed_10pct_vary_alpha,deterioration_severity,weighted_directed_community_assortativity,auc_abs_delta,0.0001876031668373
mu_0p100,0.1,0.1,55,15,null,edge_weakening_random_subset,weighted_edge_betweenness_fixed_10pct,random_fixed_10pct_vary_alpha,deterioration_severity,weighted_directed_community_assortativity,auc_abs_delta,0.001460272997328
mu_0p100,0.1,0.1,56,16,null,edge_weakening_random_subset,weighted_edge_betweenness_fixed_10pct,random_fixed_10pct_vary_alpha,deterioration_severity,weighted_directed_community_assortativity,auc_abs_delta,0.0012654866587564
mu_0p100,0.1,0.1,57,17,null,edge_weakening_random_subset,weighted_edge_betweenness_fixed_10pct,random_fixed_10pct_vary_alpha,deterioration_severity,weighted_directed_community_assortativity,auc_abs_delta,0.0059153423933621
mu_0p100,0.1,0.1,58,18,null,edge_weakening_random_subset,weighted_edge_betweenness_fixed_10pct,random_fixed_10pct_vary_alpha,deterioration_severity,weighted_directed_community_assortativity,auc_abs_delta,0.0004689883786059
mu_0p100,0.1,0.1,59,19,null,edge_weakening_random_subset,weighted_edge_betweenness_fixed_10pct,random_fixed_10pct_vary_alpha,deterioration_severity,weighted_directed_community_assortativity,auc_abs_delta,0.0057086008245377
mu_0p100,0.1,0.1,60,20,null,edge_weakening_random_subset,weighted_edge_betweenness_fixed_10pct,random_fixed_10pct_vary_alpha,deterioration_severity,weighted_directed_community_assortativity,auc_abs_delta,0.0023778342892513
mu_0p100,0.1,0.1,61,21,null,edge_weakening_random_subset,weighted_edge_betweenness_fixed_10pct,random_fixed_10pct_vary_alpha,deterioration_severity,weighted_directed_community_assortativity,auc_abs_delta,0.0004833044085348
mu_0p100,0.1,0.1,62,22,null,edge_weakening_random_subset,weighted_edge_betweenness_fixed_10pct,random_fixed_10pct_vary_alpha,deterioration_severity,weighted_directed_community_assortativity,auc_abs_delta,0.0011061236396436
mu_0p100,0.1,0.1,63,23,null,edge_weakening_random_subset,weighted_edge_betweenness_fixed_10pct,random_fixed_10pct_vary_alpha,deterioration_severity,weighted_directed_community_assortativity,auc_abs_delta,0.0004610810620075
mu_0p100,0.1,0.1,64,24,null,edge_weakening_random_subset,weighted_edge_betweenness_fixed_10pct,random_fixed_10pct_vary_alpha,deterioration_severity,weighted_directed_community_assortativity,auc_abs_delta,0.0045342816498092
mu_0p100,0.1,0.1,65,25,null,edge_weakening_random_subset,weighted_edge_betweenness_fixed_10pct,random_fixed_10pct_vary_alpha,deterioration_severity,weighted_directed_community_assortativity,auc_abs_delta,0.000636405837368
mu_0p100,0.1,0.1,66,26,null,edge_weakening_random_subset,weighted_edge_betweenness_fixed_10pct,random_fixed_10pct_vary_alpha,deterioration_severity,weighted_directed_community_assortativity,auc_abs_delta,0.0044102498235147
mu_0p100,0.1,0.1,67,27,null,edge_weakening_random_subset,weighted_edge_betweenness_fixed_10pct,random_fixed_10pct_vary_alpha,deterioration_severity,weighted_directed_community_assortativity,auc_abs_delta,0.0021153879033927
mu_0p100,0.1,0.1,68,28,null,edge_weakening_random_subset,weighted_edge_betweenness_fixed_10pct,random_fixed_10pct_vary_alpha,deterioration_severity,weighted_directed_community_assortativity,auc_abs_delta,0.0032556105619744
mu_0p100,0.1,0.1,69,29,null,edge_weakening_random_subset,weighted_edge_betweenness_fixed_10pct,random_fixed_10pct_vary_alpha,deterioration_severity,weighted_directed_community_assortativity,auc_abs_delta,0.0045458510568984
mu_0p100,0.1,0.1,70,30,null,edge_weakening_random_subset,weighted_edge_betweenness_fixed_10pct,random_fixed_10pct_vary_alpha,deterioration_severity,weighted_directed_community_assortativity,auc_abs_delta,0.0023646367519199
mu_0p100,0.1,0.1,71,31,null,edge_weakening_random_subset,weighted_edge_betweenness_fixed_10pct,random_fixed_10pct_vary_alpha,deterioration_severity,weighted_directed_community_assortativity,auc_abs_delta,0.0038362487494041
mu_0p100,0.1,0.1,72,32,null,edge_weakening_random_subset,weighted_edge_betweenness_fixed_10pct,random_fixed_10pct_vary_alpha,deterioration_severity,weighted_directed_community_assortativity,auc_abs_delta,0.003346524890495
mu_0p100,0.1,0.1,73,33,null,edge_weakening_random_subset,weighted_edge_betweenness_fixed_10pct,random_fixed_10pct_vary_alpha,deterioration_severity,weighted_directed_community_assortativity,auc_abs_delta,0.0025407922260072
mu_0p100,0.1,0.1,74,34,null,edge_weakening_random_subset,weighted_edge_betweenness_fixed_10pct,random_fixed_10pct_vary_alpha,deterioration_severity,weighted_directed_community_assortativity,auc_abs_delta,0.0022961417055169
mu_0p100,0.1,0.1,75,35,null,edge_weakening_random_subset,weighted_edge_betweenness_fixed_10pct,random_fixed_10pct_vary_alpha,deterioration_severity,weighted_directed_community_assortativity,auc_abs_delta,0.0009653486111393
mu_0p100,0.1,0.1,76,36,null,edge_weakening_random_subset,weighted_edge_betweenness_fixed_10pct,random_fixed_10pct_vary_alpha,deterioration_severity,weighted_directed_community_assortativity,auc_abs_delta,0.0038852769667776
mu_0p100,0.1,0.1,77,37,null,edge_weakening_random_subset,weighted_edge_betweenness_fixed_10pct,random_fixed_10pct_vary_alpha,deterioration_severity,weighted_directed_community_assortativity,auc_abs_delta,0.0063685673273512
mu_0p100,0.1,0.1,78,38,null,edge_weakening_random_subset,weighted_edge_betweenness_fixed_10pct,random_fixed_10pct_vary_alpha,deterioration_severity,weighted_directed_community_assortativity,auc_abs_delta,0.0090195269161175
mu_0p100,0.1,0.1,79,39,null,edge_weakening_random_subset,weighted_edge_betweenness_fixed_10pct,random_fixed_10pct_vary_alpha,deterioration_severity,weighted_directed_community_assortativity,auc_abs_delta,0.0003332242813307
mu_0p125,0.125,0.125,80,0,null,edge_weakening_random_subset,weighted_edge_betweenness_fixed_10pct,random_fixed_10pct_vary_alpha,deterioration_severity,weighted_directed_community_assortativity,auc_abs_delta,0.0015178704671242
mu_0p125,0.125,0.125,81,1,null,edge_weakening_random_subset,weighted_edge_betweenness_fixed_10pct,random_fixed_10pct_vary_alpha,deterioration_severity,weighted_directed_community_assortativity,auc_abs_delta,0.0014875287559573
mu_0p125,0.125,0.125,82,2,null,edge_weakening_random_subset,weighted_edge_betweenness_fixed_10pct,random_fixed_10pct_vary_alpha,deterioration_severity,weighted_directed_community_assortativity,auc_abs_delta,0.004353333178483
mu_0p125,0.125,0.125,83,3,null,edge_weakening_random_subset,weighted_edge_betweenness_fixed_10pct,random_fixed_10pct_vary_alpha,deterioration_severity,weighted_directed_community_assortativity,auc_abs_delta,0.0001393987565944
mu_0p125,0.125,0.125,84,4,null,edge_weakening_random_subset,weighted_edge_betweenness_fixed_10pct,random_fixed_10pct_vary_alpha,deterioration_severity,weighted_directed_community_assortativity,auc_abs_delta,0.0014888178221985
mu_0p125,0.125,0.125,85,5,null,edge_weakening_random_subset,weighted_edge_betweenness_fixed_10pct,random_fixed_10pct_vary_alpha,deterioration_severity,weighted_directed_community_assortativity,auc_abs_delta,0.0060724159359774
mu_0p125,0.125,0.125,86,6,null,edge_weakening_random_subset,weighted_edge_betweenness_fixed_10pct,random_fixed_10pct_vary_alpha,deterioration_severity,weighted_directed_community_assortativity,auc_abs_delta,0.0007111915838518
mu_0p125,0.125,0.125,87,7,null,edge_weakening_random_subset,weighted_edge_betweenness_fixed_10pct,random_fixed_10pct_vary_alpha,deterioration_severity,weighted_directed_community_assortativity,auc_abs_delta,0.0072678527309382
mu_0p125,0.125,0.125,88,8,null,edge_weakening_random_subset,weighted_edge_betweenness_fixed_10pct,random_fixed_10pct_vary_alpha,deterioration_severity,weighted_directed_community_assortativity,auc_abs_delta,0.0011898855300632
mu_0p125,0.125,0.125,89,9,null,edge_weakening_random_subset,weighted_edge_betweenness_fixed_10pct,random_fixed_10pct_vary_alpha,deterioration_severity,weighted_directed_community_assortativity,auc_abs_delta,0.0047476157184641
mu_0p125,0.125,0.125,90,10,null,edge_weakening_random_subset,weighted_edge_betweenness_fixed_10pct,random_fixed_10pct_vary_alpha,deterioration_severity,weighted_directed_community_assortativity,auc_abs_delta,0.0009369473178422
mu_0p125,0.125,0.125,91,11,null,edge_weakening_random_subset,weighted_edge_betweenness_fixed_10pct,random_fixed_10pct_vary_alpha,deterioration_severity,weighted_directed_community_assortativity,auc_abs_delta,0.0018727755510352
mu_0p125,0.125,0.125,92,12,null,edge_weakening_random_subset,weighted_edge_betweenness_fixed_10pct,random_fixed_10pct_vary_alpha,deterioration_severity,weighted_directed_community_assortativity,auc_abs_delta,0.0048488442727895
mu_0p125,0.125,0.125,93,13,null,edge_weakening_random_subset,weighted_edge_betweenness_fixed_10pct,random_fixed_10pct_vary_alpha,deterioration_severity,weighted_directed_community_assortativity,auc_abs_delta,0.0015059927246009
mu_0p125,0.125,0.125,94,14,null,edge_weakening_random_subset,weighted_edge_betweenness_fixed_10pct,random_fixed_10pct_vary_alpha,deterioration_severity,weighted_directed_community_assortativity,auc_abs_delta,0.0004180701940816
mu_0p125,0.125,0.125,95,15,null,edge_weakening_random_subset,weighted_edge_betweenness_fixed_10pct,random_fixed_10pct_vary_alpha,deterioration_severity,weighted_directed_community_assortativity,auc_abs_delta,0.0038182353319075
mu_0p125,0.125,0.125,96,16,null,edge_weakening_random_subset,weighted_edge_betweenness_fixed_10pct,random_fixed_10pct_vary_alpha,deterioration_severity,weighted_directed_community_assortativity,auc_abs_delta,0.0015278852561809
mu_0p125,0.125,0.125,97,17,null,edge_weakening_random_subset,weighted_edge_betweenness_fixed_10pct,random_fixed_10pct_vary_alpha,deterioration_severity,weighted_directed_community_assortativity,auc_abs_delta,0.0015958172911464
mu_0p125,0.125,0.125,98,18,null,edge_weakening_random_subset,weighted_edge_betweenness_fixed_10pct,random_fixed_10pct_vary_alpha,deterioration_severity,weighted_directed_community_assortativity,auc_abs_delta,0.0032956781856858
mu_0p125,0.125,0.125,99,19,null,edge_weakening_random_subset,weighted_edge_betweenness_fixed_10pct,random_fixed_10pct_vary_alpha,deterioration_severity,weighted_directed_community_assortativity,auc_abs_delta,0.0039296572657623
mu_0p125,0.125,0.125,100,20,null,edge_weakening_random_subset,weighted_edge_betweenness_fixed_10pct,random_fixed_10pct_vary_alpha,deterioration_severity,weighted_directed_community_assortativity,auc_abs_delta,0.0034043604123966
mu_0p125,0.125,0.125,101,21,null,edge_weakening_random_subset,weighted_edge_betweenness_fixed_10pct,random_fixed_10pct_vary_alpha,deterioration_severity,weighted_directed_community_assortativity,auc_abs_delta,0.0001601020571845
mu_0p125,0.125,0.125,102,22,null,edge_weakening_random_subset,weighted_edge_betweenness_fixed_10pct,random_fixed_10pct_vary_alpha,deterioration_severity,weighted_directed_community_assortativity,auc_abs_delta,0.002364056773377
mu_0p125,0.125,0.125,103,23,null,edge_weakening_random_subset,weighted_edge_betweenness_fixed_10pct,random_fixed_10pct_vary_alpha,deterioration_severity,weighted_directed_community_assortativity,auc_abs_delta,0.0031799651352338
mu_0p125,0.125,0.125,104,24,null,edge_weakening_random_subset,weighted_edge_betweenness_fixed_10pct,random_fixed_10pct_vary_alpha,deterioration_severity,weighted_directed_community_assortativity,auc_abs_delta,0.0006046347009149
mu_0p125,0.125,0.125,105,25,null,edge_weakening_random_subset,weighted_edge_betweenness_fixed_10pct,random_fixed_10pct_vary_alpha,deterioration_severity,weighted_directed_community_assortativity,auc_abs_delta,0.0084075235176802
mu_0p125,0.125,0.125,106,26,null,edge_weakening_random_subset,weighted_edge_betweenness_fixed_10pct,random_fixed_10pct_vary_alpha,deterioration_severity,weighted_directed_community_assortativity,auc_abs_delta,0.0043682917505375
mu_0p125,0.125,0.125,107,27,null,edge_weakening_random_subset,weighted_edge_betweenness_fixed_10pct,random_fixed_10pct_vary_alpha,deterioration_severity,weighted_directed_community_assortativity,auc_abs_delta,0.0039481153459863
mu_0p125,0.125,0.125,108,28,null,edge_weakening_random_subset,weighted_edge_betweenness_fixed_10pct,random_fixed_10pct_vary_alpha,deterioration_severity,weighted_directed_community_assortativity,auc_abs_delta,0.0013738783035374
mu_0p125,0.125,0.125,109,29,null,edge_weakening_random_subset,weighted_edge_betweenness_fixed_10pct,random_fixed_10pct_vary_alpha,deterioration_severity,weighted_directed_community_assortativity,auc_abs_delta,0.0030229647776135
mu_0p125,0.125,0.125,110,30,null,edge_weakening_random_subset,weighted_edge_betweenness_fixed_10pct,random_fixed_10pct_vary_alpha,deterioration_severity,weighted_directed_community_assortativity,auc_abs_delta,0.0069647411126181
mu_0p125,0.125,0.125,111,31,null,edge_weakening_random_subset,weighted_edge_betweenness_fixed_10pct,random_fixed_10pct_vary_alpha,deterioration_severity,weighted_directed_community_assortativity,auc_abs_delta,0.0039221084409634
mu_0p125,0.125,0.125,112,32,null,edge_weakening_random_subset,weighted_edge_betweenness_fixed_10pct,random_fixed_10pct_vary_alpha,deterioration_severity,weighted_directed_community_assortativity,auc_abs_delta,0.0010415678312418
mu_0p125,0.125,0.125,113,33,null,edge_weakening_random_subset,weighted_edge_betweenness_fixed_10pct,random_fixed_10pct_vary_alpha,deterioration_severity,weighted_directed_community_assortativity,auc_abs_delta,0.0010918235001827
mu_0p125,0.125,0.125,114,34,null,edge_weakening_random_subset,weighted_edge_betweenness_fixed_10pct,random_fixed_10pct_vary_alpha,deterioration_severity,weighted_directed_community_assortativity,auc_abs_delta,8.269225420989845e-05
mu_0p125,0.125,0.125,115,35,null,edge_weakening_random_subset,weighted_edge_betweenness_fixed_10pct,random_fixed_10pct_vary_alpha,deterioration_severity,weighted_directed_community_assortativity,auc_abs_delta,0.0052578227291885
mu_0p125,0.125,0.125,116,36,null,edge_weakening_random_subset,weighted_edge_betweenness_fixed_10pct,random_fixed_10pct_vary_alpha,deterioration_severity,weighted_directed_community_assortativity,auc_abs_delta,0.001602896935457
mu_0p125,0.125,0.125,117,37,null,edge_weakening_random_subset,weighted_edge_betweenness_fixed_10pct,random_fixed_10pct_vary_alpha,deterioration_severity,weighted_directed_community_assortativity,auc_abs_delta,0.0033618450947489
mu_0p125,0.125,0.125,118,38,null,edge_weakening_random_subset,weighted_edge_betweenness_fixed_10pct,random_fixed_10pct_vary_alpha,deterioration_severity,weighted_directed_community_assortativity,auc_abs_delta,0.0053328149033266
mu_0p125,0.125,0.125,119,39,null,edge_weakening_random_subset,weighted_edge_betweenness_fixed_10pct,random_fixed_10pct_vary_alpha,deterioration_severity,weighted_directed_community_assortativity,auc_abs_delta,0.0067528956177245
mu_0p150,0.15,0.15,120,0,null,edge_weakening_random_subset,weighted_edge_betweenness_fixed_10pct,random_fixed_10pct_vary_alpha,deterioration_severity,weighted_directed_community_assortativity,auc_abs_delta,0.0100702197031102
mu_0p150,0.15,0.15,121,1,null,edge_weakening_random_subset,weighted_edge_betweenness_fixed_10pct,random_fixed_10pct_vary_alpha,deterioration_severity,weighted_directed_community_assortativity,auc_abs_delta,0.0078281795996871
mu_0p150,0.15,0.15,122,2,null,edge_weakening_random_subset,weighted_edge_betweenness_fixed_10pct,random_fixed_10pct_vary_alpha,deterioration_severity,weighted_directed_community_assortativity,auc_abs_delta,0.0009370029148085
mu_0p150,0.15,0.15,123,3,null,edge_weakening_random_subset,weighted_edge_betweenness_fixed_10pct,random_fixed_10pct_vary_alpha,deterioration_severity,weighted_directed_community_assortativity,auc_abs_delta,0.0020013864581174
mu_0p150,0.15,0.15,124,4,null,edge_weakening_random_subset,weighted_edge_betweenness_fixed_10pct,random_fixed_10pct_vary_alpha,deterioration_severity,weighted_directed_community_assortativity,auc_abs_delta,0.0019954076486723
mu_0p150,0.15,0.15,125,5,null,edge_weakening_random_subset,weighted_edge_betweenness_fixed_10pct,random_fixed_10pct_vary_alpha,deterioration_severity,weighted_directed_community_assortativity,auc_abs_delta,0.0007491692958581
mu_0p150,0.15,0.15,126,6,null,edge_weakening_random_subset,weighted_edge_betweenness_fixed_10pct,random_fixed_10pct_vary_alpha,deterioration_severity,weighted_directed_community_assortativity,auc_abs_delta,0.0061053220555644
mu_0p150,0.15,0.15,127,7,null,edge_weakening_random_subset,weighted_edge_betweenness_fixed_10pct,random_fixed_10pct_vary_alpha,deterioration_severity,weighted_directed_community_assortativity,auc_abs_delta,0.004080604789315
mu_0p150,0.15,0.15,128,8,null,edge_weakening_random_subset,weighted_edge_betweenness_fixed_10pct,random_fixed_10pct_vary_alpha,deterioration_severity,weighted_directed_community_assortativity,auc_abs_delta,0.0043259729497415
mu_0p150,0.15,0.15,129,9,null,edge_weakening_random_subset,weighted_edge_betweenness_fixed_10pct,random_fixed_10pct_vary_alpha,deterioration_severity,weighted_directed_community_assortativity,auc_abs_delta,0.0027332781743523
mu_0p150,0.15,0.15,130,10,null,edge_weakening_random_subset,weighted_edge_betweenness_fixed_10pct,random_fixed_10pct_vary_alpha,deterioration_severity,weighted_directed_community_assortativity,auc_abs_delta,0.0060540984063722
mu_0p150,0.15,0.15,131,11,null,edge_weakening_random_subset,weighted_edge_betweenness_fixed_10pct,random_fixed_10pct_vary_alpha,deterioration_severity,weighted_directed_community_assortativity,auc_abs_delta,0.0036892551864312
mu_0p150,0.15,0.15,132,12,null,edge_weakening_random_subset,weighted_edge_betweenness_fixed_10pct,random_fixed_10pct_vary_alpha,deterioration_severity,weighted_directed_community_assortativity,auc_abs_delta,0.0040115563548099
mu_0p150,0.15,0.15,133,13,null,edge_weakening_random_subset,weighted_edge_betweenness_fixed_10pct,random_fixed_10pct_vary_alpha,deterioration_severity,weighted_directed_community_assortativity,auc_abs_delta,0.0034782472769256
mu_0p150,0.15,0.15,134,14,null,edge_weakening_random_subset,weighted_edge_betweenness_fixed_10pct,random_fixed_10pct_vary_alpha,deterioration_severity,weighted_directed_community_assortativity,auc_abs_delta,0.0070941199375689
mu_0p150,0.15,0.15,135,15,null,edge_weakening_random_subset,weighted_edge_betweenness_fixed_10pct,random_fixed_10pct_vary_alpha,deterioration_severity,weighted_directed_community_assortativity,auc_abs_delta,0.005696067702638
mu_0p150,0.15,0.15,136,16,null,edge_weakening_random_subset,weighted_edge_betweenness_fixed_10pct,random_fixed_10pct_vary_alpha,deterioration_severity,weighted_directed_community_assortativity,auc_abs_delta,0.0005882044301464
mu_0p150,0.15,0.15,137,17,null,edge_weakening_random_subset,weighted_edge_betweenness_fixed_10pct,random_fixed_10pct_vary_alpha,deterioration_severity,weighted_directed_community_assortativity,auc_abs_delta,0.0006237584702492
mu_0p150,0.15,0.15,138,18,null,edge_weakening_random_subset,weighted_edge_betweenness_fixed_10pct,random_fixed_10pct_vary_alpha,deterioration_severity,weighted_directed_community_assortativity,auc_abs_delta,0.0075429431897734
mu_0p150,0.15,0.15,139,19,null,edge_weakening_random_subset,weighted_edge_betweenness_fixed_10pct,random_fixed_10pct_vary_alpha,deterioration_severity,weighted_directed_community_assortativity,auc_abs_delta,0.0022189610084904
mu_0p150,0.15,0.15,140,20,null,edge_weakening_random_subset,weighted_edge_betweenness_fixed_10pct,random_fixed_10pct_vary_alpha,deterioration_severity,weighted_directed_community_assortativity,auc_abs_delta,0.0073823247352062
mu_0p150,0.15,0.15,141,21,null,edge_weakening_random_subset,weighted_edge_betweenness_fixed_10pct,random_fixed_10pct_vary_alpha,deterioration_severity,weighted_directed_community_assortativity,auc_abs_delta,0.0022484924315752
mu_0p150,0.15,0.15,142,22,null,edge_weakening_random_subset,weighted_edge_betweenness_fixed_10pct,random_fixed_10pct_vary_alpha,deterioration_severity,weighted_directed_community_assortativity,auc_abs_delta,0.0009003690778461
mu_0p150,0.15,0.15,143,23,null,edge_weakening_random_subset,weighted_edge_betweenness_fixed_10pct,random_fixed_10pct_vary_alpha,deterioration_severity,weighted_directed_community_assortativity,auc_abs_delta,0.0050673752527759
mu_0p150,0.15,0.15,144,24,null,edge_weakening_random_subset,weighted_edge_betweenness_fixed_10pct,random_fixed_10pct_vary_alpha,deterioration_severity,weighted_directed_community_assortativity,auc_abs_delta,0.0014944782925093
mu_0p150,0.15,0.15,145,25,null,edge_weakening_random_subset,weighted_edge_betweenness_fixed_10pct,random_fixed_10pct_vary_alpha,deterioration_severity,weighted_directed_community_assortativity,auc_abs_delta,0.0024359146124296
mu_0p150,0.15,0.15,146,26,null,edge_weakening_random_subset,weighted_edge_betweenness_fixed_10pct,random_fixed_10pct_vary_alpha,deterioration_severity,weighted_directed_community_assortativity,auc_abs_delta,0.0018873857441431
mu_0p150,0.15,0.15,147,27,null,edge_weakening_random_subset,weighted_edge_betweenness_fixed_10pct,random_fixed_10pct_vary_alpha,deterioration_severity,weighted_directed_community_assortativity,auc_abs_delta,0.0026379287202447
mu_0p150,0.15,0.15,148,28,null,edge_weakening_random_subset,weighted_edge_betweenness_fixed_10pct,random_fixed_10pct_vary_alpha,deterioration_severity,weighted_directed_community_assortativity,auc_abs_delta,0.0020540182430059
mu_0p150,0.15,0.15,149,29,null,edge_weakening_random_subset,weighted_edge_betweenness_fixed_10pct,random_fixed_10pct_vary_alpha,deterioration_severity,weighted_directed_community_assortativity,auc_abs_delta,0.002730314958318
mu_0p150,0.15,0.15,150,30,null,edge_weakening_random_subset,weighted_edge_betweenness_fixed_10pct,random_fixed_10pct_vary_alpha,deterioration_severity,weighted_directed_community_assortativity,auc_abs_delta,0.0075700053587388
mu_0p150,0.15,0.15,151,31,null,edge_weakening_random_subset,weighted_edge_betweenness_fixed_10pct,random_fixed_10pct_vary_alpha,deterioration_severity,weighted_directed_community_assortativity,auc_abs_delta,0.0006343950013643
mu_0p150,0.15,0.15,152,32,null,edge_weakening_random_subset,weighted_edge_betweenness_fixed_10pct,random_fixed_10pct_vary_alpha,deterioration_severity,weighted_directed_community_assortativity,auc_abs_delta,0.0072231900384449
mu_0p150,0.15,0.15,153,33,null,edge_weakening_random_subset,weighted_edge_betweenness_fixed_10pct,random_fixed_10pct_vary_alpha,deterioration_severity,weighted_directed_community_assortativity,auc_abs_delta,0.0008538285502261
mu_0p150,0.15,0.15,154,34,null,edge_weakening_random_subset,weighted_edge_betweenness_fixed_10pct,random_fixed_10pct_vary_alpha,deterioration_severity,weighted_directed_community_assortativity,auc_abs_delta,0.0033472140454389
mu_0p150,0.15,0.15,155,35,null,edge_weakening_random_subset,weighted_edge_betweenness_fixed_10pct,random_fixed_10pct_vary_alpha,deterioration_severity,weighted_directed_community_assortativity,auc_abs_delta,0.000429686399281
mu_0p150,0.15,0.15,156,36,null,edge_weakening_random_subset,weighted_edge_betweenness_fixed_10pct,random_fixed_10pct_vary_alpha,deterioration_severity,weighted_directed_community_assortativity,auc_abs_delta,0.0019994904272737
mu_0p150,0.15,0.15,157,37,null,edge_weakening_random_subset,weighted_edge_betweenness_fixed_10pct,random_fixed_10pct_vary_alpha,deterioration_severity,weighted_directed_community_assortativity,auc_abs_delta,0.0030727462737824
mu_0p150,0.15,0.15,158,38,null,edge_weakening_random_subset,weighted_edge_betweenness_fixed_10pct,random_fixed_10pct_vary_alpha,deterioration_severity,weighted_directed_community_assortativity,auc_abs_delta,0.0005423196401631
mu_0p150,0.15,0.15,159,39,null,edge_weakening_random_subset,weighted_edge_betweenness_fixed_10pct,random_fixed_10pct_vary_alpha,deterioration_severity,weighted_directed_community_assortativity,auc_abs_delta,0.0039764335095467
mu_0p175,0.175,0.175,160,0,null,edge_weakening_random_subset,weighted_edge_betweenness_fixed_10pct,random_fixed_10pct_vary_alpha,deterioration_severity,weighted_directed_community_assortativity,auc_abs_delta,0.0071280811364545
mu_0p175,0.175,0.175,161,1,null,edge_weakening_random_subset,weighted_edge_betweenness_fixed_10pct,random_fixed_10pct_vary_alpha,deterioration_severity,weighted_directed_community_assortativity,auc_abs_delta,0.0044695166226943
mu_0p175,0.175,0.175,162,2,null,edge_weakening_random_subset,weighted_edge_betweenness_fixed_10pct,random_fixed_10pct_vary_alpha,deterioration_severity,weighted_directed_community_assortativity,auc_abs_delta,0.0057801774077995
mu_0p175,0.175,0.175,163,3,null,edge_weakening_random_subset,weighted_edge_betweenness_fixed_10pct,random_fixed_10pct_vary_alpha,deterioration_severity,weighted_directed_community_assortativity,auc_abs_delta,0.0004875000686913
mu_0p175,0.175,0.175,164,4,null,edge_weakening_random_subset,weighted_edge_betweenness_fixed_10pct,random_fixed_10pct_vary_alpha,deterioration_severity,weighted_directed_community_assortativity,auc_abs_delta,0.0025844957360845
mu_0p175,0.175,0.175,165,5,null,edge_weakening_random_subset,weighted_edge_betweenness_fixed_10pct,random_fixed_10pct_vary_alpha,deterioration_severity,weighted_directed_community_assortativity,auc_abs_delta,0.002911911526054
mu_0p175,0.175,0.175,166,6,null,edge_weakening_random_subset,weighted_edge_betweenness_fixed_10pct,random_fixed_10pct_vary_alpha,deterioration_severity,weighted_directed_community_assortativity,auc_abs_delta,0.0047740282717536
mu_0p175,0.175,0.175,167,7,null,edge_weakening_random_subset,weighted_edge_betweenness_fixed_10pct,random_fixed_10pct_vary_alpha,deterioration_severity,weighted_directed_community_assortativity,auc_abs_delta,0.0049606063350086
mu_0p175,0.175,0.175,168,8,null,edge_weakening_random_subset,weighted_edge_betweenness_fixed_10pct,random_fixed_10pct_vary_alpha,deterioration_severity,weighted_directed_community_assortativity,auc_abs_delta,0.0041697541048908
mu_0p175,0.175,0.175,169,9,null,edge_weakening_random_subset,weighted_edge_betweenness_fixed_10pct,random_fixed_10pct_vary_alpha,deterioration_severity,weighted_directed_community_assortativity,auc_abs_delta,0.0032105429076063
mu_0p175,0.175,0.175,170,10,null,edge_weakening_random_subset,weighted_edge_betweenness_fixed_10pct,random_fixed_10pct_vary_alpha,deterioration_severity,weighted_directed_community_assortativity,auc_abs_delta,0.0012549294275143
mu_0p175,0.175,0.175,171,11,null,edge_weakening_random_subset,weighted_edge_betweenness_fixed_10pct,random_fixed_10pct_vary_alpha,deterioration_severity,weighted_directed_community_assortativity,auc_abs_delta,0.0037563389708434
mu_0p175,0.175,0.175,172,12,null,edge_weakening_random_subset,weighted_edge_betweenness_fixed_10pct,random_fixed_10pct_vary_alpha,deterioration_severity,weighted_directed_community_assortativity,auc_abs_delta,5.748318713983512e-05
mu_0p175,0.175,0.175,173,13,null,edge_weakening_random_subset,weighted_edge_betweenness_fixed_10pct,random_fixed_10pct_vary_alpha,deterioration_severity,weighted_directed_community_assortativity,auc_abs_delta,0.0056950063027887
mu_0p175,0.175,0.175,174,14,null,edge_weakening_random_subset,weighted_edge_betweenness_fixed_10pct,random_fixed_10pct_vary_alpha,deterioration_severity,weighted_directed_community_assortativity,auc_abs_delta,0.0021484349045312
mu_0p175,0.175,0.175,175,15,null,edge_weakening_random_subset,weighted_edge_betweenness_fixed_10pct,random_fixed_10pct_vary_alpha,deterioration_severity,weighted_directed_community_assortativity,auc_abs_delta,0.0043455407413142
mu_0p175,0.175,0.175,176,16,null,edge_weakening_random_subset,weighted_edge_betweenness_fixed_10pct,random_fixed_10pct_vary_alpha,deterioration_severity,weighted_directed_community_assortativity,auc_abs_delta,0.0106325261109503
mu_0p175,0.175,0.175,177,17,null,edge_weakening_random_subset,weighted_edge_betweenness_fixed_10pct,random_fixed_10pct_vary_alpha,deterioration_severity,weighted_directed_community_assortativity,auc_abs_delta,0.001361011998097
mu_0p175,0.175,0.175,178,18,null,edge_weakening_random_subset,weighted_edge_betweenness_fixed_10pct,random_fixed_10pct_vary_alpha,deterioration_severity,weighted_directed_community_assortativity,auc_abs_delta,0.0001310241490448
mu_0p175,0.175,0.175,179,19,null,edge_weakening_random_subset,weighted_edge_betweenness_fixed_10pct,random_fixed_10pct_vary_alpha,deterioration_severity,weighted_directed_community_assortativity,auc_abs_delta,0.0056535733532843
mu_0p175,0.175,0.175,180,20,null,edge_weakening_random_subset,weighted_edge_betweenness_fixed_10pct,random_fixed_10pct_vary_alpha,deterioration_severity,weighted_directed_community_assortativity,auc_abs_delta,0.0071338438520799
mu_0p175,0.175,0.175,181,21,null,edge_weakening_random_subset,weighted_edge_betweenness_fixed_10pct,random_fixed_10pct_vary_alpha,deterioration_severity,weighted_directed_community_assortativity,auc_abs_delta,0.0036218311881768
mu_0p175,0.175,0.175,182,22,null,edge_weakening_random_subset,weighted_edge_betweenness_fixed_10pct,random_fixed_10pct_vary_alpha,deterioration_severity,weighted_directed_community_assortativity,auc_abs_delta,0.0082350336975666
mu_0p175,0.175,0.175,183,23,null,edge_weakening_random_subset,weighted_edge_betweenness_fixed_10pct,random_fixed_10pct_vary_alpha,deterioration_severity,weighted_directed_community_assortativity,auc_abs_delta,0.0034496615295737
mu_0p175,0.175,0.175,184,24,null,edge_weakening_random_subset,weighted_edge_betweenness_fixed_10pct,random_fixed_10pct_vary_alpha,deterioration_severity,weighted_directed_community_assortativity,auc_abs_delta,0.0005386806653753
mu_0p175,0.175,0.175,185,25,null,edge_weakening_random_subset,weighted_edge_betweenness_fixed_10pct,random_fixed_10pct_vary_alpha,deterioration_severity,weighted_directed_community_assortativity,auc_abs_delta,0.0039656139004927
mu_0p175,0.175,0.175,186,26,null,edge_weakening_random_subset,weighted_edge_betweenness_fixed_10pct,random_fixed_10pct_vary_alpha,deterioration_severity,weighted_directed_community_assortativity,auc_abs_delta,0.0039395904468639
mu_0p175,0.175,0.175,187,27,null,edge_weakening_random_subset,weighted_edge_betweenness_fixed_10pct,random_fixed_10pct_vary_alpha,deterioration_severity,weighted_directed_community_assortativity,auc_abs_delta,0.0030815618454452
mu_0p175,0.175,0.175,188,28,null,edge_weakening_random_subset,weighted_edge_betweenness_fixed_10pct,random_fixed_10pct_vary_alpha,deterioration_severity,weighted_directed_community_assortativity,auc_abs_delta,0.0023315196620352
mu_0p175,0.175,0.175,189,29,null,edge_weakening_random_subset,weighted_edge_betweenness_fixed_10pct,random_fixed_10pct_vary_alpha,deterioration_severity,weighted_directed_community_assortativity,auc_abs_delta,0.0064406341746004
mu_0p175,0.175,0.175,190,30,null,edge_weakening_random_subset,weighted_edge_betweenness_fixed_10pct,random_fixed_10pct_vary_alpha,deterioration_severity,weighted_directed_community_assortativity,auc_abs_delta,0.0043758249058253
mu_0p175,0.175,0.175,191,31,null,edge_weakening_random_subset,weighted_edge_betweenness_fixed_10pct,random_fixed_10pct_vary_alpha,deterioration_severity,weighted_directed_community_assortativity,auc_abs_delta,0.0057589264752051
mu_0p175,0.175,0.175,192,32,null,edge_weakening_random_subset,weighted_edge_betweenness_fixed_10pct,random_fixed_10pct_vary_alpha,deterioration_severity,weighted_directed_community_assortativity,auc_abs_delta,0.002449951983836
mu_0p175,0.175,0.175,193,33,null,edge_weakening_random_subset,weighted_edge_betweenness_fixed_10pct,random_fixed_10pct_vary_alpha,deterioration_severity,weighted_directed_community_assortativity,auc_abs_delta,0.000586769484204
mu_0p175,0.175,0.175,194,34,null,edge_weakening_random_subset,weighted_edge_betweenness_fixed_10pct,random_fixed_10pct_vary_alpha,deterioration_severity,weighted_directed_community_assortativity,auc_abs_delta,0.0086343725725419
mu_0p175,0.175,0.175,195,35,null,edge_weakening_random_subset,weighted_edge_betweenness_fixed_10pct,random_fixed_10pct_vary_alpha,deterioration_severity,weighted_directed_community_assortativity,auc_abs_delta,0.0027407314857282
mu_0p175,0.175,0.175,196,36,null,edge_weakening_random_subset,weighted_edge_betweenness_fixed_10pct,random_fixed_10pct_vary_alpha,deterioration_severity,weighted_directed_community_assortativity,auc_abs_delta,0.0015643141914424
mu_0p175,0.175,0.175,197,37,null,edge_weakening_random_subset,weighted_edge_betweenness_fixed_10pct,random_fixed_10pct_vary_alpha,deterioration_severity,weighted_directed_community_assortativity,auc_abs_delta,0.000941279840446
mu_0p175,0.175,0.175,198,38,null,edge_weakening_random_subset,weighted_edge_betweenness_fixed_10pct,random_fixed_10pct_vary_alpha,deterioration_severity,weighted_directed_community_assortativity,auc_abs_delta,0.003764203268826
mu_0p175,0.175,0.175,199,39,null,edge_weakening_random_subset,weighted_edge_betweenness_fixed_10pct,random_fixed_10pct_vary_alpha,deterioration_severity,weighted_directed_community_assortativity,auc_abs_delta,0.0024860329268468
mu_0p225,0.225,0.225,200,0,null,edge_weakening_random_subset,weighted_edge_betweenness_fixed_10pct,random_fixed_10pct_vary_alpha,deterioration_severity,weighted_directed_community_assortativity,auc_abs_delta,0.0034851091800254
mu_0p225,0.225,0.225,201,1,null,edge_weakening_random_subset,weighted_edge_betweenness_fixed_10pct,random_fixed_10pct_vary_alpha,deterioration_severity,weighted_directed_community_assortativity,auc_abs_delta,0.0027044453399192
mu_0p225,0.225,0.225,202,2,null,edge_weakening_random_subset,weighted_edge_betweenness_fixed_10pct,random_fixed_10pct_vary_alpha,deterioration_severity,weighted_directed_community_assortativity,auc_abs_delta,0.0018069796606378
mu_0p225,0.225,0.225,203,3,null,edge_weakening_random_subset,weighted_edge_betweenness_fixed_10pct,random_fixed_10pct_vary_alpha,deterioration_severity,weighted_directed_community_assortativity,auc_abs_delta,0.0005890195473419
mu_0p225,0.225,0.225,204,4,null,edge_weakening_random_subset,weighted_edge_betweenness_fixed_10pct,random_fixed_10pct_vary_alpha,deterioration_severity,weighted_directed_community_assortativity,auc_abs_delta,0.0013875504371719
mu_0p225,0.225,0.225,205,5,null,edge_weakening_random_subset,weighted_edge_betweenness_fixed_10pct,random_fixed_10pct_vary_alpha,deterioration_severity,weighted_directed_community_assortativity,auc_abs_delta,0.0103821434772104
mu_0p225,0.225,0.225,206,6,null,edge_weakening_random_subset,weighted_edge_betweenness_fixed_10pct,random_fixed_10pct_vary_alpha,deterioration_severity,weighted_directed_community_assortativity,auc_abs_delta,0.0001666565834376
mu_0p225,0.225,0.225,207,7,null,edge_weakening_random_subset,weighted_edge_betweenness_fixed_10pct,random_fixed_10pct_vary_alpha,deterioration_severity,weighted_directed_community_assortativity,auc_abs_delta,0.0014880150762485
mu_0p225,0.225,0.225,208,8,null,edge_weakening_random_subset,weighted_edge_betweenness_fixed_10pct,random_fixed_10pct_vary_alpha,deterioration_severity,weighted_directed_community_assortativity,auc_abs_delta,0.0055326563707243
mu_0p225,0.225,0.225,209,9,null,edge_weakening_random_subset,weighted_edge_betweenness_fixed_10pct,random_fixed_10pct_vary_alpha,deterioration_severity,weighted_directed_community_assortativity,auc_abs_delta,0.0033858330123491
mu_0p225,0.225,0.225,210,10,null,edge_weakening_random_subset,weighted_edge_betweenness_fixed_10pct,random_fixed_10pct_vary_alpha,deterioration_severity,weighted_directed_community_assortativity,auc_abs_delta,0.0021089946362098
mu_0p225,0.225,0.225,211,11,null,edge_weakening_random_subset,weighted_edge_betweenness_fixed_10pct,random_fixed_10pct_vary_alpha,deterioration_severity,weighted_directed_community_assortativity,auc_abs_delta,0.0028346645785415
mu_0p225,0.225,0.225,212,12,null,edge_weakening_random_subset,weighted_edge_betweenness_fixed_10pct,random_fixed_10pct_vary_alpha,deterioration_severity,weighted_directed_community_assortativity,auc_abs_delta,0.0038779395786145
mu_0p225,0.225,0.225,213,13,null,edge_weakening_random_subset,weighted_edge_betweenness_fixed_10pct,random_fixed_10pct_vary_alpha,deterioration_severity,weighted_directed_community_assortativity,auc_abs_delta,0.003897848854033
mu_0p225,0.225,0.225,214,14,null,edge_weakening_random_subset,weighted_edge_betweenness_fixed_10pct,random_fixed_10pct_vary_alpha,deterioration_severity,weighted_directed_community_assortativity,auc_abs_delta,0.0011741945920534
mu_0p225,0.225,0.225,215,15,null,edge_weakening_random_subset,weighted_edge_betweenness_fixed_10pct,random_fixed_10pct_vary_alpha,deterioration_severity,weighted_directed_community_assortativity,auc_abs_delta,0.0033024411064363
mu_0p225,0.225,0.225,216,16,null,edge_weakening_random_subset,weighted_edge_betweenness_fixed_10pct,random_fixed_10pct_vary_alpha,deterioration_severity,weighted_directed_community_assortativity,auc_abs_delta,0.0004494538890932
mu_0p225,0.225,0.225,217,17,null,edge_weakening_random_subset,weighted_edge_betweenness_fixed_10pct,random_fixed_10pct_vary_alpha,deterioration_severity,weighted_directed_community_assortativity,auc_abs_delta,0.0015882030978516
mu_0p225,0.225,0.225,218,18,null,edge_weakening_random_subset,weighted_edge_betweenness_fixed_10pct,random_fixed_10pct_vary_alpha,deterioration_severity,weighted_directed_community_assortativity,auc_abs_delta,0.0055656892635328
mu_0p225,0.225,0.225,219,19,null,edge_weakening_random_subset,weighted_edge_betweenness_fixed_10pct,random_fixed_10pct_vary_alpha,deterioration_severity,weighted_directed_community_assortativity,auc_abs_delta,0.0007289610038905
mu_0p225,0.225,0.225,220,20,null,edge_weakening_random_subset,weighted_edge_betweenness_fixed_10pct,random_fixed_10pct_vary_alpha,deterioration_severity,weighted_directed_community_assortativity,auc_abs_delta,0.0005667455574503
mu_0p225,0.225,0.225,221,21,null,edge_weakening_random_subset,weighted_edge_betweenness_fixed_10pct,random_fixed_10pct_vary_alpha,deterioration_severity,weighted_directed_community_assortativity,auc_abs_delta,0.0067528783493545
mu_0p225,0.225,0.225,222,22,null,edge_weakening_random_subset,weighted_edge_betweenness_fixed_10pct,random_fixed_10pct_vary_alpha,deterioration_severity,weighted_directed_community_assortativity,auc_abs_delta,0.001274525980622
mu_0p225,0.225,0.225,223,23,null,edge_weakening_random_subset,weighted_edge_betweenness_fixed_10pct,random_fixed_10pct_vary_alpha,deterioration_severity,weighted_directed_community_assortativity,auc_abs_delta,0.0037049209404961
mu_0p225,0.225,0.225,224,24,null,edge_weakening_random_subset,weighted_edge_betweenness_fixed_10pct,random_fixed_10pct_vary_alpha,deterioration_severity,weighted_directed_community_assortativity,auc_abs_delta,0.0017195771274328
mu_0p225,0.225,0.225,225,25,null,edge_weakening_random_subset,weighted_edge_betweenness_fixed_10pct,random_fixed_10pct_vary_alpha,deterioration_severity,weighted_directed_community_assortativity,auc_abs_delta,0.0039140436090514
mu_0p225,0.225,0.225,226,26,null,edge_weakening_random_subset,weighted_edge_betweenness_fixed_10pct,random_fixed_10pct_vary_alpha,deterioration_severity,weighted_directed_community_assortativity,auc_abs_delta,0.0012426034986347
mu_0p225,0.225,0.225,227,27,null,edge_weakening_random_subset,weighted_edge_betweenness_fixed_10pct,random_fixed_10pct_vary_alpha,deterioration_severity,weighted_directed_community_assortativity,auc_abs_delta,0.0035243631008327
mu_0p225,0.225,0.225,228,28,null,edge_weakening_random_subset,weighted_edge_betweenness_fixed_10pct,random_fixed_10pct_vary_alpha,deterioration_severity,weighted_directed_community_assortativity,auc_abs_delta,0.0015018918641491
mu_0p225,0.225,0.225,229,29,null,edge_weakening_random_subset,weighted_edge_betweenness_fixed_10pct,random_fixed_10pct_vary_alpha,deterioration_severity,weighted_directed_community_assortativity,auc_abs_delta,0.0012404756271902
mu_0p225,0.225,0.225,230,30,null,edge_weakening_random_subset,weighted_edge_betweenness_fixed_10pct,random_fixed_10pct_vary_alpha,deterioration_severity,weighted_directed_community_assortativity,auc_abs_delta,0.0010872664812299
mu_0p225,0.225,0.225,231,31,null,edge_weakening_random_subset,weighted_edge_betweenness_fixed_10pct,random_fixed_10pct_vary_alpha,deterioration_severity,weighted_directed_community_assortativity,auc_abs_delta,0.0068425837251463
mu_0p225,0.225,0.225,232,32,null,edge_weakening_random_subset,weighted_edge_betweenness_fixed_10pct,random_fixed_10pct_vary_alpha,deterioration_severity,weighted_directed_community_assortativity,auc_abs_delta,0.0024254311032208
mu_0p225,0.225,0.225,233,33,null,edge_weakening_random_subset,weighted_edge_betweenness_fixed_10pct,random_fixed_10pct_vary_alpha,deterioration_severity,weighted_directed_community_assortativity,auc_abs_delta,0.0011828746145464
mu_0p225,0.225,0.225,234,34,null,edge_weakening_random_subset,weighted_edge_betweenness_fixed_10pct,random_fixed_10pct_vary_alpha,deterioration_severity,weighted_directed_community_assortativity,auc_abs_delta,0.0016610287643094
mu_0p225,0.225,0.225,235,35,null,edge_weakening_random_subset,weighted_edge_betweenness_fixed_10pct,random_fixed_10pct_vary_alpha,deterioration_severity,weighted_directed_community_assortativity,auc_abs_delta,0.0021551744651654
mu_0p225,0.225,0.225,236,36,null,edge_weakening_random_subset,weighted_edge_betweenness_fixed_10pct,random_fixed_10pct_vary_alpha,deterioration_severity,weighted_directed_community_assortativity,auc_abs_delta,0.0015038887921841
mu_0p225,0.225,0.225,237,37,null,edge_weakening_random_subset,weighted_edge_betweenness_fixed_10pct,random_fixed_10pct_vary_alpha,deterioration_severity,weighted_directed_community_assortativity,auc_abs_delta,0.0002330874532981
mu_0p225,0.225,0.225,238,38,null,edge_weakening_random_subset,weighted_edge_betweenness_fixed_10pct,random_fixed_10pct_vary_alpha,deterioration_severity,weighted_directed_community_assortativity,auc_abs_delta,0.0048128462784387
mu_0p225,0.225,0.225,239,39,null,edge_weakening_random_subset,weighted_edge_betweenness_fixed_10pct,random_fixed_10pct_vary_alpha,deterioration_severity,weighted_directed_community_assortativity,auc_abs_delta,0.0009418529334427
mu_0p300,0.3,0.3,240,0,null,edge_weakening_random_subset,weighted_edge_betweenness_fixed_10pct,random_fixed_10pct_vary_alpha,deterioration_severity,weighted_directed_community_assortativity,auc_abs_delta,0.0013901549337313
mu_0p300,0.3,0.3,241,1,null,edge_weakening_random_subset,weighted_edge_betweenness_fixed_10pct,random_fixed_10pct_vary_alpha,deterioration_severity,weighted_directed_community_assortativity,auc_abs_delta,0.0052787506194514
mu_0p300,0.3,0.3,242,2,null,edge_weakening_random_subset,weighted_edge_betweenness_fixed_10pct,random_fixed_10pct_vary_alpha,deterioration_severity,weighted_directed_community_assortativity,auc_abs_delta,0.0070649731297976
mu_0p300,0.3,0.3,243,3,null,edge_weakening_random_subset,weighted_edge_betweenness_fixed_10pct,random_fixed_10pct_vary_alpha,deterioration_severity,weighted_directed_community_assortativity,auc_abs_delta,0.0018179782057911
mu_0p300,0.3,0.3,244,4,null,edge_weakening_random_subset,weighted_edge_betweenness_fixed_10pct,random_fixed_10pct_vary_alpha,deterioration_severity,weighted_directed_community_assortativity,auc_abs_delta,0.0006764062898818
mu_0p300,0.3,0.3,245,5,null,edge_weakening_random_subset,weighted_edge_betweenness_fixed_10pct,random_fixed_10pct_vary_alpha,deterioration_severity,weighted_directed_community_assortativity,auc_abs_delta,0.0072430687542254
mu_0p300,0.3,0.3,246,6,null,edge_weakening_random_subset,weighted_edge_betweenness_fixed_10pct,random_fixed_10pct_vary_alpha,deterioration_severity,weighted_directed_community_assortativity,auc_abs_delta,0.0010671054027532
mu_0p300,0.3,0.3,247,7,null,edge_weakening_random_subset,weighted_edge_betweenness_fixed_10pct,random_fixed_10pct_vary_alpha,deterioration_severity,weighted_directed_community_assortativity,auc_abs_delta,0.0111842528550542
mu_0p300,0.3,0.3,248,8,null,edge_weakening_random_subset,weighted_edge_betweenness_fixed_10pct,random_fixed_10pct_vary_alpha,deterioration_severity,weighted_directed_community_assortativity,auc_abs_delta,0.0005366179250877
mu_0p300,0.3,0.3,249,9,null,edge_weakening_random_subset,weighted_edge_betweenness_fixed_10pct,random_fixed_10pct_vary_alpha,deterioration_severity,weighted_directed_community_assortativity,auc_abs_delta,0.0032837862787785
mu_0p300,0.3,0.3,250,10,null,edge_weakening_random_subset,weighted_edge_betweenness_fixed_10pct,random_fixed_10pct_vary_alpha,deterioration_severity,weighted_directed_community_assortativity,auc_abs_delta,0.0015227117131538
mu_0p300,0.3,0.3,251,11,null,edge_weakening_random_subset,weighted_edge_betweenness_fixed_10pct,random_fixed_10pct_vary_alpha,deterioration_severity,weighted_directed_community_assortativity,auc_abs_delta,0.0047095616328111
mu_0p300,0.3,0.3,252,12,null,edge_weakening_random_subset,weighted_edge_betweenness_fixed_10pct,random_fixed_10pct_vary_alpha,deterioration_severity,weighted_directed_community_assortativity,auc_abs_delta,0.0023891402746859
mu_0p300,0.3,0.3,253,13,null,edge_weakening_random_subset,weighted_edge_betweenness_fixed_10pct,random_fixed_10pct_vary_alpha,deterioration_severity,weighted_directed_community_assortativity,auc_abs_delta,9.429577621078028e-05
mu_0p300,0.3,0.3,254,14,null,edge_weakening_random_subset,weighted_edge_betweenness_fixed_10pct,random_fixed_10pct_vary_alpha,deterioration_severity,weighted_directed_community_assortativity,auc_abs_delta,0.0034689010696028
mu_0p300,0.3,0.3,255,15,null,edge_weakening_random_subset,weighted_edge_betweenness_fixed_10pct,random_fixed_10pct_vary_alpha,deterioration_severity,weighted_directed_community_assortativity,auc_abs_delta,0.0023218874472761
mu_0p300,0.3,0.3,256,16,null,edge_weakening_random_subset,weighted_edge_betweenness_fixed_10pct,random_fixed_10pct_vary_alpha,deterioration_severity,weighted_directed_community_assortativity,auc_abs_delta,0.0018926952879455
mu_0p300,0.3,0.3,257,17,null,edge_weakening_random_subset,weighted_edge_betweenness_fixed_10pct,random_fixed_10pct_vary_alpha,deterioration_severity,weighted_directed_community_assortativity,auc_abs_delta,0.0015201965734738
mu_0p300,0.3,0.3,258,18,null,edge_weakening_random_subset,weighted_edge_betweenness_fixed_10pct,random_fixed_10pct_vary_alpha,deterioration_severity,weighted_directed_community_assortativity,auc_abs_delta,0.0039656744254612
mu_0p300,0.3,0.3,259,19,null,edge_weakening_random_subset,weighted_edge_betweenness_fixed_10pct,random_fixed_10pct_vary_alpha,deterioration_severity,weighted_directed_community_assortativity,auc_abs_delta,0.0010094796814531
mu_0p300,0.3,0.3,260,20,null,edge_weakening_random_subset,weighted_edge_betweenness_fixed_10pct,random_fixed_10pct_vary_alpha,deterioration_severity,weighted_directed_community_assortativity,auc_abs_delta,0.0016881684876836
mu_0p300,0.3,0.3,261,21,null,edge_weakening_random_subset,weighted_edge_betweenness_fixed_10pct,random_fixed_10pct_vary_alpha,deterioration_severity,weighted_directed_community_assortativity,auc_abs_delta,0.0028609533205676
mu_0p300,0.3,0.3,262,22,null,edge_weakening_random_subset,weighted_edge_betweenness_fixed_10pct,random_fixed_10pct_vary_alpha,deterioration_severity,weighted_directed_community_assortativity,auc_abs_delta,0.0024925018507429
mu_0p300,0.3,0.3,263,23,null,edge_weakening_random_subset,weighted_edge_betweenness_fixed_10pct,random_fixed_10pct_vary_alpha,deterioration_severity,weighted_directed_community_assortativity,auc_abs_delta,0.0005279626759173
mu_0p300,0.3,0.3,264,24,null,edge_weakening_random_subset,weighted_edge_betweenness_fixed_10pct,random_fixed_10pct_vary_alpha,deterioration_severity,weighted_directed_community_assortativity,auc_abs_delta,0.0013105315157818
mu_0p300,0.3,0.3,265,25,null,edge_weakening_random_subset,weighted_edge_betweenness_fixed_10pct,random_fixed_10pct_vary_alpha,deterioration_severity,weighted_directed_community_assortativity,auc_abs_delta,0.0019194805067454
mu_0p300,0.3,0.3,266,26,null,edge_weakening_random_subset,weighted_edge_betweenness_fixed_10pct,random_fixed_10pct_vary_alpha,deterioration_severity,weighted_directed_community_assortativity,auc_abs_delta,0.0019155822176738
mu_0p300,0.3,0.3,267,27,null,edge_weakening_random_subset,weighted_edge_betweenness_fixed_10pct,random_fixed_10pct_vary_alpha,deterioration_severity,weighted_directed_community_assortativity,auc_abs_delta,0.00311198216983
mu_0p300,0.3,0.3,268,28,null,edge_weakening_random_subset,weighted_edge_betweenness_fixed_10pct,random_fixed_10pct_vary_alpha,deterioration_severity,weighted_directed_community_assortativity,auc_abs_delta,0.007142195087819
mu_0p300,0.3,0.3,269,29,null,edge_weakening_random_subset,weighted_edge_betweenness_fixed_10pct,random_fixed_10pct_vary_alpha,deterioration_severity,weighted_directed_community_assortativity,auc_abs_delta,0.004729864024373
mu_0p300,0.3,0.3,270,30,null,edge_weakening_random_subset,weighted_edge_betweenness_fixed_10pct,random_fixed_10pct_vary_alpha,deterioration_severity,weighted_directed_community_assortativity,auc_abs_delta,0.0025887027954604
mu_0p300,0.3,0.3,271,31,null,edge_weakening_random_subset,weighted_edge_betweenness_fixed_10pct,random_fixed_10pct_vary_alpha,deterioration_severity,weighted_directed_community_assortativity,auc_abs_delta,0.0039019817598611
mu_0p300,0.3,0.3,272,32,null,edge_weakening_random_subset,weighted_edge_betweenness_fixed_10pct,random_fixed_10pct_vary_alpha,deterioration_severity,weighted_directed_community_assortativity,auc_abs_delta,0.0029195218340037
mu_0p300,0.3,0.3,273,33,null,edge_weakening_random_subset,weighted_edge_betweenness_fixed_10pct,random_fixed_10pct_vary_alpha,deterioration_severity,weighted_directed_community_assortativity,auc_abs_delta,0.0008761915219156
mu_0p300,0.3,0.3,274,34,null,edge_weakening_random_subset,weighted_edge_betweenness_fixed_10pct,random_fixed_10pct_vary_alpha,deterioration_severity,weighted_directed_community_assortativity,auc_abs_delta,0.0068238691124849
mu_0p300,0.3,0.3,275,35,null,edge_weakening_random_subset,weighted_edge_betweenness_fixed_10pct,random_fixed_10pct_vary_alpha,deterioration_severity,weighted_directed_community_assortativity,auc_abs_delta,0.000208395599339
mu_0p300,0.3,0.3,276,36,null,edge_weakening_random_subset,weighted_edge_betweenness_fixed_10pct,random_fixed_10pct_vary_alpha,deterioration_severity,weighted_directed_community_assortativity,auc_abs_delta,0.0058913738613933
mu_0p300,0.3,0.3,277,37,null,edge_weakening_random_subset,weighted_edge_betweenness_fixed_10pct,random_fixed_10pct_vary_alpha,deterioration_severity,weighted_directed_community_assortativity,auc_abs_delta,0.0040177950070239
mu_0p300,0.3,0.3,278,38,null,edge_weakening_random_subset,weighted_edge_betweenness_fixed_10pct,random_fixed_10pct_vary_alpha,deterioration_severity,weighted_directed_community_assortativity,auc_abs_delta,0.0035518846150276
mu_0p300,0.3,0.3,279,39,null,edge_weakening_random_subset,weighted_edge_betweenness_fixed_10pct,random_fixed_10pct_vary_alpha,deterioration_severity,weighted_directed_community_assortativity,auc_abs_delta,0.0065296385826019
mu_0p075,0.075,0.075,0,0,null,node_removal,out_strength,out_strength,node,weighted_directed_community_assortativity,auc_abs_delta,0.0141187314126735
mu_0p075,0.075,0.075,1,1,null,node_removal,out_strength,out_strength,node,weighted_directed_community_assortativity,auc_abs_delta,0.0121458903747346
mu_0p075,0.075,0.075,2,2,null,node_removal,out_strength,out_strength,node,weighted_directed_community_assortativity,auc_abs_delta,0.0176090527333039
mu_0p075,0.075,0.075,3,3,null,node_removal,out_strength,out_strength,node,weighted_directed_community_assortativity,auc_abs_delta,0.0067476041287463
mu_0p075,0.075,0.075,4,4,null,node_removal,out_strength,out_strength,node,weighted_directed_community_assortativity,auc_abs_delta,0.0168781503030698
mu_0p075,0.075,0.075,5,5,null,node_removal,out_strength,out_strength,node,weighted_directed_community_assortativity,auc_abs_delta,0.0183249063766173
mu_0p075,0.075,0.075,6,6,null,node_removal,out_strength,out_strength,node,weighted_directed_community_assortativity,auc_abs_delta,0.0183948572645416
mu_0p075,0.075,0.075,7,7,null,node_removal,out_strength,out_strength,node,weighted_directed_community_assortativity,auc_abs_delta,0.0321967322298293
mu_0p075,0.075,0.075,8,8,null,node_removal,out_strength,out_strength,node,weighted_directed_community_assortativity,auc_abs_delta,0.0111443193298023
mu_0p075,0.075,0.075,9,9,null,node_removal,out_strength,out_strength,node,weighted_directed_community_assortativity,auc_abs_delta,0.0069447394599982
mu_0p075,0.075,0.075,10,10,null,node_removal,out_strength,out_strength,node,weighted_directed_community_assortativity,auc_abs_delta,0.0119722899792503
mu_0p075,0.075,0.075,11,11,null,node_removal,out_strength,out_strength,node,weighted_directed_community_assortativity,auc_abs_delta,0.0114507461819198
mu_0p075,0.075,0.075,12,12,null,node_removal,out_strength,out_strength,node,weighted_directed_community_assortativity,auc_abs_delta,0.0149608179805165
mu_0p075,0.075,0.075,13,13,null,node_removal,out_strength,out_strength,node,weighted_directed_community_assortativity,auc_abs_delta,0.0088228222102663
mu_0p075,0.075,0.075,14,14,null,node_removal,out_strength,out_strength,node,weighted_directed_community_assortativity,auc_abs_delta,0.0092846326368879
mu_0p075,0.075,0.075,15,15,null,node_removal,out_strength,out_strength,node,weighted_directed_community_assortativity,auc_abs_delta,0.0093689981931679
mu_0p075,0.075,0.075,16,16,null,node_removal,out_strength,out_strength,node,weighted_directed_community_assortativity,auc_abs_delta,0.0124919262887015
mu_0p075,0.075,0.075,17,17,null,node_removal,out_strength,out_strength,node,weighted_directed_community_assortativity,auc_abs_delta,0.0169421725760331
mu_0p075,0.075,0.075,18,18,null,node_removal,out_strength,out_strength,node,weighted_directed_community_assortativity,auc_abs_delta,0.0148126819286717
mu_0p075,0.075,0.075,19,19,null,node_removal,out_strength,out_strength,node,weighted_directed_community_assortativity,auc_abs_delta,0.0169944252492279
mu_0p075,0.075,0.075,20,20,null,node_removal,out_strength,out_strength,node,weighted_directed_community_assortativity,auc_abs_delta,0.0105958277214727
mu_0p075,0.075,0.075,21,21,null,node_removal,out_strength,out_strength,node,weighted_directed_community_assortativity,auc_abs_delta,0.0267864549503986
mu_0p075,0.075,0.075,22,22,null,node_removal,out_strength,out_strength,node,weighted_directed_community_assortativity,auc_abs_delta,0.0106007523141028
mu_0p075,0.075,0.075,23,23,null,node_removal,out_strength,out_strength,node,weighted_directed_community_assortativity,auc_abs_delta,0.0123382127275086
mu_0p075,0.075,0.075,24,24,null,node_removal,out_strength,out_strength,node,weighted_directed_community_assortativity,auc_abs_delta,0.0138434028546802
mu_0p075,0.075,0.075,25,25,null,node_removal,out_strength,out_strength,node,weighted_directed_community_assortativity,auc_abs_delta,0.0097748315644848
mu_0p075,0.075,0.075,26,26,null,node_removal,out_strength,out_strength,node,weighted_directed_community_assortativity,auc_abs_delta,0.0246693303795301
mu_0p075,0.075,0.075,27,27,null,node_removal,out_strength,out_strength,node,weighted_directed_community_assortativity,auc_abs_delta,0.0163246851502545
mu_0p075,0.075,0.075,28,28,null,node_removal,out_strength,out_strength,node,weighted_directed_community_assortativity,auc_abs_delta,0.0432779943395989
mu_0p075,0.075,0.075,29,29,null,node_removal,out_strength,out_strength,node,weighted_directed_community_assortativity,auc_abs_delta,0.0167746560220898
mu_0p075,0.075,0.075,30,30,null,node_removal,out_strength,out_strength,node,weighted_directed_community_assortativity,auc_abs_delta,0.0190993613206339
mu_0p075,0.075,0.075,31,31,null,node_removal,out_strength,out_strength,node,weighted_directed_community_assortativity,auc_abs_delta,0.0115688991963454
mu_0p075,0.075,0.075,32,32,null,node_removal,out_strength,out_strength,node,weighted_directed_community_assortativity,auc_abs_delta,0.0121862747337402
mu_0p075,0.075,0.075,33,33,null,node_removal,out_strength,out_strength,node,weighted_directed_community_assortativity,auc_abs_delta,0.0157553716945483
mu_0p075,0.075,0.075,34,34,null,node_removal,out_strength,out_strength,node,weighted_directed_community_assortativity,auc_abs_delta,0.0277348116019343
mu_0p075,0.075,0.075,35,35,null,node_removal,out_strength,out_strength,node,weighted_directed_community_assortativity,auc_abs_delta,0.0169793678870451
mu_0p075,0.075,0.075,36,36,null,node_removal,out_strength,out_strength,node,weighted_directed_community_assortativity,auc_abs_delta,0.0120103636825922
mu_0p075,0.075,0.075,37,37,null,node_removal,out_strength,out_strength,node,weighted_directed_community_assortativity,auc_abs_delta,0.0125898756302461
mu_0p075,0.075,0.075,38,38,null,node_removal,out_strength,out_strength,node,weighted_directed_community_assortativity,auc_abs_delta,0.0204571815414799
mu_0p075,0.075,0.075,39,39,null,node_removal,out_strength,out_strength,node,weighted_directed_community_assortativity,auc_abs_delta,0.0094982306861127
mu_0p100,0.1,0.1,40,0,null,node_removal,out_strength,out_strength,node,weighted_directed_community_assortativity,auc_abs_delta,0.0047395468381824
mu_0p100,0.1,0.1,41,1,null,node_removal,out_strength,out_strength,node,weighted_directed_community_assortativity,auc_abs_delta,0.0086752802833244
mu_0p100,0.1,0.1,42,2,null,node_removal,out_strength,out_strength,node,weighted_directed_community_assortativity,auc_abs_delta,0.0173511016775371
mu_0p100,0.1,0.1,43,3,null,node_removal,out_strength,out_strength,node,weighted_directed_community_assortativity,auc_abs_delta,0.0301617837319743
mu_0p100,0.1,0.1,44,4,null,node_removal,out_strength,out_strength,node,weighted_directed_community_assortativity,auc_abs_delta,0.0123217386886141
mu_0p100,0.1,0.1,45,5,null,node_removal,out_strength,out_strength,node,weighted_directed_community_assortativity,auc_abs_delta,0.0100740887595492
mu_0p100,0.1,0.1,46,6,null,node_removal,out_strength,out_strength,node,weighted_directed_community_assortativity,auc_abs_delta,0.0139778118870058
mu_0p100,0.1,0.1,47,7,null,node_removal,out_strength,out_strength,node,weighted_directed_community_assortativity,auc_abs_delta,0.0104599673984742
mu_0p100,0.1,0.1,48,8,null,node_removal,out_strength,out_strength,node,weighted_directed_community_assortativity,auc_abs_delta,0.0125559287309545
mu_0p100,0.1,0.1,49,9,null,node_removal,out_strength,out_strength,node,weighted_directed_community_assortativity,auc_abs_delta,0.0094249446739178
mu_0p100,0.1,0.1,50,10,null,node_removal,out_strength,out_strength,node,weighted_directed_community_assortativity,auc_abs_delta,0.0186065722483791
mu_0p100,0.1,0.1,51,11,null,node_removal,out_strength,out_strength,node,weighted_directed_community_assortativity,auc_abs_delta,0.0333605523895732
mu_0p100,0.1,0.1,52,12,null,node_removal,out_strength,out_strength,node,weighted_directed_community_assortativity,auc_abs_delta,0.0105815238709315
mu_0p100,0.1,0.1,53,13,null,node_removal,out_strength,out_strength,node,weighted_directed_community_assortativity,auc_abs_delta,0.0132180201688275
mu_0p100,0.1,0.1,54,14,null,node_removal,out_strength,out_strength,node,weighted_directed_community_assortativity,auc_abs_delta,0.0273089970685711
mu_0p100,0.1,0.1,55,15,null,node_removal,out_strength,out_strength,node,weighted_directed_community_assortativity,auc_abs_delta,0.0076677849262548
mu_0p100,0.1,0.1,56,16,null,node_removal,out_strength,out_strength,node,weighted_directed_community_assortativity,auc_abs_delta,0.0084597691065279
mu_0p100,0.1,0.1,57,17,null,node_removal,out_strength,out_strength,node,weighted_directed_community_assortativity,auc_abs_delta,0.0130101316350852
mu_0p100,0.1,0.1,58,18,null,node_removal,out_strength,out_strength,node,weighted_directed_community_assortativity,auc_abs_delta,0.0127607310785525
mu_0p100,0.1,0.1,59,19,null,node_removal,out_strength,out_strength,node,weighted_directed_community_assortativity,auc_abs_delta,0.0113274037757158
mu_0p100,0.1,0.1,60,20,null,node_removal,out_strength,out_strength,node,weighted_directed_community_assortativity,auc_abs_delta,0.037736149628971
mu_0p100,0.1,0.1,61,21,null,node_removal,out_strength,out_strength,node,weighted_directed_community_assortativity,auc_abs_delta,0.0115112220040213
mu_0p100,0.1,0.1,62,22,null,node_removal,out_strength,out_strength,node,weighted_directed_community_assortativity,auc_abs_delta,0.0428861289268527
mu_0p100,0.1,0.1,63,23,null,node_removal,out_strength,out_strength,node,weighted_directed_community_assortativity,auc_abs_delta,0.0085037346174598
mu_0p100,0.1,0.1,64,24,null,node_removal,out_strength,out_strength,node,weighted_directed_community_assortativity,auc_abs_delta,0.0120766404631669
mu_0p100,0.1,0.1,65,25,null,node_removal,out_strength,out_strength,node,weighted_directed_community_assortativity,auc_abs_delta,0.0212278797851155
mu_0p100,0.1,0.1,66,26,null,node_removal,out_strength,out_strength,node,weighted_directed_community_assortativity,auc_abs_delta,0.0136060100141968
mu_0p100,0.1,0.1,67,27,null,node_removal,out_strength,out_strength,node,weighted_directed_community_assortativity,auc_abs_delta,0.0051813971727443
mu_0p100,0.1,0.1,68,28,null,node_removal,out_strength,out_strength,node,weighted_directed_community_assortativity,auc_abs_delta,0.0154260605201604
mu_0p100,0.1,0.1,69,29,null,node_removal,out_strength,out_strength,node,weighted_directed_community_assortativity,auc_abs_delta,0.0101266122808501
mu_0p100,0.1,0.1,70,30,null,node_removal,out_strength,out_strength,node,weighted_directed_community_assortativity,auc_abs_delta,0.0113671725943698
mu_0p100,0.1,0.1,71,31,null,node_removal,out_strength,out_strength,node,weighted_directed_community_assortativity,auc_abs_delta,0.0217530787983129
mu_0p100,0.1,0.1,72,32,null,node_removal,out_strength,out_strength,node,weighted_directed_community_assortativity,auc_abs_delta,0.0100173792253277
mu_0p100,0.1,0.1,73,33,null,node_removal,out_strength,out_strength,node,weighted_directed_community_assortativity,auc_abs_delta,0.0178673825729574
mu_0p100,0.1,0.1,74,34,null,node_removal,out_strength,out_strength,node,weighted_directed_community_assortativity,auc_abs_delta,0.0291310327442414
mu_0p100,0.1,0.1,75,35,null,node_removal,out_strength,out_strength,node,weighted_directed_community_assortativity,auc_abs_delta,0.0061612664413149
mu_0p100,0.1,0.1,76,36,null,node_removal,out_strength,out_strength,node,weighted_directed_community_assortativity,auc_abs_delta,0.0072925469189717
mu_0p100,0.1,0.1,77,37,null,node_removal,out_strength,out_strength,node,weighted_directed_community_assortativity,auc_abs_delta,0.0161320234394625
mu_0p100,0.1,0.1,78,38,null,node_removal,out_strength,out_strength,node,weighted_directed_community_assortativity,auc_abs_delta,0.0128324383707505
mu_0p100,0.1,0.1,79,39,null,node_removal,out_strength,out_strength,node,weighted_directed_community_assortativity,auc_abs_delta,0.0223216742804319
mu_0p125,0.125,0.125,80,0,null,node_removal,out_strength,out_strength,node,weighted_directed_community_assortativity,auc_abs_delta,0.0104837320423128
mu_0p125,0.125,0.125,81,1,null,node_removal,out_strength,out_strength,node,weighted_directed_community_assortativity,auc_abs_delta,0.0114134803007996
mu_0p125,0.125,0.125,82,2,null,node_removal,out_strength,out_strength,node,weighted_directed_community_assortativity,auc_abs_delta,0.0276517172347241
mu_0p125,0.125,0.125,83,3,null,node_removal,out_strength,out_strength,node,weighted_directed_community_assortativity,auc_abs_delta,0.0144921768487627
mu_0p125,0.125,0.125,84,4,null,node_removal,out_strength,out_strength,node,weighted_directed_community_assortativity,auc_abs_delta,0.0277004188864027
mu_0p125,0.125,0.125,85,5,null,node_removal,out_strength,out_strength,node,weighted_directed_community_assortativity,auc_abs_delta,0.0267234846553599
mu_0p125,0.125,0.125,86,6,null,node_removal,out_strength,out_strength,node,weighted_directed_community_assortativity,auc_abs_delta,0.0146468670766788
mu_0p125,0.125,0.125,87,7,null,node_removal,out_strength,out_strength,node,weighted_directed_community_assortativity,auc_abs_delta,0.0082561100504484
mu_0p125,0.125,0.125,88,8,null,node_removal,out_strength,out_strength,node,weighted_directed_community_assortativity,auc_abs_delta,0.023722686246786
mu_0p125,0.125,0.125,89,9,null,node_removal,out_strength,out_strength,node,weighted_directed_community_assortativity,auc_abs_delta,0.0194705383150685
mu_0p125,0.125,0.125,90,10,null,node_removal,out_strength,out_strength,node,weighted_directed_community_assortativity,auc_abs_delta,0.0204247802046709
mu_0p125,0.125,0.125,91,11,null,node_removal,out_strength,out_strength,node,weighted_directed_community_assortativity,auc_abs_delta,0.0099807278241893
mu_0p125,0.125,0.125,92,12,null,node_removal,out_strength,out_strength,node,weighted_directed_community_assortativity,auc_abs_delta,0.0219423096214982
mu_0p125,0.125,0.125,93,13,null,node_removal,out_strength,out_strength,node,weighted_directed_community_assortativity,auc_abs_delta,0.0121231342014232
mu_0p125,0.125,0.125,94,14,null,node_removal,out_strength,out_strength,node,weighted_directed_community_assortativity,auc_abs_delta,0.014201830105437
mu_0p125,0.125,0.125,95,15,null,node_removal,out_strength,out_strength,node,weighted_directed_community_assortativity,auc_abs_delta,0.019180535398791
mu_0p125,0.125,0.125,96,16,null,node_removal,out_strength,out_strength,node,weighted_directed_community_assortativity,auc_abs_delta,0.0136305809122252
mu_0p125,0.125,0.125,97,17,null,node_removal,out_strength,out_strength,node,weighted_directed_community_assortativity,auc_abs_delta,0.0234301324911715
mu_0p125,0.125,0.125,98,18,null,node_removal,out_strength,out_strength,node,weighted_directed_community_assortativity,auc_abs_delta,0.0238677678801824
mu_0p125,0.125,0.125,99,19,null,node_removal,out_strength,out_strength,node,weighted_directed_community_assortativity,auc_abs_delta,0.0148843593653539
mu_0p125,0.125,0.125,100,20,null,node_removal,out_strength,out_strength,node,weighted_directed_community_assortativity,auc_abs_delta,0.0162223707874499
mu_0p125,0.125,0.125,101,21,null,node_removal,out_strength,out_strength,node,weighted_directed_community_assortativity,auc_abs_delta,0.0154473572148271
mu_0p125,0.125,0.125,102,22,null,node_removal,out_strength,out_strength,node,weighted_directed_community_assortativity,auc_abs_delta,0.0217145882986057
mu_0p125,0.125,0.125,103,23,null,node_removal,out_strength,out_strength,node,weighted_directed_community_assortativity,auc_abs_delta,0.0207364747611208
mu_0p125,0.125,0.125,104,24,null,node_removal,out_strength,out_strength,node,weighted_directed_community_assortativity,auc_abs_delta,0.0128033597253426
mu_0p125,0.125,0.125,105,25,null,node_removal,out_strength,out_strength,node,weighted_directed_community_assortativity,auc_abs_delta,0.022136073691749
mu_0p125,0.125,0.125,106,26,null,node_removal,out_strength,out_strength,node,weighted_directed_community_assortativity,auc_abs_delta,0.0219026690549382
mu_0p125,0.125,0.125,107,27,null,node_removal,out_strength,out_strength,node,weighted_directed_community_assortativity,auc_abs_delta,0.0061944113322113
mu_0p125,0.125,0.125,108,28,null,node_removal,out_strength,out_strength,node,weighted_directed_community_assortativity,auc_abs_delta,0.0187859189334332
mu_0p125,0.125,0.125,109,29,null,node_removal,out_strength,out_strength,node,weighted_directed_community_assortativity,auc_abs_delta,0.0247394922257874
mu_0p125,0.125,0.125,110,30,null,node_removal,out_strength,out_strength,node,weighted_directed_community_assortativity,auc_abs_delta,0.020876084851292
mu_0p125,0.125,0.125,111,31,null,node_removal,out_strength,out_strength,node,weighted_directed_community_assortativity,auc_abs_delta,0.01246629255804
mu_0p125,0.125,0.125,112,32,null,node_removal,out_strength,out_strength,node,weighted_directed_community_assortativity,auc_abs_delta,0.0158386108859226
mu_0p125,0.125,0.125,113,33,null,node_removal,out_strength,out_strength,node,weighted_directed_community_assortativity,auc_abs_delta,0.0133249308640246
mu_0p125,0.125,0.125,114,34,null,node_removal,out_strength,out_strength,node,weighted_directed_community_assortativity,auc_abs_delta,0.0082674245280138
mu_0p125,0.125,0.125,115,35,null,node_removal,out_strength,out_strength,node,weighted_directed_community_assortativity,auc_abs_delta,0.0210602973476478
mu_0p125,0.125,0.125,116,36,null,node_removal,out_strength,out_strength,node,weighted_directed_community_assortativity,auc_abs_delta,0.0104731200141726
mu_0p125,0.125,0.125,117,37,null,node_removal,out_strength,out_strength,node,weighted_directed_community_assortativity,auc_abs_delta,0.0132861185380733
mu_0p125,0.125,0.125,118,38,null,node_removal,out_strength,out_strength,node,weighted_directed_community_assortativity,auc_abs_delta,0.0182030061697451
mu_0p125,0.125,0.125,119,39,null,node_removal,out_strength,out_strength,node,weighted_directed_community_assortativity,auc_abs_delta,0.0140858899209045
mu_0p150,0.15,0.15,120,0,null,node_removal,out_strength,out_strength,node,weighted_directed_community_assortativity,auc_abs_delta,0.0212062600494172
mu_0p150,0.15,0.15,121,1,null,node_removal,out_strength,out_strength,node,weighted_directed_community_assortativity,auc_abs_delta,0.012115257050321
mu_0p150,0.15,0.15,122,2,null,node_removal,out_strength,out_strength,node,weighted_directed_community_assortativity,auc_abs_delta,0.0214873111251021
mu_0p150,0.15,0.15,123,3,null,node_removal,out_strength,out_strength,node,weighted_directed_community_assortativity,auc_abs_delta,0.0191984577184321
mu_0p150,0.15,0.15,124,4,null,node_removal,out_strength,out_strength,node,weighted_directed_community_assortativity,auc_abs_delta,0.0148790804665801
mu_0p150,0.15,0.15,125,5,null,node_removal,out_strength,out_strength,node,weighted_directed_community_assortativity,auc_abs_delta,0.0137722686128813
mu_0p150,0.15,0.15,126,6,null,node_removal,out_strength,out_strength,node,weighted_directed_community_assortativity,auc_abs_delta,0.0114764558632624
mu_0p150,0.15,0.15,127,7,null,node_removal,out_strength,out_strength,node,weighted_directed_community_assortativity,auc_abs_delta,0.0281013232658318
mu_0p150,0.15,0.15,128,8,null,node_removal,out_strength,out_strength,node,weighted_directed_community_assortativity,auc_abs_delta,0.0227771641399772
mu_0p150,0.15,0.15,129,9,null,node_removal,out_strength,out_strength,node,weighted_directed_community_assortativity,auc_abs_delta,0.016602811406892
mu_0p150,0.15,0.15,130,10,null,node_removal,out_strength,out_strength,node,weighted_directed_community_assortativity,auc_abs_delta,0.0073724128300747
mu_0p150,0.15,0.15,131,11,null,node_removal,out_strength,out_strength,node,weighted_directed_community_assortativity,auc_abs_delta,0.0106136475153248
mu_0p150,0.15,0.15,132,12,null,node_removal,out_strength,out_strength,node,weighted_directed_community_assortativity,auc_abs_delta,0.0287772423526611
mu_0p150,0.15,0.15,133,13,null,node_removal,out_strength,out_strength,node,weighted_directed_community_assortativity,auc_abs_delta,0.0148476308299239
mu_0p150,0.15,0.15,134,14,null,node_removal,out_strength,out_strength,node,weighted_directed_community_assortativity,auc_abs_delta,0.0366508877968518
mu_0p150,0.15,0.15,135,15,null,node_removal,out_strength,out_strength,node,weighted_directed_community_assortativity,auc_abs_delta,0.0192899978481924
mu_0p150,0.15,0.15,136,16,null,node_removal,out_strength,out_strength,node,weighted_directed_community_assortativity,auc_abs_delta,0.0150660009555242
mu_0p150,0.15,0.15,137,17,null,node_removal,out_strength,out_strength,node,weighted_directed_community_assortativity,auc_abs_delta,0.0080763683084012
mu_0p150,0.15,0.15,138,18,null,node_removal,out_strength,out_strength,node,weighted_directed_community_assortativity,auc_abs_delta,0.0110772192566095
mu_0p150,0.15,0.15,139,19,null,node_removal,out_strength,out_strength,node,weighted_directed_community_assortativity,auc_abs_delta,0.0067295579898454
mu_0p150,0.15,0.15,140,20,null,node_removal,out_strength,out_strength,node,weighted_directed_community_assortativity,auc_abs_delta,0.0089818826855556
mu_0p150,0.15,0.15,141,21,null,node_removal,out_strength,out_strength,node,weighted_directed_community_assortativity,auc_abs_delta,0.0103661938430926
mu_0p150,0.15,0.15,142,22,null,node_removal,out_strength,out_strength,node,weighted_directed_community_assortativity,auc_abs_delta,0.0072458506153786
mu_0p150,0.15,0.15,143,23,null,node_removal,out_strength,out_strength,node,weighted_directed_community_assortativity,auc_abs_delta,0.0087339362365129
mu_0p150,0.15,0.15,144,24,null,node_removal,out_strength,out_strength,node,weighted_directed_community_assortativity,auc_abs_delta,0.022272204355648
mu_0p150,0.15,0.15,145,25,null,node_removal,out_strength,out_strength,node,weighted_directed_community_assortativity,auc_abs_delta,0.0103022823812836
mu_0p150,0.15,0.15,146,26,null,node_removal,out_strength,out_strength,node,weighted_directed_community_assortativity,auc_abs_delta,0.0151768245078418
mu_0p150,0.15,0.15,147,27,null,node_removal,out_strength,out_strength,node,weighted_directed_community_assortativity,auc_abs_delta,0.0183751203285
mu_0p150,0.15,0.15,148,28,null,node_removal,out_strength,out_strength,node,weighted_directed_community_assortativity,auc_abs_delta,0.0071119412954449
mu_0p150,0.15,0.15,149,29,null,node_removal,out_strength,out_strength,node,weighted_directed_community_assortativity,auc_abs_delta,0.0141023005971665
mu_0p150,0.15,0.15,150,30,null,node_removal,out_strength,out_strength,node,weighted_directed_community_assortativity,auc_abs_delta,0.0104163889939229
mu_0p150,0.15,0.15,151,31,null,node_removal,out_strength,out_strength,node,weighted_directed_community_assortativity,auc_abs_delta,0.0326870003769845
mu_0p150,0.15,0.15,152,32,null,node_removal,out_strength,out_strength,node,weighted_directed_community_assortativity,auc_abs_delta,0.0287659681010773
mu_0p150,0.15,0.15,153,33,null,node_removal,out_strength,out_strength,node,weighted_directed_community_assortativity,auc_abs_delta,0.0090242108854831
mu_0p150,0.15,0.15,154,34,null,node_removal,out_strength,out_strength,node,weighted_directed_community_assortativity,auc_abs_delta,0.0116647663285898
mu_0p150,0.15,0.15,155,35,null,node_removal,out_strength,out_strength,node,weighted_directed_community_assortativity,auc_abs_delta,0.0206073501207873
mu_0p150,0.15,0.15,156,36,null,node_removal,out_strength,out_strength,node,weighted_directed_community_assortativity,auc_abs_delta,0.0095664309879284
mu_0p150,0.15,0.15,157,37,null,node_removal,out_strength,out_strength,node,weighted_directed_community_assortativity,auc_abs_delta,0.0096102371160534
mu_0p150,0.15,0.15,158,38,null,node_removal,out_strength,out_strength,node,weighted_directed_community_assortativity,auc_abs_delta,0.006813501350334
mu_0p150,0.15,0.15,159,39,null,node_removal,out_strength,out_strength,node,weighted_directed_community_assortativity,auc_abs_delta,0.0110186949957985
mu_0p175,0.175,0.175,160,0,null,node_removal,out_strength,out_strength,node,weighted_directed_community_assortativity,auc_abs_delta,0.022203299177936
mu_0p175,0.175,0.175,161,1,null,node_removal,out_strength,out_strength,node,weighted_directed_community_assortativity,auc_abs_delta,0.0116155795896504
mu_0p175,0.175,0.175,162,2,null,node_removal,out_strength,out_strength,node,weighted_directed_community_assortativity,auc_abs_delta,0.0213926774326782
mu_0p175,0.175,0.175,163,3,null,node_removal,out_strength,out_strength,node,weighted_directed_community_assortativity,auc_abs_delta,0.0144934345789431
mu_0p175,0.175,0.175,164,4,null,node_removal,out_strength,out_strength,node,weighted_directed_community_assortativity,auc_abs_delta,0.0194197712823419
mu_0p175,0.175,0.175,165,5,null,node_removal,out_strength,out_strength,node,weighted_directed_community_assortativity,auc_abs_delta,0.0213465209056612
mu_0p175,0.175,0.175,166,6,null,node_removal,out_strength,out_strength,node,weighted_directed_community_assortativity,auc_abs_delta,0.0126867465078267
mu_0p175,0.175,0.175,167,7,null,node_removal,out_strength,out_strength,node,weighted_directed_community_assortativity,auc_abs_delta,0.0120282756722691
mu_0p175,0.175,0.175,168,8,null,node_removal,out_strength,out_strength,node,weighted_directed_community_assortativity,auc_abs_delta,0.0073239152805467
mu_0p175,0.175,0.175,169,9,null,node_removal,out_strength,out_strength,node,weighted_directed_community_assortativity,auc_abs_delta,0.0090238973347649
mu_0p175,0.175,0.175,170,10,null,node_removal,out_strength,out_strength,node,weighted_directed_community_assortativity,auc_abs_delta,0.030379178518126
mu_0p175,0.175,0.175,171,11,null,node_removal,out_strength,out_strength,node,weighted_directed_community_assortativity,auc_abs_delta,0.0151648801276676
mu_0p175,0.175,0.175,172,12,null,node_removal,out_strength,out_strength,node,weighted_directed_community_assortativity,auc_abs_delta,0.0253393738787079
mu_0p175,0.175,0.175,173,13,null,node_removal,out_strength,out_strength,node,weighted_directed_community_assortativity,auc_abs_delta,0.0188938908697806
mu_0p175,0.175,0.175,174,14,null,node_removal,out_strength,out_strength,node,weighted_directed_community_assortativity,auc_abs_delta,0.0113001717847499
mu_0p175,0.175,0.175,175,15,null,node_removal,out_strength,out_strength,node,weighted_directed_community_assortativity,auc_abs_delta,0.0277527297476645
mu_0p175,0.175,0.175,176,16,null,node_removal,out_strength,out_strength,node,weighted_directed_community_assortativity,auc_abs_delta,0.0058602577230481
mu_0p175,0.175,0.175,177,17,null,node_removal,out_strength,out_strength,node,weighted_directed_community_assortativity,auc_abs_delta,0.0098442179271731
mu_0p175,0.175,0.175,178,18,null,node_removal,out_strength,out_strength,node,weighted_directed_community_assortativity,auc_abs_delta,0.0082606664928344
mu_0p175,0.175,0.175,179,19,null,node_removal,out_strength,out_strength,node,weighted_directed_community_assortativity,auc_abs_delta,0.0197822302020252
mu_0p175,0.175,0.175,180,20,null,node_removal,out_strength,out_strength,node,weighted_directed_community_assortativity,auc_abs_delta,0.0110444043627551
mu_0p175,0.175,0.175,181,21,null,node_removal,out_strength,out_strength,node,weighted_directed_community_assortativity,auc_abs_delta,0.0144168795675895
mu_0p175,0.175,0.175,182,22,null,node_removal,out_strength,out_strength,node,weighted_directed_community_assortativity,auc_abs_delta,0.012887854682797
mu_0p175,0.175,0.175,183,23,null,node_removal,out_strength,out_strength,node,weighted_directed_community_assortativity,auc_abs_delta,0.0157030406204235
mu_0p175,0.175,0.175,184,24,null,node_removal,out_strength,out_strength,node,weighted_directed_community_assortativity,auc_abs_delta,0.0282220261703523
mu_0p175,0.175,0.175,185,25,null,node_removal,out_strength,out_strength,node,weighted_directed_community_assortativity,auc_abs_delta,0.0155395050753793
mu_0p175,0.175,0.175,186,26,null,node_removal,out_strength,out_strength,node,weighted_directed_community_assortativity,auc_abs_delta,0.0111748072664025
mu_0p175,0.175,0.175,187,27,null,node_removal,out_strength,out_strength,node,weighted_directed_community_assortativity,auc_abs_delta,0.0074793020602326
mu_0p175,0.175,0.175,188,28,null,node_removal,out_strength,out_strength,node,weighted_directed_community_assortativity,auc_abs_delta,0.0156173141010271
mu_0p175,0.175,0.175,189,29,null,node_removal,out_strength,out_strength,node,weighted_directed_community_assortativity,auc_abs_delta,0.0368529793020915
mu_0p175,0.175,0.175,190,30,null,node_removal,out_strength,out_strength,node,weighted_directed_community_assortativity,auc_abs_delta,0.0295195259485375
mu_0p175,0.175,0.175,191,31,null,node_removal,out_strength,out_strength,node,weighted_directed_community_assortativity,auc_abs_delta,0.0105280435887953
mu_0p175,0.175,0.175,192,32,null,node_removal,out_strength,out_strength,node,weighted_directed_community_assortativity,auc_abs_delta,0.0067550758561974
mu_0p175,0.175,0.175,193,33,null,node_removal,out_strength,out_strength,node,weighted_directed_community_assortativity,auc_abs_delta,0.0110084115329046
mu_0p175,0.175,0.175,194,34,null,node_removal,out_strength,out_strength,node,weighted_directed_community_assortativity,auc_abs_delta,0.021297737413605
mu_0p175,0.175,0.175,195,35,null,node_removal,out_strength,out_strength,node,weighted_directed_community_assortativity,auc_abs_delta,0.0110408238090262
mu_0p175,0.175,0.175,196,36,null,node_removal,out_strength,out_strength,node,weighted_directed_community_assortativity,auc_abs_delta,0.0068380626489527
mu_0p175,0.175,0.175,197,37,null,node_removal,out_strength,out_strength,node,weighted_directed_community_assortativity,auc_abs_delta,0.03221209360375
mu_0p175,0.175,0.175,198,38,null,node_removal,out_strength,out_strength,node,weighted_directed_community_assortativity,auc_abs_delta,0.0076496472205243
mu_0p175,0.175,0.175,199,39,null,node_removal,out_strength,out_strength,node,weighted_directed_community_assortativity,auc_abs_delta,0.0132843268769115
mu_0p225,0.225,0.225,200,0,null,node_removal,out_strength,out_strength,node,weighted_directed_community_assortativity,auc_abs_delta,0.0183359523123456
mu_0p225,0.225,0.225,201,1,null,node_removal,out_strength,out_strength,node,weighted_directed_community_assortativity,auc_abs_delta,0.0192133333127464
mu_0p225,0.225,0.225,202,2,null,node_removal,out_strength,out_strength,node,weighted_directed_community_assortativity,auc_abs_delta,0.0080668355625694
mu_0p225,0.225,0.225,203,3,null,node_removal,out_strength,out_strength,node,weighted_directed_community_assortativity,auc_abs_delta,0.0375325151472746
mu_0p225,0.225,0.225,204,4,null,node_removal,out_strength,out_strength,node,weighted_directed_community_assortativity,auc_abs_delta,0.0135956974823699
mu_0p225,0.225,0.225,205,5,null,node_removal,out_strength,out_strength,node,weighted_directed_community_assortativity,auc_abs_delta,0.0129170446250918
mu_0p225,0.225,0.225,206,6,null,node_removal,out_strength,out_strength,node,weighted_directed_community_assortativity,auc_abs_delta,0.0066793902458083
mu_0p225,0.225,0.225,207,7,null,node_removal,out_strength,out_strength,node,weighted_directed_community_assortativity,auc_abs_delta,0.0098738735945991
mu_0p225,0.225,0.225,208,8,null,node_removal,out_strength,out_strength,node,weighted_directed_community_assortativity,auc_abs_delta,0.0036203442908785
mu_0p225,0.225,0.225,209,9,null,node_removal,out_strength,out_strength,node,weighted_directed_community_assortativity,auc_abs_delta,0.0151849948172734
mu_0p225,0.225,0.225,210,10,null,node_removal,out_strength,out_strength,node,weighted_directed_community_assortativity,auc_abs_delta,0.0076555375209091
mu_0p225,0.225,0.225,211,11,null,node_removal,out_strength,out_strength,node,weighted_directed_community_assortativity,auc_abs_delta,0.0238833417486204
mu_0p225,0.225,0.225,212,12,null,node_removal,out_strength,out_strength,node,weighted_directed_community_assortativity,auc_abs_delta,0.0126081357681482
mu_0p225,0.225,0.225,213,13,null,node_removal,out_strength,out_strength,node,weighted_directed_community_assortativity,auc_abs_delta,0.0078352937079673
mu_0p225,0.225,0.225,214,14,null,node_removal,out_strength,out_strength,node,weighted_directed_community_assortativity,auc_abs_delta,0.0117060105197961
mu_0p225,0.225,0.225,215,15,null,node_removal,out_strength,out_strength,node,weighted_directed_community_assortativity,auc_abs_delta,0.0106954679322682
mu_0p225,0.225,0.225,216,16,null,node_removal,out_strength,out_strength,node,weighted_directed_community_assortativity,auc_abs_delta,0.0422736243295837
mu_0p225,0.225,0.225,217,17,null,node_removal,out_strength,out_strength,node,weighted_directed_community_assortativity,auc_abs_delta,0.019057721869114
mu_0p225,0.225,0.225,218,18,null,node_removal,out_strength,out_strength,node,weighted_directed_community_assortativity,auc_abs_delta,0.0188396569168751
mu_0p225,0.225,0.225,219,19,null,node_removal,out_strength,out_strength,node,weighted_directed_community_assortativity,auc_abs_delta,0.0179614466975515
mu_0p225,0.225,0.225,220,20,null,node_removal,out_strength,out_strength,node,weighted_directed_community_assortativity,auc_abs_delta,0.0185034043210509
mu_0p225,0.225,0.225,221,21,null,node_removal,out_strength,out_strength,node,weighted_directed_community_assortativity,auc_abs_delta,0.0091301825861994
mu_0p225,0.225,0.225,222,22,null,node_removal,out_strength,out_strength,node,weighted_directed_community_assortativity,auc_abs_delta,0.014487667369407
mu_0p225,0.225,0.225,223,23,null,node_removal,out_strength,out_strength,node,weighted_directed_community_assortativity,auc_abs_delta,0.0176241518961399
mu_0p225,0.225,0.225,224,24,null,node_removal,out_strength,out_strength,node,weighted_directed_community_assortativity,auc_abs_delta,0.0149549421380552
mu_0p225,0.225,0.225,225,25,null,node_removal,out_strength,out_strength,node,weighted_directed_community_assortativity,auc_abs_delta,0.0133862807840261
mu_0p225,0.225,0.225,226,26,null,node_removal,out_strength,out_strength,node,weighted_directed_community_assortativity,auc_abs_delta,0.0084036182194622
mu_0p225,0.225,0.225,227,27,null,node_removal,out_strength,out_strength,node,weighted_directed_community_assortativity,auc_abs_delta,0.0133428988696396
mu_0p225,0.225,0.225,228,28,null,node_removal,out_strength,out_strength,node,weighted_directed_community_assortativity,auc_abs_delta,0.0143922071875693
mu_0p225,0.225,0.225,229,29,null,node_removal,out_strength,out_strength,node,weighted_directed_community_assortativity,auc_abs_delta,0.0129198832152151
mu_0p225,0.225,0.225,230,30,null,node_removal,out_strength,out_strength,node,weighted_directed_community_assortativity,auc_abs_delta,0.008452043643754
mu_0p225,0.225,0.225,231,31,null,node_removal,out_strength,out_strength,node,weighted_directed_community_assortativity,auc_abs_delta,0.0258661153865903
mu_0p225,0.225,0.225,232,32,null,node_removal,out_strength,out_strength,node,weighted_directed_community_assortativity,auc_abs_delta,0.013204386747633
mu_0p225,0.225,0.225,233,33,null,node_removal,out_strength,out_strength,node,weighted_directed_community_assortativity,auc_abs_delta,0.0191326025667663
mu_0p225,0.225,0.225,234,34,null,node_removal,out_strength,out_strength,node,weighted_directed_community_assortativity,auc_abs_delta,0.0083379301179641
mu_0p225,0.225,0.225,235,35,null,node_removal,out_strength,out_strength,node,weighted_directed_community_assortativity,auc_abs_delta,0.0247447121910585
mu_0p225,0.225,0.225,236,36,null,node_removal,out_strength,out_strength,node,weighted_directed_community_assortativity,auc_abs_delta,0.0118270313966317
mu_0p225,0.225,0.225,237,37,null,node_removal,out_strength,out_strength,node,weighted_directed_community_assortativity,auc_abs_delta,0.0161662086921882
mu_0p225,0.225,0.225,238,38,null,node_removal,out_strength,out_strength,node,weighted_directed_community_assortativity,auc_abs_delta,0.0131500452112263
mu_0p225,0.225,0.225,239,39,null,node_removal,out_strength,out_strength,node,weighted_directed_community_assortativity,auc_abs_delta,0.0072830685106655
mu_0p300,0.3,0.3,240,0,null,node_removal,out_strength,out_strength,node,weighted_directed_community_assortativity,auc_abs_delta,0.0078077671213873
mu_0p300,0.3,0.3,241,1,null,node_removal,out_strength,out_strength,node,weighted_directed_community_assortativity,auc_abs_delta,0.0115393606312053
mu_0p300,0.3,0.3,242,2,null,node_removal,out_strength,out_strength,node,weighted_directed_community_assortativity,auc_abs_delta,0.0189787420434474
mu_0p300,0.3,0.3,243,3,null,node_removal,out_strength,out_strength,node,weighted_directed_community_assortativity,auc_abs_delta,0.0169067382984183
mu_0p300,0.3,0.3,244,4,null,node_removal,out_strength,out_strength,node,weighted_directed_community_assortativity,auc_abs_delta,0.027351192465574
mu_0p300,0.3,0.3,245,5,null,node_removal,out_strength,out_strength,node,weighted_directed_community_assortativity,auc_abs_delta,0.0067585277754217
mu_0p300,0.3,0.3,246,6,null,node_removal,out_strength,out_strength,node,weighted_directed_community_assortativity,auc_abs_delta,0.0096815985530558
mu_0p300,0.3,0.3,247,7,null,node_removal,out_strength,out_strength,node,weighted_directed_community_assortativity,auc_abs_delta,0.0096907419874263
mu_0p300,0.3,0.3,248,8,null,node_removal,out_strength,out_strength,node,weighted_directed_community_assortativity,auc_abs_delta,0.0340344125077383
mu_0p300,0.3,0.3,249,9,null,node_removal,out_strength,out_strength,node,weighted_directed_community_assortativity,auc_abs_delta,0.0074459080051353
mu_0p300,0.3,0.3,250,10,null,node_removal,out_strength,out_strength,node,weighted_directed_community_assortativity,auc_abs_delta,0.0133085300541621
mu_0p300,0.3,0.3,251,11,null,node_removal,out_strength,out_strength,node,weighted_directed_community_assortativity,auc_abs_delta,0.006869633489749
mu_0p300,0.3,0.3,252,12,null,node_removal,out_strength,out_strength,node,weighted_directed_community_assortativity,auc_abs_delta,0.0144493972984858
mu_0p300,0.3,0.3,253,13,null,node_removal,out_strength,out_strength,node,weighted_directed_community_assortativity,auc_abs_delta,0.0048394561495215
mu_0p300,0.3,0.3,254,14,null,node_removal,out_strength,out_strength,node,weighted_directed_community_assortativity,auc_abs_delta,0.0080856501157088
mu_0p300,0.3,0.3,255,15,null,node_removal,out_strength,out_strength,node,weighted_directed_community_assortativity,auc_abs_delta,0.0133276924727528
mu_0p300,0.3,0.3,256,16,null,node_removal,out_strength,out_strength,node,weighted_directed_community_assortativity,auc_abs_delta,0.0145801828687139
mu_0p300,0.3,0.3,257,17,null,node_removal,out_strength,out_strength,node,weighted_directed_community_assortativity,auc_abs_delta,0.0277404008427136
mu_0p300,0.3,0.3,258,18,null,node_removal,out_strength,out_strength,node,weighted_directed_community_assortativity,auc_abs_delta,0.0105063846691455
mu_0p300,0.3,0.3,259,19,null,node_removal,out_strength,out_strength,node,weighted_directed_community_assortativity,auc_abs_delta,0.0074831994244139
mu_0p300,0.3,0.3,260,20,null,node_removal,out_strength,out_strength,node,weighted_directed_community_assortativity,auc_abs_delta,0.0144291839229292
mu_0p300,0.3,0.3,261,21,null,node_removal,out_strength,out_strength,node,weighted_directed_community_assortativity,auc_abs_delta,0.0080221624434714
mu_0p300,0.3,0.3,262,22,null,node_removal,out_strength,out_strength,node,weighted_directed_community_assortativity,auc_abs_delta,0.0181126896826067
mu_0p300,0.3,0.3,263,23,null,node_removal,out_strength,out_strength,node,weighted_directed_community_assortativity,auc_abs_delta,0.0139438403556486
mu_0p300,0.3,0.3,264,24,null,node_removal,out_strength,out_strength,node,weighted_directed_community_assortativity,auc_abs_delta,0.0241068459239131
mu_0p300,0.3,0.3,265,25,null,node_removal,out_strength,out_strength,node,weighted_directed_community_assortativity,auc_abs_delta,0.0109847352604202
mu_0p300,0.3,0.3,266,26,null,node_removal,out_strength,out_strength,node,weighted_directed_community_assortativity,auc_abs_delta,0.0116767056823283
mu_0p300,0.3,0.3,267,27,null,node_removal,out_strength,out_strength,node,weighted_directed_community_assortativity,auc_abs_delta,0.0078457932160284
mu_0p300,0.3,0.3,268,28,null,node_removal,out_strength,out_strength,node,weighted_directed_community_assortativity,auc_abs_delta,0.0464956371550964
mu_0p300,0.3,0.3,269,29,null,node_removal,out_strength,out_strength,node,weighted_directed_community_assortativity,auc_abs_delta,0.0127246809977888
mu_0p300,0.3,0.3,270,30,null,node_removal,out_strength,out_strength,node,weighted_directed_community_assortativity,auc_abs_delta,0.0216197798964355
mu_0p300,0.3,0.3,271,31,null,node_removal,out_strength,out_strength,node,weighted_directed_community_assortativity,auc_abs_delta,0.014350782488734
mu_0p300,0.3,0.3,272,32,null,node_removal,out_strength,out_strength,node,weighted_directed_community_assortativity,auc_abs_delta,0.0128663946258148
mu_0p300,0.3,0.3,273,33,null,node_removal,out_strength,out_strength,node,weighted_directed_community_assortativity,auc_abs_delta,0.0118193816232942
mu_0p300,0.3,0.3,274,34,null,node_removal,out_strength,out_strength,node,weighted_directed_community_assortativity,auc_abs_delta,0.0070156661253164
mu_0p300,0.3,0.3,275,35,null,node_removal,out_strength,out_strength,node,weighted_directed_community_assortativity,auc_abs_delta,0.0080368346015832
mu_0p300,0.3,0.3,276,36,null,node_removal,out_strength,out_strength,node,weighted_directed_community_assortativity,auc_abs_delta,0.0139929947348676
mu_0p300,0.3,0.3,277,37,null,node_removal,out_strength,out_strength,node,weighted_directed_community_assortativity,auc_abs_delta,0.0154403222430908
mu_0p300,0.3,0.3,278,38,null,node_removal,out_strength,out_strength,node,weighted_directed_community_assortativity,auc_abs_delta,0.0242772954889876
mu_0p300,0.3,0.3,279,39,null,node_removal,out_strength,out_strength,node,weighted_directed_community_assortativity,auc_abs_delta,0.0139951407205601
mu_0p075,0.075,0.075,0,0,null,node_removal,random,random,node,weighted_directed_community_assortativity,auc_abs_delta,0.013757299944104202
mu_0p075,0.075,0.075,1,1,null,node_removal,random,random,node,weighted_directed_community_assortativity,auc_abs_delta,0.01752476460169192
mu_0p075,0.075,0.075,2,2,null,node_removal,random,random,node,weighted_directed_community_assortativity,auc_abs_delta,0.02084217466040164
mu_0p075,0.075,0.075,3,3,null,node_removal,random,random,node,weighted_directed_community_assortativity,auc_abs_delta,0.01257636587096588
mu_0p075,0.075,0.075,4,4,null,node_removal,random,random,node,weighted_directed_community_assortativity,auc_abs_delta,0.01463269779102486
mu_0p075,0.075,0.075,5,5,null,node_removal,random,random,node,weighted_directed_community_assortativity,auc_abs_delta,0.01377470094881598
mu_0p075,0.075,0.075,6,6,null,node_removal,random,random,node,weighted_directed_community_assortativity,auc_abs_delta,0.02059438271807944
mu_0p075,0.075,0.075,7,7,null,node_removal,random,random,node,weighted_directed_community_assortativity,auc_abs_delta,0.01733640340726158
mu_0p075,0.075,0.075,8,8,null,node_removal,random,random,node,weighted_directed_community_assortativity,auc_abs_delta,0.012592216347574361
mu_0p075,0.075,0.075,9,9,null,node_removal,random,random,node,weighted_directed_community_assortativity,auc_abs_delta,0.015250700510244481
mu_0p075,0.075,0.075,10,10,null,node_removal,random,random,node,weighted_directed_community_assortativity,auc_abs_delta,0.019070745945782182
mu_0p075,0.075,0.075,11,11,null,node_removal,random,random,node,weighted_directed_community_assortativity,auc_abs_delta,0.011163390266246739
mu_0p075,0.075,0.075,12,12,null,node_removal,random,random,node,weighted_directed_community_assortativity,auc_abs_delta,0.015358942484230961
mu_0p075,0.075,0.075,13,13,null,node_removal,random,random,node,weighted_directed_community_assortativity,auc_abs_delta,0.01520937853062668
mu_0p075,0.075,0.075,14,14,null,node_removal,random,random,node,weighted_directed_community_assortativity,auc_abs_delta,0.017993594716533202
mu_0p075,0.075,0.075,15,15,null,node_removal,random,random,node,weighted_directed_community_assortativity,auc_abs_delta,0.01251746774868058
mu_0p075,0.075,0.075,16,16,null,node_removal,random,random,node,weighted_directed_community_assortativity,auc_abs_delta,0.01399131904535536
mu_0p075,0.075,0.075,17,17,null,node_removal,random,random,node,weighted_directed_community_assortativity,auc_abs_delta,0.0129644618504973
mu_0p075,0.075,0.075,18,18,null,node_removal,random,random,node,weighted_directed_community_assortativity,auc_abs_delta,0.01472810668476498
mu_0p075,0.075,0.075,19,19,null,node_removal,random,random,node,weighted_directed_community_assortativity,auc_abs_delta,0.015401834913211801
mu_0p075,0.075,0.075,20,20,null,node_removal,random,random,node,weighted_directed_community_assortativity,auc_abs_delta,0.01422151635523668
mu_0p075,0.075,0.075,21,21,null,node_removal,random,random,node,weighted_directed_community_assortativity,auc_abs_delta,0.01858157182017458
mu_0p075,0.075,0.075,22,22,null,node_removal,random,random,node,weighted_directed_community_assortativity,auc_abs_delta,0.013857796645692522
mu_0p075,0.075,0.075,23,23,null,node_removal,random,random,node,weighted_directed_community_assortativity,auc_abs_delta,0.0129459455056091
mu_0p075,0.075,0.075,24,24,null,node_removal,random,random,node,weighted_directed_community_assortativity,auc_abs_delta,0.013005084986519321
mu_0p075,0.075,0.075,25,25,null,node_removal,random,random,node,weighted_directed_community_assortativity,auc_abs_delta,0.01564884412221674
mu_0p075,0.075,0.075,26,26,null,node_removal,random,random,node,weighted_directed_community_assortativity,auc_abs_delta,0.0181259892751755
mu_0p075,0.075,0.075,27,27,null,node_removal,random,random,node,weighted_directed_community_assortativity,auc_abs_delta,0.014537874676183482
mu_0p075,0.075,0.075,28,28,null,node_removal,random,random,node,weighted_directed_community_assortativity,auc_abs_delta,0.01225972118002944
mu_0p075,0.075,0.075,29,29,null,node_removal,random,random,node,weighted_directed_community_assortativity,auc_abs_delta,0.01928617215393798
mu_0p075,0.075,0.075,30,30,null,node_removal,random,random,node,weighted_directed_community_assortativity,auc_abs_delta,0.01381924590471754
mu_0p075,0.075,0.075,31,31,null,node_removal,random,random,node,weighted_directed_community_assortativity,auc_abs_delta,0.015324724078714541
mu_0p075,0.075,0.075,32,32,null,node_removal,random,random,node,weighted_directed_community_assortativity,auc_abs_delta,0.013543259789196582
mu_0p075,0.075,0.075,33,33,null,node_removal,random,random,node,weighted_directed_community_assortativity,auc_abs_delta,0.01614459350005254
mu_0p075,0.075,0.075,34,34,null,node_removal,random,random,node,weighted_directed_community_assortativity,auc_abs_delta,0.01757955168413656
mu_0p075,0.075,0.075,35,35,null,node_removal,random,random,node,weighted_directed_community_assortativity,auc_abs_delta,0.015198150514044379
mu_0p075,0.075,0.075,36,36,null,node_removal,random,random,node,weighted_directed_community_assortativity,auc_abs_delta,0.0122723268499609
mu_0p075,0.075,0.075,37,37,null,node_removal,random,random,node,weighted_directed_community_assortativity,auc_abs_delta,0.016649371473574502
mu_0p075,0.075,0.075,38,38,null,node_removal,random,random,node,weighted_directed_community_assortativity,auc_abs_delta,0.015555687324536683
mu_0p075,0.075,0.075,39,39,null,node_removal,random,random,node,weighted_directed_community_assortativity,auc_abs_delta,0.010727821133806539
mu_0p100,0.1,0.1,40,0,null,node_removal,random,random,node,weighted_directed_community_assortativity,auc_abs_delta,0.0150009259653062
mu_0p100,0.1,0.1,41,1,null,node_removal,random,random,node,weighted_directed_community_assortativity,auc_abs_delta,0.0115212588625893
mu_0p100,0.1,0.1,42,2,null,node_removal,random,random,node,weighted_directed_community_assortativity,auc_abs_delta,0.01895071568864744
mu_0p100,0.1,0.1,43,3,null,node_removal,random,random,node,weighted_directed_community_assortativity,auc_abs_delta,0.0188530784386721
mu_0p100,0.1,0.1,44,4,null,node_removal,random,random,node,weighted_directed_community_assortativity,auc_abs_delta,0.01143303426735524
mu_0p100,0.1,0.1,45,5,null,node_removal,random,random,node,weighted_directed_community_assortativity,auc_abs_delta,0.01155708847193072
mu_0p100,0.1,0.1,46,6,null,node_removal,random,random,node,weighted_directed_community_assortativity,auc_abs_delta,0.01231716536024834
mu_0p100,0.1,0.1,47,7,null,node_removal,random,random,node,weighted_directed_community_assortativity,auc_abs_delta,0.01627267920862914
mu_0p100,0.1,0.1,48,8,null,node_removal,random,random,node,weighted_directed_community_assortativity,auc_abs_delta,0.02164248452942302
mu_0p100,0.1,0.1,49,9,null,node_removal,random,random,node,weighted_directed_community_assortativity,auc_abs_delta,0.009866734599598541
mu_0p100,0.1,0.1,50,10,null,node_removal,random,random,node,weighted_directed_community_assortativity,auc_abs_delta,0.0118967979914609
mu_0p100,0.1,0.1,51,11,null,node_removal,random,random,node,weighted_directed_community_assortativity,auc_abs_delta,0.01654918396103838
mu_0p100,0.1,0.1,52,12,null,node_removal,random,random,node,weighted_directed_community_assortativity,auc_abs_delta,0.01298549240474628
mu_0p100,0.1,0.1,53,13,null,node_removal,random,random,node,weighted_directed_community_assortativity,auc_abs_delta,0.01167073498588518
mu_0p100,0.1,0.1,54,14,null,node_removal,random,random,node,weighted_directed_community_assortativity,auc_abs_delta,0.013543534948358521
mu_0p100,0.1,0.1,55,15,null,node_removal,random,random,node,weighted_directed_community_assortativity,auc_abs_delta,0.017511545608011738
mu_0p100,0.1,0.1,56,16,null,node_removal,random,random,node,weighted_directed_community_assortativity,auc_abs_delta,0.01390241919787632
mu_0p100,0.1,0.1,57,17,null,node_removal,random,random,node,weighted_directed_community_assortativity,auc_abs_delta,0.01176733495756302
mu_0p100,0.1,0.1,58,18,null,node_removal,random,random,node,weighted_directed_community_assortativity,auc_abs_delta,0.013989688689294219
mu_0p100,0.1,0.1,59,19,null,node_removal,random,random,node,weighted_directed_community_assortativity,auc_abs_delta,0.01595866684269224
mu_0p100,0.1,0.1,60,20,null,node_removal,random,random,node,weighted_directed_community_assortativity,auc_abs_delta,0.01479604990527864
mu_0p100,0.1,0.1,61,21,null,node_removal,random,random,node,weighted_directed_community_assortativity,auc_abs_delta,0.01570798686924118
mu_0p100,0.1,0.1,62,22,null,node_removal,random,random,node,weighted_directed_community_assortativity,auc_abs_delta,0.0125638315279368
mu_0p100,0.1,0.1,63,23,null,node_removal,random,random,node,weighted_directed_community_assortativity,auc_abs_delta,0.01061882157286854
mu_0p100,0.1,0.1,64,24,null,node_removal,random,random,node,weighted_directed_community_assortativity,auc_abs_delta,0.026438834345587903
mu_0p100,0.1,0.1,65,25,null,node_removal,random,random,node,weighted_directed_community_assortativity,auc_abs_delta,0.02111784750408678
mu_0p100,0.1,0.1,66,26,null,node_removal,random,random,node,weighted_directed_community_assortativity,auc_abs_delta,0.0142375166320484
mu_0p100,0.1,0.1,67,27,null,node_removal,random,random,node,weighted_directed_community_assortativity,auc_abs_delta,0.016885707155194763
mu_0p100,0.1,0.1,68,28,null,node_removal,random,random,node,weighted_directed_community_assortativity,auc_abs_delta,0.01402586963139656
mu_0p100,0.1,0.1,69,29,null,node_removal,random,random,node,weighted_directed_community_assortativity,auc_abs_delta,0.015127980890338538
mu_0p100,0.1,0.1,70,30,null,node_removal,random,random,node,weighted_directed_community_assortativity,auc_abs_delta,0.02122908466273474
mu_0p100,0.1,0.1,71,31,null,node_removal,random,random,node,weighted_directed_community_assortativity,auc_abs_delta,0.01140139071772106
mu_0p100,0.1,0.1,72,32,null,node_removal,random,random,node,weighted_directed_community_assortativity,auc_abs_delta,0.02117784837338402
mu_0p100,0.1,0.1,73,33,null,node_removal,random,random,node,weighted_directed_community_assortativity,auc_abs_delta,0.016498724139999022
mu_0p100,0.1,0.1,74,34,null,node_removal,random,random,node,weighted_directed_community_assortativity,auc_abs_delta,0.015183900233626698
mu_0p100,0.1,0.1,75,35,null,node_removal,random,random,node,weighted_directed_community_assortativity,auc_abs_delta,0.017305518808822702
mu_0p100,0.1,0.1,76,36,null,node_removal,random,random,node,weighted_directed_community_assortativity,auc_abs_delta,0.01936381700290324
mu_0p100,0.1,0.1,77,37,null,node_removal,random,random,node,weighted_directed_community_assortativity,auc_abs_delta,0.018488156843423982
mu_0p100,0.1,0.1,78,38,null,node_removal,random,random,node,weighted_directed_community_assortativity,auc_abs_delta,0.0196803684237218
mu_0p100,0.1,0.1,79,39,null,node_removal,random,random,node,weighted_directed_community_assortativity,auc_abs_delta,0.01616995743545152
mu_0p125,0.125,0.125,80,0,null,node_removal,random,random,node,weighted_directed_community_assortativity,auc_abs_delta,0.01438872363896444
mu_0p125,0.125,0.125,81,1,null,node_removal,random,random,node,weighted_directed_community_assortativity,auc_abs_delta,0.01453264682610382
mu_0p125,0.125,0.125,82,2,null,node_removal,random,random,node,weighted_directed_community_assortativity,auc_abs_delta,0.01939275745993694
mu_0p125,0.125,0.125,83,3,null,node_removal,random,random,node,weighted_directed_community_assortativity,auc_abs_delta,0.01875471142774322
mu_0p125,0.125,0.125,84,4,null,node_removal,random,random,node,weighted_directed_community_assortativity,auc_abs_delta,0.02038747534684934
mu_0p125,0.125,0.125,85,5,null,node_removal,random,random,node,weighted_directed_community_assortativity,auc_abs_delta,0.015817364271556562
mu_0p125,0.125,0.125,86,6,null,node_removal,random,random,node,weighted_directed_community_assortativity,auc_abs_delta,0.00778810341194688
mu_0p125,0.125,0.125,87,7,null,node_removal,random,random,node,weighted_directed_community_assortativity,auc_abs_delta,0.0241183178841487
mu_0p125,0.125,0.125,88,8,null,node_removal,random,random,node,weighted_directed_community_assortativity,auc_abs_delta,0.014368009418980499
mu_0p125,0.125,0.125,89,9,null,node_removal,random,random,node,weighted_directed_community_assortativity,auc_abs_delta,0.0131488999003775
mu_0p125,0.125,0.125,90,10,null,node_removal,random,random,node,weighted_directed_community_assortativity,auc_abs_delta,0.010806641091781418
mu_0p125,0.125,0.125,91,11,null,node_removal,random,random,node,weighted_directed_community_assortativity,auc_abs_delta,0.010761729772104638
mu_0p125,0.125,0.125,92,12,null,node_removal,random,random,node,weighted_directed_community_assortativity,auc_abs_delta,0.0189002307079367
mu_0p125,0.125,0.125,93,13,null,node_removal,random,random,node,weighted_directed_community_assortativity,auc_abs_delta,0.01604724031254648
mu_0p125,0.125,0.125,94,14,null,node_removal,random,random,node,weighted_directed_community_assortativity,auc_abs_delta,0.021762099622425878
mu_0p125,0.125,0.125,95,15,null,node_removal,random,random,node,weighted_directed_community_assortativity,auc_abs_delta,0.015571031915370782
mu_0p125,0.125,0.125,96,16,null,node_removal,random,random,node,weighted_directed_community_assortativity,auc_abs_delta,0.01174286713409474
mu_0p125,0.125,0.125,97,17,null,node_removal,random,random,node,weighted_directed_community_assortativity,auc_abs_delta,0.01564701719953624
mu_0p125,0.125,0.125,98,18,null,node_removal,random,random,node,weighted_directed_community_assortativity,auc_abs_delta,0.01684412435057974
mu_0p125,0.125,0.125,99,19,null,node_removal,random,random,node,weighted_directed_community_assortativity,auc_abs_delta,0.013553029669249001
mu_0p125,0.125,0.125,100,20,null,node_removal,random,random,node,weighted_directed_community_assortativity,auc_abs_delta,0.01057018494873192
mu_0p125,0.125,0.125,101,21,null,node_removal,random,random,node,weighted_directed_community_assortativity,auc_abs_delta,0.016053104843645683
mu_0p125,0.125,0.125,102,22,null,node_removal,random,random,node,weighted_directed_community_assortativity,auc_abs_delta,0.01906086644798258
mu_0p125,0.125,0.125,103,23,null,node_removal,random,random,node,weighted_directed_community_assortativity,auc_abs_delta,0.01836883668408732
mu_0p125,0.125,0.125,104,24,null,node_removal,random,random,node,weighted_directed_community_assortativity,auc_abs_delta,0.012951519034065079
mu_0p125,0.125,0.125,105,25,null,node_removal,random,random,node,weighted_directed_community_assortativity,auc_abs_delta,0.0172219503836499
mu_0p125,0.125,0.125,106,26,null,node_removal,random,random,node,weighted_directed_community_assortativity,auc_abs_delta,0.02048506054548234
mu_0p125,0.125,0.125,107,27,null,node_removal,random,random,node,weighted_directed_community_assortativity,auc_abs_delta,0.0120585654863441
mu_0p125,0.125,0.125,108,28,null,node_removal,random,random,node,weighted_directed_community_assortativity,auc_abs_delta,0.01299354934112142
mu_0p125,0.125,0.125,109,29,null,node_removal,random,random,node,weighted_directed_community_assortativity,auc_abs_delta,0.01517117783614928
mu_0p125,0.125,0.125,110,30,null,node_removal,random,random,node,weighted_directed_community_assortativity,auc_abs_delta,0.01632565020023462
mu_0p125,0.125,0.125,111,31,null,node_removal,random,random,node,weighted_directed_community_assortativity,auc_abs_delta,0.023165476835705863
mu_0p125,0.125,0.125,112,32,null,node_removal,random,random,node,weighted_directed_community_assortativity,auc_abs_delta,0.018264263372644418
mu_0p125,0.125,0.125,113,33,null,node_removal,random,random,node,weighted_directed_community_assortativity,auc_abs_delta,0.01753277708024416
mu_0p125,0.125,0.125,114,34,null,node_removal,random,random,node,weighted_directed_community_assortativity,auc_abs_delta,0.01686540690576418
mu_0p125,0.125,0.125,115,35,null,node_removal,random,random,node,weighted_directed_community_assortativity,auc_abs_delta,0.015937138900990598
mu_0p125,0.125,0.125,116,36,null,node_removal,random,random,node,weighted_directed_community_assortativity,auc_abs_delta,0.01566252602981176
mu_0p125,0.125,0.125,117,37,null,node_removal,random,random,node,weighted_directed_community_assortativity,auc_abs_delta,0.014125175021083819
mu_0p125,0.125,0.125,118,38,null,node_removal,random,random,node,weighted_directed_community_assortativity,auc_abs_delta,0.014513325880372041
mu_0p125,0.125,0.125,119,39,null,node_removal,random,random,node,weighted_directed_community_assortativity,auc_abs_delta,0.015467648574569021
mu_0p150,0.15,0.15,120,0,null,node_removal,random,random,node,weighted_directed_community_assortativity,auc_abs_delta,0.013436738836343439
mu_0p150,0.15,0.15,121,1,null,node_removal,random,random,node,weighted_directed_community_assortativity,auc_abs_delta,0.02106819226520988
mu_0p150,0.15,0.15,122,2,null,node_removal,random,random,node,weighted_directed_community_assortativity,auc_abs_delta,0.02052275429133842
mu_0p150,0.15,0.15,123,3,null,node_removal,random,random,node,weighted_directed_community_assortativity,auc_abs_delta,0.015022518323590242
mu_0p150,0.15,0.15,124,4,null,node_removal,random,random,node,weighted_directed_community_assortativity,auc_abs_delta,0.01178217257731924
mu_0p150,0.15,0.15,125,5,null,node_removal,random,random,node,weighted_directed_community_assortativity,auc_abs_delta,0.01673801224687514
mu_0p150,0.15,0.15,126,6,null,node_removal,random,random,node,weighted_directed_community_assortativity,auc_abs_delta,0.01417636323828014
mu_0p150,0.15,0.15,127,7,null,node_removal,random,random,node,weighted_directed_community_assortativity,auc_abs_delta,0.02334603479244322
mu_0p150,0.15,0.15,128,8,null,node_removal,random,random,node,weighted_directed_community_assortativity,auc_abs_delta,0.01332915057788262
mu_0p150,0.15,0.15,129,9,null,node_removal,random,random,node,weighted_directed_community_assortativity,auc_abs_delta,0.02320670983295352
mu_0p150,0.15,0.15,130,10,null,node_removal,random,random,node,weighted_directed_community_assortativity,auc_abs_delta,0.014002409814235861
mu_0p150,0.15,0.15,131,11,null,node_removal,random,random,node,weighted_directed_community_assortativity,auc_abs_delta,0.013846696893108959
mu_0p150,0.15,0.15,132,12,null,node_removal,random,random,node,weighted_directed_community_assortativity,auc_abs_delta,0.018389374341893038
mu_0p150,0.15,0.15,133,13,null,node_removal,random,random,node,weighted_directed_community_assortativity,auc_abs_delta,0.01620479992811894
mu_0p150,0.15,0.15,134,14,null,node_removal,random,random,node,weighted_directed_community_assortativity,auc_abs_delta,0.01679144149596948
mu_0p150,0.15,0.15,135,15,null,node_removal,random,random,node,weighted_directed_community_assortativity,auc_abs_delta,0.012896711308385739
mu_0p150,0.15,0.15,136,16,null,node_removal,random,random,node,weighted_directed_community_assortativity,auc_abs_delta,0.012785773339232401
mu_0p150,0.15,0.15,137,17,null,node_removal,random,random,node,weighted_directed_community_assortativity,auc_abs_delta,0.01087753509168946
mu_0p150,0.15,0.15,138,18,null,node_removal,random,random,node,weighted_directed_community_assortativity,auc_abs_delta,0.01387775171829642
mu_0p150,0.15,0.15,139,19,null,node_removal,random,random,node,weighted_directed_community_assortativity,auc_abs_delta,0.01599731997932774
mu_0p150,0.15,0.15,140,20,null,node_removal,random,random,node,weighted_directed_community_assortativity,auc_abs_delta,0.015879653133548062
mu_0p150,0.15,0.15,141,21,null,node_removal,random,random,node,weighted_directed_community_assortativity,auc_abs_delta,0.0132537324303201
mu_0p150,0.15,0.15,142,22,null,node_removal,random,random,node,weighted_directed_community_assortativity,auc_abs_delta,0.012697882055983578
mu_0p150,0.15,0.15,143,23,null,node_removal,random,random,node,weighted_directed_community_assortativity,auc_abs_delta,0.01713629157982666
mu_0p150,0.15,0.15,144,24,null,node_removal,random,random,node,weighted_directed_community_assortativity,auc_abs_delta,0.01657526180525792
mu_0p150,0.15,0.15,145,25,null,node_removal,random,random,node,weighted_directed_community_assortativity,auc_abs_delta,0.01564801394774164
mu_0p150,0.15,0.15,146,26,null,node_removal,random,random,node,weighted_directed_community_assortativity,auc_abs_delta,0.013655175673722719
mu_0p150,0.15,0.15,147,27,null,node_removal,random,random,node,weighted_directed_community_assortativity,auc_abs_delta,0.01783727276830544
mu_0p150,0.15,0.15,148,28,null,node_removal,random,random,node,weighted_directed_community_assortativity,auc_abs_delta,0.01167017407367244
mu_0p150,0.15,0.15,149,29,null,node_removal,random,random,node,weighted_directed_community_assortativity,auc_abs_delta,0.014183488128929578
mu_0p150,0.15,0.15,150,30,null,node_removal,random,random,node,weighted_directed_community_assortativity,auc_abs_delta,0.015262622432841821
mu_0p150,0.15,0.15,151,31,null,node_removal,random,random,node,weighted_directed_community_assortativity,auc_abs_delta,0.020935098737937717
mu_0p150,0.15,0.15,152,32,null,node_removal,random,random,node,weighted_directed_community_assortativity,auc_abs_delta,0.016724016427731
mu_0p150,0.15,0.15,153,33,null,node_removal,random,random,node,weighted_directed_community_assortativity,auc_abs_delta,0.01093734181361098
mu_0p150,0.15,0.15,154,34,null,node_removal,random,random,node,weighted_directed_community_assortativity,auc_abs_delta,0.017715756385530558
mu_0p150,0.15,0.15,155,35,null,node_removal,random,random,node,weighted_directed_community_assortativity,auc_abs_delta,0.01135772544859542
mu_0p150,0.15,0.15,156,36,null,node_removal,random,random,node,weighted_directed_community_assortativity,auc_abs_delta,0.02434799970963634
mu_0p150,0.15,0.15,157,37,null,node_removal,random,random,node,weighted_directed_community_assortativity,auc_abs_delta,0.01758405172848418
mu_0p150,0.15,0.15,158,38,null,node_removal,random,random,node,weighted_directed_community_assortativity,auc_abs_delta,0.019039633900438578
mu_0p150,0.15,0.15,159,39,null,node_removal,random,random,node,weighted_directed_community_assortativity,auc_abs_delta,0.01490996372878826
mu_0p175,0.175,0.175,160,0,null,node_removal,random,random,node,weighted_directed_community_assortativity,auc_abs_delta,0.01250296992465626
mu_0p175,0.175,0.175,161,1,null,node_removal,random,random,node,weighted_directed_community_assortativity,auc_abs_delta,0.01472813909537834
mu_0p175,0.175,0.175,162,2,null,node_removal,random,random,node,weighted_directed_community_assortativity,auc_abs_delta,0.0217202432494831
mu_0p175,0.175,0.175,163,3,null,node_removal,random,random,node,weighted_directed_community_assortativity,auc_abs_delta,0.01616348529309484
mu_0p175,0.175,0.175,164,4,null,node_removal,random,random,node,weighted_directed_community_assortativity,auc_abs_delta,0.01203738369675696
mu_0p175,0.175,0.175,165,5,null,node_removal,random,random,node,weighted_directed_community_assortativity,auc_abs_delta,0.014177367322206761
mu_0p175,0.175,0.175,166,6,null,node_removal,random,random,node,weighted_directed_community_assortativity,auc_abs_delta,0.01835232029560224
mu_0p175,0.175,0.175,167,7,null,node_removal,random,random,node,weighted_directed_community_assortativity,auc_abs_delta,0.01929337249044074
mu_0p175,0.175,0.175,168,8,null,node_removal,random,random,node,weighted_directed_community_assortativity,auc_abs_delta,0.01772834841335438
mu_0p175,0.175,0.175,169,9,null,node_removal,random,random,node,weighted_directed_community_assortativity,auc_abs_delta,0.01971273514770584
mu_0p175,0.175,0.175,170,10,null,node_removal,random,random,node,weighted_directed_community_assortativity,auc_abs_delta,0.01491329291579282
mu_0p175,0.175,0.175,171,11,null,node_removal,random,random,node,weighted_directed_community_assortativity,auc_abs_delta,0.01275576351550608
mu_0p175,0.175,0.175,172,12,null,node_removal,random,random,node,weighted_directed_community_assortativity,auc_abs_delta,0.019687024682841857
mu_0p175,0.175,0.175,173,13,null,node_removal,random,random,node,weighted_directed_community_assortativity,auc_abs_delta,0.02173975123125834
mu_0p175,0.175,0.175,174,14,null,node_removal,random,random,node,weighted_directed_community_assortativity,auc_abs_delta,0.01603049128960716
mu_0p175,0.175,0.175,175,15,null,node_removal,random,random,node,weighted_directed_community_assortativity,auc_abs_delta,0.01270242535533408
mu_0p175,0.175,0.175,176,16,null,node_removal,random,random,node,weighted_directed_community_assortativity,auc_abs_delta,0.021794028447243242
mu_0p175,0.175,0.175,177,17,null,node_removal,random,random,node,weighted_directed_community_assortativity,auc_abs_delta,0.02395064891380628
mu_0p175,0.175,0.175,178,18,null,node_removal,random,random,node,weighted_directed_community_assortativity,auc_abs_delta,0.0172902557481249
mu_0p175,0.175,0.175,179,19,null,node_removal,random,random,node,weighted_directed_community_assortativity,auc_abs_delta,0.019568167887093278
mu_0p175,0.175,0.175,180,20,null,node_removal,random,random,node,weighted_directed_community_assortativity,auc_abs_delta,0.00939666405805904
mu_0p175,0.175,0.175,181,21,null,node_removal,random,random,node,weighted_directed_community_assortativity,auc_abs_delta,0.017807850076189218
mu_0p175,0.175,0.175,182,22,null,node_removal,random,random,node,weighted_directed_community_assortativity,auc_abs_delta,0.01334977214306606
mu_0p175,0.175,0.175,183,23,null,node_removal,random,random,node,weighted_directed_community_assortativity,auc_abs_delta,0.013329922813084639
mu_0p175,0.175,0.175,184,24,null,node_removal,random,random,node,weighted_directed_community_assortativity,auc_abs_delta,0.017107861398255
mu_0p175,0.175,0.175,185,25,null,node_removal,random,random,node,weighted_directed_community_assortativity,auc_abs_delta,0.019985368462923196
mu_0p175,0.175,0.175,186,26,null,node_removal,random,random,node,weighted_directed_community_assortativity,auc_abs_delta,0.02527532759830044
mu_0p175,0.175,0.175,187,27,null,node_removal,random,random,node,weighted_directed_community_assortativity,auc_abs_delta,0.017956342690992798
mu_0p175,0.175,0.175,188,28,null,node_removal,random,random,node,weighted_directed_community_assortativity,auc_abs_delta,0.012971630046822119
mu_0p175,0.175,0.175,189,29,null,node_removal,random,random,node,weighted_directed_community_assortativity,auc_abs_delta,0.026679159406155818
mu_0p175,0.175,0.175,190,30,null,node_removal,random,random,node,weighted_directed_community_assortativity,auc_abs_delta,0.01668423494989486
mu_0p175,0.175,0.175,191,31,null,node_removal,random,random,node,weighted_directed_community_assortativity,auc_abs_delta,0.01600036353663898
mu_0p175,0.175,0.175,192,32,null,node_removal,random,random,node,weighted_directed_community_assortativity,auc_abs_delta,0.0114211527304394
mu_0p175,0.175,0.175,193,33,null,node_removal,random,random,node,weighted_directed_community_assortativity,auc_abs_delta,0.01514165969520254
mu_0p175,0.175,0.175,194,34,null,node_removal,random,random,node,weighted_directed_community_assortativity,auc_abs_delta,0.01608568678884012
mu_0p175,0.175,0.175,195,35,null,node_removal,random,random,node,weighted_directed_community_assortativity,auc_abs_delta,0.02114795704682656
mu_0p175,0.175,0.175,196,36,null,node_removal,random,random,node,weighted_directed_community_assortativity,auc_abs_delta,0.016313596712647142
mu_0p175,0.175,0.175,197,37,null,node_removal,random,random,node,weighted_directed_community_assortativity,auc_abs_delta,0.01527857414077442
mu_0p175,0.175,0.175,198,38,null,node_removal,random,random,node,weighted_directed_community_assortativity,auc_abs_delta,0.01227921554886212
mu_0p175,0.175,0.175,199,39,null,node_removal,random,random,node,weighted_directed_community_assortativity,auc_abs_delta,0.016798992281043278
mu_0p225,0.225,0.225,200,0,null,node_removal,random,random,node,weighted_directed_community_assortativity,auc_abs_delta,0.020168420537203878
mu_0p225,0.225,0.225,201,1,null,node_removal,random,random,node,weighted_directed_community_assortativity,auc_abs_delta,0.01959975785760778
mu_0p225,0.225,0.225,202,2,null,node_removal,random,random,node,weighted_directed_community_assortativity,auc_abs_delta,0.02089182633473734
mu_0p225,0.225,0.225,203,3,null,node_removal,random,random,node,weighted_directed_community_assortativity,auc_abs_delta,0.01390466942926774
mu_0p225,0.225,0.225,204,4,null,node_removal,random,random,node,weighted_directed_community_assortativity,auc_abs_delta,0.01382956784031146
mu_0p225,0.225,0.225,205,5,null,node_removal,random,random,node,weighted_directed_community_assortativity,auc_abs_delta,0.013180508485559638
mu_0p225,0.225,0.225,206,6,null,node_removal,random,random,node,weighted_directed_community_assortativity,auc_abs_delta,0.0093252296714393
mu_0p225,0.225,0.225,207,7,null,node_removal,random,random,node,weighted_directed_community_assortativity,auc_abs_delta,0.01601330916068558
mu_0p225,0.225,0.225,208,8,null,node_removal,random,random,node,weighted_directed_community_assortativity,auc_abs_delta,0.017444534173045482
mu_0p225,0.225,0.225,209,9,null,node_removal,random,random,node,weighted_directed_community_assortativity,auc_abs_delta,0.015706014657004618
mu_0p225,0.225,0.225,210,10,null,node_removal,random,random,node,weighted_directed_community_assortativity,auc_abs_delta,0.016527613947100582
mu_0p225,0.225,0.225,211,11,null,node_removal,random,random,node,weighted_directed_community_assortativity,auc_abs_delta,0.0168063962077043
mu_0p225,0.225,0.225,212,12,null,node_removal,random,random,node,weighted_directed_community_assortativity,auc_abs_delta,0.010054059914965479
mu_0p225,0.225,0.225,213,13,null,node_removal,random,random,node,weighted_directed_community_assortativity,auc_abs_delta,0.01441921282086642
mu_0p225,0.225,0.225,214,14,null,node_removal,random,random,node,weighted_directed_community_assortativity,auc_abs_delta,0.01860675374984892
mu_0p225,0.225,0.225,215,15,null,node_removal,random,random,node,weighted_directed_community_assortativity,auc_abs_delta,0.01743806228191558
mu_0p225,0.225,0.225,216,16,null,node_removal,random,random,node,weighted_directed_community_assortativity,auc_abs_delta,0.02009185990672048
mu_0p225,0.225,0.225,217,17,null,node_removal,random,random,node,weighted_directed_community_assortativity,auc_abs_delta,0.01748993054198458
mu_0p225,0.225,0.225,218,18,null,node_removal,random,random,node,weighted_directed_community_assortativity,auc_abs_delta,0.01739945635845978
mu_0p225,0.225,0.225,219,19,null,node_removal,random,random,node,weighted_directed_community_assortativity,auc_abs_delta,0.013366953450676419
mu_0p225,0.225,0.225,220,20,null,node_removal,random,random,node,weighted_directed_community_assortativity,auc_abs_delta,0.01920526206433042
mu_0p225,0.225,0.225,221,21,null,node_removal,random,random,node,weighted_directed_community_assortativity,auc_abs_delta,0.01357534281345232
mu_0p225,0.225,0.225,222,22,null,node_removal,random,random,node,weighted_directed_community_assortativity,auc_abs_delta,0.01909594663312298
mu_0p225,0.225,0.225,223,23,null,node_removal,random,random,node,weighted_directed_community_assortativity,auc_abs_delta,0.0209333678701568
mu_0p225,0.225,0.225,224,24,null,node_removal,random,random,node,weighted_directed_community_assortativity,auc_abs_delta,0.01672036642389654
mu_0p225,0.225,0.225,225,25,null,node_removal,random,random,node,weighted_directed_community_assortativity,auc_abs_delta,0.01593576129383116
mu_0p225,0.225,0.225,226,26,null,node_removal,random,random,node,weighted_directed_community_assortativity,auc_abs_delta,0.01168439861331608
mu_0p225,0.225,0.225,227,27,null,node_removal,random,random,node,weighted_directed_community_assortativity,auc_abs_delta,0.015083737207130282
mu_0p225,0.225,0.225,228,28,null,node_removal,random,random,node,weighted_directed_community_assortativity,auc_abs_delta,0.01677891331270012
mu_0p225,0.225,0.225,229,29,null,node_removal,random,random,node,weighted_directed_community_assortativity,auc_abs_delta,0.020705614210390338
mu_0p225,0.225,0.225,230,30,null,node_removal,random,random,node,weighted_directed_community_assortativity,auc_abs_delta,0.01315797001325538
mu_0p225,0.225,0.225,231,31,null,node_removal,random,random,node,weighted_directed_community_assortativity,auc_abs_delta,0.010640840102536159
mu_0p225,0.225,0.225,232,32,null,node_removal,random,random,node,weighted_directed_community_assortativity,auc_abs_delta,0.015339797378727621
mu_0p225,0.225,0.225,233,33,null,node_removal,random,random,node,weighted_directed_community_assortativity,auc_abs_delta,0.01191247519992882
mu_0p225,0.225,0.225,234,34,null,node_removal,random,random,node,weighted_directed_community_assortativity,auc_abs_delta,0.01129109227836592
mu_0p225,0.225,0.225,235,35,null,node_removal,random,random,node,weighted_directed_community_assortativity,auc_abs_delta,0.027707674730689004
mu_0p225,0.225,0.225,236,36,null,node_removal,random,random,node,weighted_directed_community_assortativity,auc_abs_delta,0.01352260909669798
mu_0p225,0.225,0.225,237,37,null,node_removal,random,random,node,weighted_directed_community_assortativity,auc_abs_delta,0.01027898134455566
mu_0p225,0.225,0.225,238,38,null,node_removal,random,random,node,weighted_directed_community_assortativity,auc_abs_delta,0.01858058274844768
mu_0p225,0.225,0.225,239,39,null,node_removal,random,random,node,weighted_directed_community_assortativity,auc_abs_delta,0.01302174040602666
mu_0p300,0.3,0.3,240,0,null,node_removal,random,random,node,weighted_directed_community_assortativity,auc_abs_delta,0.016059384412497858
mu_0p300,0.3,0.3,241,1,null,node_removal,random,random,node,weighted_directed_community_assortativity,auc_abs_delta,0.01479351982662592
mu_0p300,0.3,0.3,242,2,null,node_removal,random,random,node,weighted_directed_community_assortativity,auc_abs_delta,0.0196642239080158
mu_0p300,0.3,0.3,243,3,null,node_removal,random,random,node,weighted_directed_community_assortativity,auc_abs_delta,0.013615602336418639
mu_0p300,0.3,0.3,244,4,null,node_removal,random,random,node,weighted_directed_community_assortativity,auc_abs_delta,0.01104419201545552
mu_0p300,0.3,0.3,245,5,null,node_removal,random,random,node,weighted_directed_community_assortativity,auc_abs_delta,0.01984820223426196
mu_0p300,0.3,0.3,246,6,null,node_removal,random,random,node,weighted_directed_community_assortativity,auc_abs_delta,0.011828456260707481
mu_0p300,0.3,0.3,247,7,null,node_removal,random,random,node,weighted_directed_community_assortativity,auc_abs_delta,0.014020582088011
mu_0p300,0.3,0.3,248,8,null,node_removal,random,random,node,weighted_directed_community_assortativity,auc_abs_delta,0.019808069128953
mu_0p300,0.3,0.3,249,9,null,node_removal,random,random,node,weighted_directed_community_assortativity,auc_abs_delta,0.01466453568317932
mu_0p300,0.3,0.3,250,10,null,node_removal,random,random,node,weighted_directed_community_assortativity,auc_abs_delta,0.013053664892428641
mu_0p300,0.3,0.3,251,11,null,node_removal,random,random,node,weighted_directed_community_assortativity,auc_abs_delta,0.01611515951666412
mu_0p300,0.3,0.3,252,12,null,node_removal,random,random,node,weighted_directed_community_assortativity,auc_abs_delta,0.01931865134844292
mu_0p300,0.3,0.3,253,13,null,node_removal,random,random,node,weighted_directed_community_assortativity,auc_abs_delta,0.01227112114978272
mu_0p300,0.3,0.3,254,14,null,node_removal,random,random,node,weighted_directed_community_assortativity,auc_abs_delta,0.012704454661979881
mu_0p300,0.3,0.3,255,15,null,node_removal,random,random,node,weighted_directed_community_assortativity,auc_abs_delta,0.021150668522739422
mu_0p300,0.3,0.3,256,16,null,node_removal,random,random,node,weighted_directed_community_assortativity,auc_abs_delta,0.01833296769154048
mu_0p300,0.3,0.3,257,17,null,node_removal,random,random,node,weighted_directed_community_assortativity,auc_abs_delta,0.01808140080714084
mu_0p300,0.3,0.3,258,18,null,node_removal,random,random,node,weighted_directed_community_assortativity,auc_abs_delta,0.01345715498340054
mu_0p300,0.3,0.3,259,19,null,node_removal,random,random,node,weighted_directed_community_assortativity,auc_abs_delta,0.017453067364531817
mu_0p300,0.3,0.3,260,20,null,node_removal,random,random,node,weighted_directed_community_assortativity,auc_abs_delta,0.01945870724406038
mu_0p300,0.3,0.3,261,21,null,node_removal,random,random,node,weighted_directed_community_assortativity,auc_abs_delta,0.0101575909870641
mu_0p300,0.3,0.3,262,22,null,node_removal,random,random,node,weighted_directed_community_assortativity,auc_abs_delta,0.014950123027774601
mu_0p300,0.3,0.3,263,23,null,node_removal,random,random,node,weighted_directed_community_assortativity,auc_abs_delta,0.0134803196609634
mu_0p300,0.3,0.3,264,24,null,node_removal,random,random,node,weighted_directed_community_assortativity,auc_abs_delta,0.013728987588398401
mu_0p300,0.3,0.3,265,25,null,node_removal,random,random,node,weighted_directed_community_assortativity,auc_abs_delta,0.01398279122152086
mu_0p300,0.3,0.3,266,26,null,node_removal,random,random,node,weighted_directed_community_assortativity,auc_abs_delta,0.01540339530706102
mu_0p300,0.3,0.3,267,27,null,node_removal,random,random,node,weighted_directed_community_assortativity,auc_abs_delta,0.015736847929457738
mu_0p300,0.3,0.3,268,28,null,node_removal,random,random,node,weighted_directed_community_assortativity,auc_abs_delta,0.01388915912157638
mu_0p300,0.3,0.3,269,29,null,node_removal,random,random,node,weighted_directed_community_assortativity,auc_abs_delta,0.0178854577501373
mu_0p300,0.3,0.3,270,30,null,node_removal,random,random,node,weighted_directed_community_assortativity,auc_abs_delta,0.017189727451136737
mu_0p300,0.3,0.3,271,31,null,node_removal,random,random,node,weighted_directed_community_assortativity,auc_abs_delta,0.01674568456618128
mu_0p300,0.3,0.3,272,32,null,node_removal,random,random,node,weighted_directed_community_assortativity,auc_abs_delta,0.01694891453447474
mu_0p300,0.3,0.3,273,33,null,node_removal,random,random,node,weighted_directed_community_assortativity,auc_abs_delta,0.015144697465102941
mu_0p300,0.3,0.3,274,34,null,node_removal,random,random,node,weighted_directed_community_assortativity,auc_abs_delta,0.01721487494458028
mu_0p300,0.3,0.3,275,35,null,node_removal,random,random,node,weighted_directed_community_assortativity,auc_abs_delta,0.010458942910212921
mu_0p300,0.3,0.3,276,36,null,node_removal,random,random,node,weighted_directed_community_assortativity,auc_abs_delta,0.0130595170512426
mu_0p300,0.3,0.3,277,37,null,node_removal,random,random,node,weighted_directed_community_assortativity,auc_abs_delta,0.01581555254080034
mu_0p300,0.3,0.3,278,38,null,node_removal,random,random,node,weighted_directed_community_assortativity,auc_abs_delta,0.009571443023149221
mu_0p300,0.3,0.3,279,39,null,node_removal,random,random,node,weighted_directed_community_assortativity,auc_abs_delta,0.01829026820233434
mu_0p075,0.075,0.075,0,0,null,node_removal,weighted_slack,weighted_slack,node,weighted_directed_community_assortativity,auc_abs_delta,0.0109341969280073
mu_0p075,0.075,0.075,1,1,null,node_removal,weighted_slack,weighted_slack,node,weighted_directed_community_assortativity,auc_abs_delta,0.0138434176873919
mu_0p075,0.075,0.075,2,2,null,node_removal,weighted_slack,weighted_slack,node,weighted_directed_community_assortativity,auc_abs_delta,0.023024153329053
mu_0p075,0.075,0.075,3,3,null,node_removal,weighted_slack,weighted_slack,node,weighted_directed_community_assortativity,auc_abs_delta,0.0136235197803733
mu_0p075,0.075,0.075,4,4,null,node_removal,weighted_slack,weighted_slack,node,weighted_directed_community_assortativity,auc_abs_delta,0.0159618671201731
mu_0p075,0.075,0.075,5,5,null,node_removal,weighted_slack,weighted_slack,node,weighted_directed_community_assortativity,auc_abs_delta,0.012487305695096
mu_0p075,0.075,0.075,6,6,null,node_removal,weighted_slack,weighted_slack,node,weighted_directed_community_assortativity,auc_abs_delta,0.0173649257696711
mu_0p075,0.075,0.075,7,7,null,node_removal,weighted_slack,weighted_slack,node,weighted_directed_community_assortativity,auc_abs_delta,0.0340730503135032
mu_0p075,0.075,0.075,8,8,null,node_removal,weighted_slack,weighted_slack,node,weighted_directed_community_assortativity,auc_abs_delta,0.0246945672503056
mu_0p075,0.075,0.075,9,9,null,node_removal,weighted_slack,weighted_slack,node,weighted_directed_community_assortativity,auc_abs_delta,0.034443105736971
mu_0p075,0.075,0.075,10,10,null,node_removal,weighted_slack,weighted_slack,node,weighted_directed_community_assortativity,auc_abs_delta,0.0169026620840774
mu_0p075,0.075,0.075,11,11,null,node_removal,weighted_slack,weighted_slack,node,weighted_directed_community_assortativity,auc_abs_delta,0.033716610636991
mu_0p075,0.075,0.075,12,12,null,node_removal,weighted_slack,weighted_slack,node,weighted_directed_community_assortativity,auc_abs_delta,0.01692700460548
mu_0p075,0.075,0.075,13,13,null,node_removal,weighted_slack,weighted_slack,node,weighted_directed_community_assortativity,auc_abs_delta,0.0176570356845389
mu_0p075,0.075,0.075,14,14,null,node_removal,weighted_slack,weighted_slack,node,weighted_directed_community_assortativity,auc_abs_delta,0.0097239391874825
mu_0p075,0.075,0.075,15,15,null,node_removal,weighted_slack,weighted_slack,node,weighted_directed_community_assortativity,auc_abs_delta,0.0183023022131079
mu_0p075,0.075,0.075,16,16,null,node_removal,weighted_slack,weighted_slack,node,weighted_directed_community_assortativity,auc_abs_delta,0.0105230588164232
mu_0p075,0.075,0.075,17,17,null,node_removal,weighted_slack,weighted_slack,node,weighted_directed_community_assortativity,auc_abs_delta,0.0132881381345939
mu_0p075,0.075,0.075,18,18,null,node_removal,weighted_slack,weighted_slack,node,weighted_directed_community_assortativity,auc_abs_delta,0.0091038235288259
mu_0p075,0.075,0.075,19,19,null,node_removal,weighted_slack,weighted_slack,node,weighted_directed_community_assortativity,auc_abs_delta,0.022501059369693
mu_0p075,0.075,0.075,20,20,null,node_removal,weighted_slack,weighted_slack,node,weighted_directed_community_assortativity,auc_abs_delta,0.0198554345182066
mu_0p075,0.075,0.075,21,21,null,node_removal,weighted_slack,weighted_slack,node,weighted_directed_community_assortativity,auc_abs_delta,0.0087710328166326
mu_0p075,0.075,0.075,22,22,null,node_removal,weighted_slack,weighted_slack,node,weighted_directed_community_assortativity,auc_abs_delta,0.0209435811636451
mu_0p075,0.075,0.075,23,23,null,node_removal,weighted_slack,weighted_slack,node,weighted_directed_community_assortativity,auc_abs_delta,0.0287845260938543
mu_0p075,0.075,0.075,24,24,null,node_removal,weighted_slack,weighted_slack,node,weighted_directed_community_assortativity,auc_abs_delta,0.0114715773375846
mu_0p075,0.075,0.075,25,25,null,node_removal,weighted_slack,weighted_slack,node,weighted_directed_community_assortativity,auc_abs_delta,0.0346155503652537
mu_0p075,0.075,0.075,26,26,null,node_removal,weighted_slack,weighted_slack,node,weighted_directed_community_assortativity,auc_abs_delta,0.0096790618611644
mu_0p075,0.075,0.075,27,27,null,node_removal,weighted_slack,weighted_slack,node,weighted_directed_community_assortativity,auc_abs_delta,0.0172369174545971
mu_0p075,0.075,0.075,28,28,null,node_removal,weighted_slack,weighted_slack,node,weighted_directed_community_assortativity,auc_abs_delta,0.0093618329330648
mu_0p075,0.075,0.075,29,29,null,node_removal,weighted_slack,weighted_slack,node,weighted_directed_community_assortativity,auc_abs_delta,0.0439810623685841
mu_0p075,0.075,0.075,30,30,null,node_removal,weighted_slack,weighted_slack,node,weighted_directed_community_assortativity,auc_abs_delta,0.0118203379301003
mu_0p075,0.075,0.075,31,31,null,node_removal,weighted_slack,weighted_slack,node,weighted_directed_community_assortativity,auc_abs_delta,0.0271163289699429
mu_0p075,0.075,0.075,32,32,null,node_removal,weighted_slack,weighted_slack,node,weighted_directed_community_assortativity,auc_abs_delta,0.0380009124257266
mu_0p075,0.075,0.075,33,33,null,node_removal,weighted_slack,weighted_slack,node,weighted_directed_community_assortativity,auc_abs_delta,0.0401783243120347
mu_0p075,0.075,0.075,34,34,null,node_removal,weighted_slack,weighted_slack,node,weighted_directed_community_assortativity,auc_abs_delta,0.0360208672616159
mu_0p075,0.075,0.075,35,35,null,node_removal,weighted_slack,weighted_slack,node,weighted_directed_community_assortativity,auc_abs_delta,0.0069597184237082
mu_0p075,0.075,0.075,36,36,null,node_removal,weighted_slack,weighted_slack,node,weighted_directed_community_assortativity,auc_abs_delta,0.0259852710397345
mu_0p075,0.075,0.075,37,37,null,node_removal,weighted_slack,weighted_slack,node,weighted_directed_community_assortativity,auc_abs_delta,0.0096232208437912
mu_0p075,0.075,0.075,38,38,null,node_removal,weighted_slack,weighted_slack,node,weighted_directed_community_assortativity,auc_abs_delta,0.013476770462402
mu_0p075,0.075,0.075,39,39,null,node_removal,weighted_slack,weighted_slack,node,weighted_directed_community_assortativity,auc_abs_delta,0.0250271384578952
mu_0p100,0.1,0.1,40,0,null,node_removal,weighted_slack,weighted_slack,node,weighted_directed_community_assortativity,auc_abs_delta,0.0199149181974531
mu_0p100,0.1,0.1,41,1,null,node_removal,weighted_slack,weighted_slack,node,weighted_directed_community_assortativity,auc_abs_delta,0.0275072841086824
mu_0p100,0.1,0.1,42,2,null,node_removal,weighted_slack,weighted_slack,node,weighted_directed_community_assortativity,auc_abs_delta,0.0352228729211699
mu_0p100,0.1,0.1,43,3,null,node_removal,weighted_slack,weighted_slack,node,weighted_directed_community_assortativity,auc_abs_delta,0.0122969392470532
mu_0p100,0.1,0.1,44,4,null,node_removal,weighted_slack,weighted_slack,node,weighted_directed_community_assortativity,auc_abs_delta,0.0209288084730713
mu_0p100,0.1,0.1,45,5,null,node_removal,weighted_slack,weighted_slack,node,weighted_directed_community_assortativity,auc_abs_delta,0.0176670836686674
mu_0p100,0.1,0.1,46,6,null,node_removal,weighted_slack,weighted_slack,node,weighted_directed_community_assortativity,auc_abs_delta,0.0185140151909921
mu_0p100,0.1,0.1,47,7,null,node_removal,weighted_slack,weighted_slack,node,weighted_directed_community_assortativity,auc_abs_delta,0.014081659192971
mu_0p100,0.1,0.1,48,8,null,node_removal,weighted_slack,weighted_slack,node,weighted_directed_community_assortativity,auc_abs_delta,0.0138844494140021
mu_0p100,0.1,0.1,49,9,null,node_removal,weighted_slack,weighted_slack,node,weighted_directed_community_assortativity,auc_abs_delta,0.0134350983025395
mu_0p100,0.1,0.1,50,10,null,node_removal,weighted_slack,weighted_slack,node,weighted_directed_community_assortativity,auc_abs_delta,0.0262168958466868
mu_0p100,0.1,0.1,51,11,null,node_removal,weighted_slack,weighted_slack,node,weighted_directed_community_assortativity,auc_abs_delta,0.0257300159750491
mu_0p100,0.1,0.1,52,12,null,node_removal,weighted_slack,weighted_slack,node,weighted_directed_community_assortativity,auc_abs_delta,0.0167282596479999
mu_0p100,0.1,0.1,53,13,null,node_removal,weighted_slack,weighted_slack,node,weighted_directed_community_assortativity,auc_abs_delta,0.0249238883348729
mu_0p100,0.1,0.1,54,14,null,node_removal,weighted_slack,weighted_slack,node,weighted_directed_community_assortativity,auc_abs_delta,0.0182306222710738
mu_0p100,0.1,0.1,55,15,null,node_removal,weighted_slack,weighted_slack,node,weighted_directed_community_assortativity,auc_abs_delta,0.0101094266634581
mu_0p100,0.1,0.1,56,16,null,node_removal,weighted_slack,weighted_slack,node,weighted_directed_community_assortativity,auc_abs_delta,0.0266209049755745
mu_0p100,0.1,0.1,57,17,null,node_removal,weighted_slack,weighted_slack,node,weighted_directed_community_assortativity,auc_abs_delta,0.0372720838058027
mu_0p100,0.1,0.1,58,18,null,node_removal,weighted_slack,weighted_slack,node,weighted_directed_community_assortativity,auc_abs_delta,0.0330404309158543
mu_0p100,0.1,0.1,59,19,null,node_removal,weighted_slack,weighted_slack,node,weighted_directed_community_assortativity,auc_abs_delta,0.0216908739219019
mu_0p100,0.1,0.1,60,20,null,node_removal,weighted_slack,weighted_slack,node,weighted_directed_community_assortativity,auc_abs_delta,0.0132959281207152
mu_0p100,0.1,0.1,61,21,null,node_removal,weighted_slack,weighted_slack,node,weighted_directed_community_assortativity,auc_abs_delta,0.0140366855287859
mu_0p100,0.1,0.1,62,22,null,node_removal,weighted_slack,weighted_slack,node,weighted_directed_community_assortativity,auc_abs_delta,0.0128972258822915
mu_0p100,0.1,0.1,63,23,null,node_removal,weighted_slack,weighted_slack,node,weighted_directed_community_assortativity,auc_abs_delta,0.015311506466299
mu_0p100,0.1,0.1,64,24,null,node_removal,weighted_slack,weighted_slack,node,weighted_directed_community_assortativity,auc_abs_delta,0.0402649607014894
mu_0p100,0.1,0.1,65,25,null,node_removal,weighted_slack,weighted_slack,node,weighted_directed_community_assortativity,auc_abs_delta,0.0265202268968466
mu_0p100,0.1,0.1,66,26,null,node_removal,weighted_slack,weighted_slack,node,weighted_directed_community_assortativity,auc_abs_delta,0.0140112437109584
mu_0p100,0.1,0.1,67,27,null,node_removal,weighted_slack,weighted_slack,node,weighted_directed_community_assortativity,auc_abs_delta,0.0308190735011953
mu_0p100,0.1,0.1,68,28,null,node_removal,weighted_slack,weighted_slack,node,weighted_directed_community_assortativity,auc_abs_delta,0.0090692190187665
mu_0p100,0.1,0.1,69,29,null,node_removal,weighted_slack,weighted_slack,node,weighted_directed_community_assortativity,auc_abs_delta,0.0143610287377946
mu_0p100,0.1,0.1,70,30,null,node_removal,weighted_slack,weighted_slack,node,weighted_directed_community_assortativity,auc_abs_delta,0.0121300474540004
mu_0p100,0.1,0.1,71,31,null,node_removal,weighted_slack,weighted_slack,node,weighted_directed_community_assortativity,auc_abs_delta,0.032172602357998
mu_0p100,0.1,0.1,72,32,null,node_removal,weighted_slack,weighted_slack,node,weighted_directed_community_assortativity,auc_abs_delta,0.015020785846229
mu_0p100,0.1,0.1,73,33,null,node_removal,weighted_slack,weighted_slack,node,weighted_directed_community_assortativity,auc_abs_delta,0.0135938438221851
mu_0p100,0.1,0.1,74,34,null,node_removal,weighted_slack,weighted_slack,node,weighted_directed_community_assortativity,auc_abs_delta,0.0233774087410882
mu_0p100,0.1,0.1,75,35,null,node_removal,weighted_slack,weighted_slack,node,weighted_directed_community_assortativity,auc_abs_delta,0.0228893700054571
mu_0p100,0.1,0.1,76,36,null,node_removal,weighted_slack,weighted_slack,node,weighted_directed_community_assortativity,auc_abs_delta,0.0081528082118501
mu_0p100,0.1,0.1,77,37,null,node_removal,weighted_slack,weighted_slack,node,weighted_directed_community_assortativity,auc_abs_delta,0.0208968884275244
mu_0p100,0.1,0.1,78,38,null,node_removal,weighted_slack,weighted_slack,node,weighted_directed_community_assortativity,auc_abs_delta,0.0147500723444125
mu_0p100,0.1,0.1,79,39,null,node_removal,weighted_slack,weighted_slack,node,weighted_directed_community_assortativity,auc_abs_delta,0.0368672349200279
mu_0p125,0.125,0.125,80,0,null,node_removal,weighted_slack,weighted_slack,node,weighted_directed_community_assortativity,auc_abs_delta,0.0178075618879663
mu_0p125,0.125,0.125,81,1,null,node_removal,weighted_slack,weighted_slack,node,weighted_directed_community_assortativity,auc_abs_delta,0.0110777510188543
mu_0p125,0.125,0.125,82,2,null,node_removal,weighted_slack,weighted_slack,node,weighted_directed_community_assortativity,auc_abs_delta,0.0334290691771279
mu_0p125,0.125,0.125,83,3,null,node_removal,weighted_slack,weighted_slack,node,weighted_directed_community_assortativity,auc_abs_delta,0.012580250844182
mu_0p125,0.125,0.125,84,4,null,node_removal,weighted_slack,weighted_slack,node,weighted_directed_community_assortativity,auc_abs_delta,0.0276666723681176
mu_0p125,0.125,0.125,85,5,null,node_removal,weighted_slack,weighted_slack,node,weighted_directed_community_assortativity,auc_abs_delta,0.0156653773902734
mu_0p125,0.125,0.125,86,6,null,node_removal,weighted_slack,weighted_slack,node,weighted_directed_community_assortativity,auc_abs_delta,0.0109286856861978
mu_0p125,0.125,0.125,87,7,null,node_removal,weighted_slack,weighted_slack,node,weighted_directed_community_assortativity,auc_abs_delta,0.0183521465852493
mu_0p125,0.125,0.125,88,8,null,node_removal,weighted_slack,weighted_slack,node,weighted_directed_community_assortativity,auc_abs_delta,0.0214135326329796
mu_0p125,0.125,0.125,89,9,null,node_removal,weighted_slack,weighted_slack,node,weighted_directed_community_assortativity,auc_abs_delta,0.0157664409814299
mu_0p125,0.125,0.125,90,10,null,node_removal,weighted_slack,weighted_slack,node,weighted_directed_community_assortativity,auc_abs_delta,0.0116739901508197
mu_0p125,0.125,0.125,91,11,null,node_removal,weighted_slack,weighted_slack,node,weighted_directed_community_assortativity,auc_abs_delta,0.0299427888563119
mu_0p125,0.125,0.125,92,12,null,node_removal,weighted_slack,weighted_slack,node,weighted_directed_community_assortativity,auc_abs_delta,0.0198439568642483
mu_0p125,0.125,0.125,93,13,null,node_removal,weighted_slack,weighted_slack,node,weighted_directed_community_assortativity,auc_abs_delta,0.0077900291416982
mu_0p125,0.125,0.125,94,14,null,node_removal,weighted_slack,weighted_slack,node,weighted_directed_community_assortativity,auc_abs_delta,0.013251590660615
mu_0p125,0.125,0.125,95,15,null,node_removal,weighted_slack,weighted_slack,node,weighted_directed_community_assortativity,auc_abs_delta,0.0085034913523224
mu_0p125,0.125,0.125,96,16,null,node_removal,weighted_slack,weighted_slack,node,weighted_directed_community_assortativity,auc_abs_delta,0.0139637825348016
mu_0p125,0.125,0.125,97,17,null,node_removal,weighted_slack,weighted_slack,node,weighted_directed_community_assortativity,auc_abs_delta,0.0220273302379054
mu_0p125,0.125,0.125,98,18,null,node_removal,weighted_slack,weighted_slack,node,weighted_directed_community_assortativity,auc_abs_delta,0.0142927117924074
mu_0p125,0.125,0.125,99,19,null,node_removal,weighted_slack,weighted_slack,node,weighted_directed_community_assortativity,auc_abs_delta,0.0112968408574461
mu_0p125,0.125,0.125,100,20,null,node_removal,weighted_slack,weighted_slack,node,weighted_directed_community_assortativity,auc_abs_delta,0.0131721994357018
mu_0p125,0.125,0.125,101,21,null,node_removal,weighted_slack,weighted_slack,node,weighted_directed_community_assortativity,auc_abs_delta,0.030935395053492
mu_0p125,0.125,0.125,102,22,null,node_removal,weighted_slack,weighted_slack,node,weighted_directed_community_assortativity,auc_abs_delta,0.017285052986648
mu_0p125,0.125,0.125,103,23,null,node_removal,weighted_slack,weighted_slack,node,weighted_directed_community_assortativity,auc_abs_delta,0.0325478438725607
mu_0p125,0.125,0.125,104,24,null,node_removal,weighted_slack,weighted_slack,node,weighted_directed_community_assortativity,auc_abs_delta,0.0222293804284712
mu_0p125,0.125,0.125,105,25,null,node_removal,weighted_slack,weighted_slack,node,weighted_directed_community_assortativity,auc_abs_delta,0.0085451125758017
mu_0p125,0.125,0.125,106,26,null,node_removal,weighted_slack,weighted_slack,node,weighted_directed_community_assortativity,auc_abs_delta,0.0109267957370282
mu_0p125,0.125,0.125,107,27,null,node_removal,weighted_slack,weighted_slack,node,weighted_directed_community_assortativity,auc_abs_delta,0.0191513077445553
mu_0p125,0.125,0.125,108,28,null,node_removal,weighted_slack,weighted_slack,node,weighted_directed_community_assortativity,auc_abs_delta,0.0063522631473993
mu_0p125,0.125,0.125,109,29,null,node_removal,weighted_slack,weighted_slack,node,weighted_directed_community_assortativity,auc_abs_delta,0.0209625746644557
mu_0p125,0.125,0.125,110,30,null,node_removal,weighted_slack,weighted_slack,node,weighted_directed_community_assortativity,auc_abs_delta,0.0092618826571123
mu_0p125,0.125,0.125,111,31,null,node_removal,weighted_slack,weighted_slack,node,weighted_directed_community_assortativity,auc_abs_delta,0.0081396598068827
mu_0p125,0.125,0.125,112,32,null,node_removal,weighted_slack,weighted_slack,node,weighted_directed_community_assortativity,auc_abs_delta,0.0142979895188511
mu_0p125,0.125,0.125,113,33,null,node_removal,weighted_slack,weighted_slack,node,weighted_directed_community_assortativity,auc_abs_delta,0.019805625382301
mu_0p125,0.125,0.125,114,34,null,node_removal,weighted_slack,weighted_slack,node,weighted_directed_community_assortativity,auc_abs_delta,0.0219375278264665
mu_0p125,0.125,0.125,115,35,null,node_removal,weighted_slack,weighted_slack,node,weighted_directed_community_assortativity,auc_abs_delta,0.0168996643928505
mu_0p125,0.125,0.125,116,36,null,node_removal,weighted_slack,weighted_slack,node,weighted_directed_community_assortativity,auc_abs_delta,0.023726819067846
mu_0p125,0.125,0.125,117,37,null,node_removal,weighted_slack,weighted_slack,node,weighted_directed_community_assortativity,auc_abs_delta,0.0201770055091457
mu_0p125,0.125,0.125,118,38,null,node_removal,weighted_slack,weighted_slack,node,weighted_directed_community_assortativity,auc_abs_delta,0.0120380741894549
mu_0p125,0.125,0.125,119,39,null,node_removal,weighted_slack,weighted_slack,node,weighted_directed_community_assortativity,auc_abs_delta,0.0425183394390349
mu_0p150,0.15,0.15,120,0,null,node_removal,weighted_slack,weighted_slack,node,weighted_directed_community_assortativity,auc_abs_delta,0.040793685219234
mu_0p150,0.15,0.15,121,1,null,node_removal,weighted_slack,weighted_slack,node,weighted_directed_community_assortativity,auc_abs_delta,0.0096507097266663
mu_0p150,0.15,0.15,122,2,null,node_removal,weighted_slack,weighted_slack,node,weighted_directed_community_assortativity,auc_abs_delta,0.0342414797390536
mu_0p150,0.15,0.15,123,3,null,node_removal,weighted_slack,weighted_slack,node,weighted_directed_community_assortativity,auc_abs_delta,0.0329608378022709
mu_0p150,0.15,0.15,124,4,null,node_removal,weighted_slack,weighted_slack,node,weighted_directed_community_assortativity,auc_abs_delta,0.0166803021431224
mu_0p150,0.15,0.15,125,5,null,node_removal,weighted_slack,weighted_slack,node,weighted_directed_community_assortativity,auc_abs_delta,0.0283960465111779
mu_0p150,0.15,0.15,126,6,null,node_removal,weighted_slack,weighted_slack,node,weighted_directed_community_assortativity,auc_abs_delta,0.0147327738534452
mu_0p150,0.15,0.15,127,7,null,node_removal,weighted_slack,weighted_slack,node,weighted_directed_community_assortativity,auc_abs_delta,0.0183303552042104
mu_0p150,0.15,0.15,128,8,null,node_removal,weighted_slack,weighted_slack,node,weighted_directed_community_assortativity,auc_abs_delta,0.0151995121065417
mu_0p150,0.15,0.15,129,9,null,node_removal,weighted_slack,weighted_slack,node,weighted_directed_community_assortativity,auc_abs_delta,0.0155557557905627
mu_0p150,0.15,0.15,130,10,null,node_removal,weighted_slack,weighted_slack,node,weighted_directed_community_assortativity,auc_abs_delta,0.010649600082778
mu_0p150,0.15,0.15,131,11,null,node_removal,weighted_slack,weighted_slack,node,weighted_directed_community_assortativity,auc_abs_delta,0.017089496563792
mu_0p150,0.15,0.15,132,12,null,node_removal,weighted_slack,weighted_slack,node,weighted_directed_community_assortativity,auc_abs_delta,0.0124196900048315
mu_0p150,0.15,0.15,133,13,null,node_removal,weighted_slack,weighted_slack,node,weighted_directed_community_assortativity,auc_abs_delta,0.0202365984015096
mu_0p150,0.15,0.15,134,14,null,node_removal,weighted_slack,weighted_slack,node,weighted_directed_community_assortativity,auc_abs_delta,0.0218233956376349
mu_0p150,0.15,0.15,135,15,null,node_removal,weighted_slack,weighted_slack,node,weighted_directed_community_assortativity,auc_abs_delta,0.0179066191059152
mu_0p150,0.15,0.15,136,16,null,node_removal,weighted_slack,weighted_slack,node,weighted_directed_community_assortativity,auc_abs_delta,0.0115741183925992
mu_0p150,0.15,0.15,137,17,null,node_removal,weighted_slack,weighted_slack,node,weighted_directed_community_assortativity,auc_abs_delta,0.0341701573242836
mu_0p150,0.15,0.15,138,18,null,node_removal,weighted_slack,weighted_slack,node,weighted_directed_community_assortativity,auc_abs_delta,0.0155027010321974
mu_0p150,0.15,0.15,139,19,null,node_removal,weighted_slack,weighted_slack,node,weighted_directed_community_assortativity,auc_abs_delta,0.0160968636067733
mu_0p150,0.15,0.15,140,20,null,node_removal,weighted_slack,weighted_slack,node,weighted_directed_community_assortativity,auc_abs_delta,0.012315722669105
mu_0p150,0.15,0.15,141,21,null,node_removal,weighted_slack,weighted_slack,node,weighted_directed_community_assortativity,auc_abs_delta,0.0193193399825652
mu_0p150,0.15,0.15,142,22,null,node_removal,weighted_slack,weighted_slack,node,weighted_directed_community_assortativity,auc_abs_delta,0.0261559118175775
mu_0p150,0.15,0.15,143,23,null,node_removal,weighted_slack,weighted_slack,node,weighted_directed_community_assortativity,auc_abs_delta,0.0090051860933473
mu_0p150,0.15,0.15,144,24,null,node_removal,weighted_slack,weighted_slack,node,weighted_directed_community_assortativity,auc_abs_delta,0.026982673687381
mu_0p150,0.15,0.15,145,25,null,node_removal,weighted_slack,weighted_slack,node,weighted_directed_community_assortativity,auc_abs_delta,0.019513355510311
mu_0p150,0.15,0.15,146,26,null,node_removal,weighted_slack,weighted_slack,node,weighted_directed_community_assortativity,auc_abs_delta,0.0178326025318186
mu_0p150,0.15,0.15,147,27,null,node_removal,weighted_slack,weighted_slack,node,weighted_directed_community_assortativity,auc_abs_delta,0.0340328800965257
mu_0p150,0.15,0.15,148,28,null,node_removal,weighted_slack,weighted_slack,node,weighted_directed_community_assortativity,auc_abs_delta,0.0167690171779321
mu_0p150,0.15,0.15,149,29,null,node_removal,weighted_slack,weighted_slack,node,weighted_directed_community_assortativity,auc_abs_delta,0.0138811005827728
mu_0p150,0.15,0.15,150,30,null,node_removal,weighted_slack,weighted_slack,node,weighted_directed_community_assortativity,auc_abs_delta,0.0121001270866067
mu_0p150,0.15,0.15,151,31,null,node_removal,weighted_slack,weighted_slack,node,weighted_directed_community_assortativity,auc_abs_delta,0.0136068168699124
mu_0p150,0.15,0.15,152,32,null,node_removal,weighted_slack,weighted_slack,node,weighted_directed_community_assortativity,auc_abs_delta,0.0141189390354508
mu_0p150,0.15,0.15,153,33,null,node_removal,weighted_slack,weighted_slack,node,weighted_directed_community_assortativity,auc_abs_delta,0.0452279398988546
mu_0p150,0.15,0.15,154,34,null,node_removal,weighted_slack,weighted_slack,node,weighted_directed_community_assortativity,auc_abs_delta,0.0111888988665062
mu_0p150,0.15,0.15,155,35,null,node_removal,weighted_slack,weighted_slack,node,weighted_directed_community_assortativity,auc_abs_delta,0.0372283989622296
mu_0p150,0.15,0.15,156,36,null,node_removal,weighted_slack,weighted_slack,node,weighted_directed_community_assortativity,auc_abs_delta,0.031908314891436
mu_0p150,0.15,0.15,157,37,null,node_removal,weighted_slack,weighted_slack,node,weighted_directed_community_assortativity,auc_abs_delta,0.0140479102313023
mu_0p150,0.15,0.15,158,38,null,node_removal,weighted_slack,weighted_slack,node,weighted_directed_community_assortativity,auc_abs_delta,0.0169820284390104
mu_0p150,0.15,0.15,159,39,null,node_removal,weighted_slack,weighted_slack,node,weighted_directed_community_assortativity,auc_abs_delta,0.0173848169079689
mu_0p175,0.175,0.175,160,0,null,node_removal,weighted_slack,weighted_slack,node,weighted_directed_community_assortativity,auc_abs_delta,0.0256644022162218
mu_0p175,0.175,0.175,161,1,null,node_removal,weighted_slack,weighted_slack,node,weighted_directed_community_assortativity,auc_abs_delta,0.0164862584477487
mu_0p175,0.175,0.175,162,2,null,node_removal,weighted_slack,weighted_slack,node,weighted_directed_community_assortativity,auc_abs_delta,0.0176944528495545
mu_0p175,0.175,0.175,163,3,null,node_removal,weighted_slack,weighted_slack,node,weighted_directed_community_assortativity,auc_abs_delta,0.0187382883758991
mu_0p175,0.175,0.175,164,4,null,node_removal,weighted_slack,weighted_slack,node,weighted_directed_community_assortativity,auc_abs_delta,0.0178992870917429
mu_0p175,0.175,0.175,165,5,null,node_removal,weighted_slack,weighted_slack,node,weighted_directed_community_assortativity,auc_abs_delta,0.0111613845123662
mu_0p175,0.175,0.175,166,6,null,node_removal,weighted_slack,weighted_slack,node,weighted_directed_community_assortativity,auc_abs_delta,0.0165161697308782
mu_0p175,0.175,0.175,167,7,null,node_removal,weighted_slack,weighted_slack,node,weighted_directed_community_assortativity,auc_abs_delta,0.0219017171897207
mu_0p175,0.175,0.175,168,8,null,node_removal,weighted_slack,weighted_slack,node,weighted_directed_community_assortativity,auc_abs_delta,0.0082855559911865
mu_0p175,0.175,0.175,169,9,null,node_removal,weighted_slack,weighted_slack,node,weighted_directed_community_assortativity,auc_abs_delta,0.0304773971693868
mu_0p175,0.175,0.175,170,10,null,node_removal,weighted_slack,weighted_slack,node,weighted_directed_community_assortativity,auc_abs_delta,0.0172943786345196
mu_0p175,0.175,0.175,171,11,null,node_removal,weighted_slack,weighted_slack,node,weighted_directed_community_assortativity,auc_abs_delta,0.0057367650459868
mu_0p175,0.175,0.175,172,12,null,node_removal,weighted_slack,weighted_slack,node,weighted_directed_community_assortativity,auc_abs_delta,0.0092884290348481
mu_0p175,0.175,0.175,173,13,null,node_removal,weighted_slack,weighted_slack,node,weighted_directed_community_assortativity,auc_abs_delta,0.01710930128244
mu_0p175,0.175,0.175,174,14,null,node_removal,weighted_slack,weighted_slack,node,weighted_directed_community_assortativity,auc_abs_delta,0.0094726131580136
mu_0p175,0.175,0.175,175,15,null,node_removal,weighted_slack,weighted_slack,node,weighted_directed_community_assortativity,auc_abs_delta,0.0153503017801097
mu_0p175,0.175,0.175,176,16,null,node_removal,weighted_slack,weighted_slack,node,weighted_directed_community_assortativity,auc_abs_delta,0.0152362199669244
mu_0p175,0.175,0.175,177,17,null,node_removal,weighted_slack,weighted_slack,node,weighted_directed_community_assortativity,auc_abs_delta,0.0485274513538264
mu_0p175,0.175,0.175,178,18,null,node_removal,weighted_slack,weighted_slack,node,weighted_directed_community_assortativity,auc_abs_delta,0.0160633984029177
mu_0p175,0.175,0.175,179,19,null,node_removal,weighted_slack,weighted_slack,node,weighted_directed_community_assortativity,auc_abs_delta,0.0294021367979316
mu_0p175,0.175,0.175,180,20,null,node_removal,weighted_slack,weighted_slack,node,weighted_directed_community_assortativity,auc_abs_delta,0.0135689454097518
mu_0p175,0.175,0.175,181,21,null,node_removal,weighted_slack,weighted_slack,node,weighted_directed_community_assortativity,auc_abs_delta,0.0221479505207075
mu_0p175,0.175,0.175,182,22,null,node_removal,weighted_slack,weighted_slack,node,weighted_directed_community_assortativity,auc_abs_delta,0.014585102375583
mu_0p175,0.175,0.175,183,23,null,node_removal,weighted_slack,weighted_slack,node,weighted_directed_community_assortativity,auc_abs_delta,0.0173622998858728
mu_0p175,0.175,0.175,184,24,null,node_removal,weighted_slack,weighted_slack,node,weighted_directed_community_assortativity,auc_abs_delta,0.0105876891184482
mu_0p175,0.175,0.175,185,25,null,node_removal,weighted_slack,weighted_slack,node,weighted_directed_community_assortativity,auc_abs_delta,0.0152532361173388
mu_0p175,0.175,0.175,186,26,null,node_removal,weighted_slack,weighted_slack,node,weighted_directed_community_assortativity,auc_abs_delta,0.0165145059915592
mu_0p175,0.175,0.175,187,27,null,node_removal,weighted_slack,weighted_slack,node,weighted_directed_community_assortativity,auc_abs_delta,0.0134043303588618
mu_0p175,0.175,0.175,188,28,null,node_removal,weighted_slack,weighted_slack,node,weighted_directed_community_assortativity,auc_abs_delta,0.0253891917242063
mu_0p175,0.175,0.175,189,29,null,node_removal,weighted_slack,weighted_slack,node,weighted_directed_community_assortativity,auc_abs_delta,0.014953467607295
mu_0p175,0.175,0.175,190,30,null,node_removal,weighted_slack,weighted_slack,node,weighted_directed_community_assortativity,auc_abs_delta,0.0275935095077999
mu_0p175,0.175,0.175,191,31,null,node_removal,weighted_slack,weighted_slack,node,weighted_directed_community_assortativity,auc_abs_delta,0.0277962220588873
mu_0p175,0.175,0.175,192,32,null,node_removal,weighted_slack,weighted_slack,node,weighted_directed_community_assortativity,auc_abs_delta,0.0096104697988813
mu_0p175,0.175,0.175,193,33,null,node_removal,weighted_slack,weighted_slack,node,weighted_directed_community_assortativity,auc_abs_delta,0.0203174073816477
mu_0p175,0.175,0.175,194,34,null,node_removal,weighted_slack,weighted_slack,node,weighted_directed_community_assortativity,auc_abs_delta,0.0341213432114426
mu_0p175,0.175,0.175,195,35,null,node_removal,weighted_slack,weighted_slack,node,weighted_directed_community_assortativity,auc_abs_delta,0.0085161367374175
mu_0p175,0.175,0.175,196,36,null,node_removal,weighted_slack,weighted_slack,node,weighted_directed_community_assortativity,auc_abs_delta,0.019722365211993
mu_0p175,0.175,0.175,197,37,null,node_removal,weighted_slack,weighted_slack,node,weighted_directed_community_assortativity,auc_abs_delta,0.0244750694417899
mu_0p175,0.175,0.175,198,38,null,node_removal,weighted_slack,weighted_slack,node,weighted_directed_community_assortativity,auc_abs_delta,0.0091882634273269
mu_0p175,0.175,0.175,199,39,null,node_removal,weighted_slack,weighted_slack,node,weighted_directed_community_assortativity,auc_abs_delta,0.014513043430188
mu_0p225,0.225,0.225,200,0,null,node_removal,weighted_slack,weighted_slack,node,weighted_directed_community_assortativity,auc_abs_delta,0.0142081874980938
mu_0p225,0.225,0.225,201,1,null,node_removal,weighted_slack,weighted_slack,node,weighted_directed_community_assortativity,auc_abs_delta,0.0115655713291557
mu_0p225,0.225,0.225,202,2,null,node_removal,weighted_slack,weighted_slack,node,weighted_directed_community_assortativity,auc_abs_delta,0.0262126420913039
mu_0p225,0.225,0.225,203,3,null,node_removal,weighted_slack,weighted_slack,node,weighted_directed_community_assortativity,auc_abs_delta,0.0153006510166211
mu_0p225,0.225,0.225,204,4,null,node_removal,weighted_slack,weighted_slack,node,weighted_directed_community_assortativity,auc_abs_delta,0.0175445741322045
mu_0p225,0.225,0.225,205,5,null,node_removal,weighted_slack,weighted_slack,node,weighted_directed_community_assortativity,auc_abs_delta,0.0241739282696142
mu_0p225,0.225,0.225,206,6,null,node_removal,weighted_slack,weighted_slack,node,weighted_directed_community_assortativity,auc_abs_delta,0.0127664944689382
mu_0p225,0.225,0.225,207,7,null,node_removal,weighted_slack,weighted_slack,node,weighted_directed_community_assortativity,auc_abs_delta,0.0077671159348628
mu_0p225,0.225,0.225,208,8,null,node_removal,weighted_slack,weighted_slack,node,weighted_directed_community_assortativity,auc_abs_delta,0.0129092498210423
mu_0p225,0.225,0.225,209,9,null,node_removal,weighted_slack,weighted_slack,node,weighted_directed_community_assortativity,auc_abs_delta,0.0104770786206851
mu_0p225,0.225,0.225,210,10,null,node_removal,weighted_slack,weighted_slack,node,weighted_directed_community_assortativity,auc_abs_delta,0.0200195423806074
mu_0p225,0.225,0.225,211,11,null,node_removal,weighted_slack,weighted_slack,node,weighted_directed_community_assortativity,auc_abs_delta,0.0127340149897404
mu_0p225,0.225,0.225,212,12,null,node_removal,weighted_slack,weighted_slack,node,weighted_directed_community_assortativity,auc_abs_delta,0.0055331776562832
mu_0p225,0.225,0.225,213,13,null,node_removal,weighted_slack,weighted_slack,node,weighted_directed_community_assortativity,auc_abs_delta,0.007318173120368
mu_0p225,0.225,0.225,214,14,null,node_removal,weighted_slack,weighted_slack,node,weighted_directed_community_assortativity,auc_abs_delta,0.0101174385020107
mu_0p225,0.225,0.225,215,15,null,node_removal,weighted_slack,weighted_slack,node,weighted_directed_community_assortativity,auc_abs_delta,0.0161780666184922
mu_0p225,0.225,0.225,216,16,null,node_removal,weighted_slack,weighted_slack,node,weighted_directed_community_assortativity,auc_abs_delta,0.0170426553915427
mu_0p225,0.225,0.225,217,17,null,node_removal,weighted_slack,weighted_slack,node,weighted_directed_community_assortativity,auc_abs_delta,0.0137954650898877
mu_0p225,0.225,0.225,218,18,null,node_removal,weighted_slack,weighted_slack,node,weighted_directed_community_assortativity,auc_abs_delta,0.0111035819810574
mu_0p225,0.225,0.225,219,19,null,node_removal,weighted_slack,weighted_slack,node,weighted_directed_community_assortativity,auc_abs_delta,0.0115930848509211
mu_0p225,0.225,0.225,220,20,null,node_removal,weighted_slack,weighted_slack,node,weighted_directed_community_assortativity,auc_abs_delta,0.0127753333040522
mu_0p225,0.225,0.225,221,21,null,node_removal,weighted_slack,weighted_slack,node,weighted_directed_community_assortativity,auc_abs_delta,0.0096196971246418
mu_0p225,0.225,0.225,222,22,null,node_removal,weighted_slack,weighted_slack,node,weighted_directed_community_assortativity,auc_abs_delta,0.0150662998665573
mu_0p225,0.225,0.225,223,23,null,node_removal,weighted_slack,weighted_slack,node,weighted_directed_community_assortativity,auc_abs_delta,0.0135870369737827
mu_0p225,0.225,0.225,224,24,null,node_removal,weighted_slack,weighted_slack,node,weighted_directed_community_assortativity,auc_abs_delta,0.0079826768020663
mu_0p225,0.225,0.225,225,25,null,node_removal,weighted_slack,weighted_slack,node,weighted_directed_community_assortativity,auc_abs_delta,0.007316947790004
mu_0p225,0.225,0.225,226,26,null,node_removal,weighted_slack,weighted_slack,node,weighted_directed_community_assortativity,auc_abs_delta,0.0115695383737904
mu_0p225,0.225,0.225,227,27,null,node_removal,weighted_slack,weighted_slack,node,weighted_directed_community_assortativity,auc_abs_delta,0.0180109168686449
mu_0p225,0.225,0.225,228,28,null,node_removal,weighted_slack,weighted_slack,node,weighted_directed_community_assortativity,auc_abs_delta,0.0131581062838756
mu_0p225,0.225,0.225,229,29,null,node_removal,weighted_slack,weighted_slack,node,weighted_directed_community_assortativity,auc_abs_delta,0.0171368094744965
mu_0p225,0.225,0.225,230,30,null,node_removal,weighted_slack,weighted_slack,node,weighted_directed_community_assortativity,auc_abs_delta,0.0071176646371744
mu_0p225,0.225,0.225,231,31,null,node_removal,weighted_slack,weighted_slack,node,weighted_directed_community_assortativity,auc_abs_delta,0.0132767309028832
mu_0p225,0.225,0.225,232,32,null,node_removal,weighted_slack,weighted_slack,node,weighted_directed_community_assortativity,auc_abs_delta,0.0222601429557861
mu_0p225,0.225,0.225,233,33,null,node_removal,weighted_slack,weighted_slack,node,weighted_directed_community_assortativity,auc_abs_delta,0.0383504734174844
mu_0p225,0.225,0.225,234,34,null,node_removal,weighted_slack,weighted_slack,node,weighted_directed_community_assortativity,auc_abs_delta,0.0147624497516934
mu_0p225,0.225,0.225,235,35,null,node_removal,weighted_slack,weighted_slack,node,weighted_directed_community_assortativity,auc_abs_delta,0.0141051612699562
mu_0p225,0.225,0.225,236,36,null,node_removal,weighted_slack,weighted_slack,node,weighted_directed_community_assortativity,auc_abs_delta,0.0185406057333303
mu_0p225,0.225,0.225,237,37,null,node_removal,weighted_slack,weighted_slack,node,weighted_directed_community_assortativity,auc_abs_delta,0.0160619550963478
mu_0p225,0.225,0.225,238,38,null,node_removal,weighted_slack,weighted_slack,node,weighted_directed_community_assortativity,auc_abs_delta,0.0211361226959719
mu_0p225,0.225,0.225,239,39,null,node_removal,weighted_slack,weighted_slack,node,weighted_directed_community_assortativity,auc_abs_delta,0.0111864588096332
mu_0p300,0.3,0.3,240,0,null,node_removal,weighted_slack,weighted_slack,node,weighted_directed_community_assortativity,auc_abs_delta,0.0273122728124244
mu_0p300,0.3,0.3,241,1,null,node_removal,weighted_slack,weighted_slack,node,weighted_directed_community_assortativity,auc_abs_delta,0.0159222648421748
mu_0p300,0.3,0.3,242,2,null,node_removal,weighted_slack,weighted_slack,node,weighted_directed_community_assortativity,auc_abs_delta,0.0111716323860253
mu_0p300,0.3,0.3,243,3,null,node_removal,weighted_slack,weighted_slack,node,weighted_directed_community_assortativity,auc_abs_delta,0.0206175743647894
mu_0p300,0.3,0.3,244,4,null,node_removal,weighted_slack,weighted_slack,node,weighted_directed_community_assortativity,auc_abs_delta,0.0107008735089161
mu_0p300,0.3,0.3,245,5,null,node_removal,weighted_slack,weighted_slack,node,weighted_directed_community_assortativity,auc_abs_delta,0.0107146444783196
mu_0p300,0.3,0.3,246,6,null,node_removal,weighted_slack,weighted_slack,node,weighted_directed_community_assortativity,auc_abs_delta,0.0118592124449102
mu_0p300,0.3,0.3,247,7,null,node_removal,weighted_slack,weighted_slack,node,weighted_directed_community_assortativity,auc_abs_delta,0.0084356561066488
mu_0p300,0.3,0.3,248,8,null,node_removal,weighted_slack,weighted_slack,node,weighted_directed_community_assortativity,auc_abs_delta,0.0156488141131028
mu_0p300,0.3,0.3,249,9,null,node_removal,weighted_slack,weighted_slack,node,weighted_directed_community_assortativity,auc_abs_delta,0.0090836992987473
mu_0p300,0.3,0.3,250,10,null,node_removal,weighted_slack,weighted_slack,node,weighted_directed_community_assortativity,auc_abs_delta,0.0168449831628491
mu_0p300,0.3,0.3,251,11,null,node_removal,weighted_slack,weighted_slack,node,weighted_directed_community_assortativity,auc_abs_delta,0.0100541815244486
mu_0p300,0.3,0.3,252,12,null,node_removal,weighted_slack,weighted_slack,node,weighted_directed_community_assortativity,auc_abs_delta,0.0131865960679539
mu_0p300,0.3,0.3,253,13,null,node_removal,weighted_slack,weighted_slack,node,weighted_directed_community_assortativity,auc_abs_delta,0.0098887781551439
mu_0p300,0.3,0.3,254,14,null,node_removal,weighted_slack,weighted_slack,node,weighted_directed_community_assortativity,auc_abs_delta,0.0249792877320854
mu_0p300,0.3,0.3,255,15,null,node_removal,weighted_slack,weighted_slack,node,weighted_directed_community_assortativity,auc_abs_delta,0.0202226050529651
mu_0p300,0.3,0.3,256,16,null,node_removal,weighted_slack,weighted_slack,node,weighted_directed_community_assortativity,auc_abs_delta,0.011439736170272
mu_0p300,0.3,0.3,257,17,null,node_removal,weighted_slack,weighted_slack,node,weighted_directed_community_assortativity,auc_abs_delta,0.0221561652052929
mu_0p300,0.3,0.3,258,18,null,node_removal,weighted_slack,weighted_slack,node,weighted_directed_community_assortativity,auc_abs_delta,0.0180478260025561
mu_0p300,0.3,0.3,259,19,null,node_removal,weighted_slack,weighted_slack,node,weighted_directed_community_assortativity,auc_abs_delta,0.0451516814284229
mu_0p300,0.3,0.3,260,20,null,node_removal,weighted_slack,weighted_slack,node,weighted_directed_community_assortativity,auc_abs_delta,0.0214495442903608
mu_0p300,0.3,0.3,261,21,null,node_removal,weighted_slack,weighted_slack,node,weighted_directed_community_assortativity,auc_abs_delta,0.0180819235569158
mu_0p300,0.3,0.3,262,22,null,node_removal,weighted_slack,weighted_slack,node,weighted_directed_community_assortativity,auc_abs_delta,0.0195892148473453
mu_0p300,0.3,0.3,263,23,null,node_removal,weighted_slack,weighted_slack,node,weighted_directed_community_assortativity,auc_abs_delta,0.0191105069684472
mu_0p300,0.3,0.3,264,24,null,node_removal,weighted_slack,weighted_slack,node,weighted_directed_community_assortativity,auc_abs_delta,0.0306921147430396
mu_0p300,0.3,0.3,265,25,null,node_removal,weighted_slack,weighted_slack,node,weighted_directed_community_assortativity,auc_abs_delta,0.0097025204474214
mu_0p300,0.3,0.3,266,26,null,node_removal,weighted_slack,weighted_slack,node,weighted_directed_community_assortativity,auc_abs_delta,0.0121544063179597
mu_0p300,0.3,0.3,267,27,null,node_removal,weighted_slack,weighted_slack,node,weighted_directed_community_assortativity,auc_abs_delta,0.020943698977035
mu_0p300,0.3,0.3,268,28,null,node_removal,weighted_slack,weighted_slack,node,weighted_directed_community_assortativity,auc_abs_delta,0.0299477131783514
mu_0p300,0.3,0.3,269,29,null,node_removal,weighted_slack,weighted_slack,node,weighted_directed_community_assortativity,auc_abs_delta,0.0135604919973788
mu_0p300,0.3,0.3,270,30,null,node_removal,weighted_slack,weighted_slack,node,weighted_directed_community_assortativity,auc_abs_delta,0.0084064519489034
mu_0p300,0.3,0.3,271,31,null,node_removal,weighted_slack,weighted_slack,node,weighted_directed_community_assortativity,auc_abs_delta,0.0352767742009701
mu_0p300,0.3,0.3,272,32,null,node_removal,weighted_slack,weighted_slack,node,weighted_directed_community_assortativity,auc_abs_delta,0.017972410625539
mu_0p300,0.3,0.3,273,33,null,node_removal,weighted_slack,weighted_slack,node,weighted_directed_community_assortativity,auc_abs_delta,0.0327894554858246
mu_0p300,0.3,0.3,274,34,null,node_removal,weighted_slack,weighted_slack,node,weighted_directed_community_assortativity,auc_abs_delta,0.0157094684578791
mu_0p300,0.3,0.3,275,35,null,node_removal,weighted_slack,weighted_slack,node,weighted_directed_community_assortativity,auc_abs_delta,0.0082537212427466
mu_0p300,0.3,0.3,276,36,null,node_removal,weighted_slack,weighted_slack,node,weighted_directed_community_assortativity,auc_abs_delta,0.0188102130564233
mu_0p300,0.3,0.3,277,37,null,node_removal,weighted_slack,weighted_slack,node,weighted_directed_community_assortativity,auc_abs_delta,0.0064525589198056
mu_0p300,0.3,0.3,278,38,null,node_removal,weighted_slack,weighted_slack,node,weighted_directed_community_assortativity,auc_abs_delta,0.0067665100304264
mu_0p300,0.3,0.3,279,39,null,node_removal,weighted_slack,weighted_slack,node,weighted_directed_community_assortativity,auc_abs_delta,0.0180255617027955
