network,nodes,edges,density,n_communities,community_size_min,community_size_mean,community_size_max,total_weight,weight_min,weight_mean,weight_median,weight_max,mean_in_degree,mean_out_degree,max_in_degree,max_out_degree,mean_in_strength,mean_out_strength,cross_edge_fraction_mu_t_hat,within_edge_fraction,cross_weight_fraction_mu_w_hat,within_weight_fraction,directed_modularity_unweighted,directed_modularity_weighted,run_id,replicate_id,modularity_regime,mu_t_input,mu_w_input
lfr,150,1472,0.0658612975391498,5,22,30.0,45,6629.624296,0.00201533,4.503820853260869,4.495435,14.0106,9.813333333333333,9.813333333333333,25.0,10.0,44.19749530666667,44.19749530666667,0.0808423913043478,0.9191576086956522,0.0755446981063736,0.9244553018936263,0.7026865622046314,0.7079069038540419,0,0,mu_0p075,0.075,0.075
null,150,1472,0.0658612975391498,5,22,30.0,45,6629.624296,0.00201533,4.503820853260869,4.495435,14.0106,9.813333333333333,9.813333333333333,25.0,10.0,44.19749530666667,44.19749530666667,0.782608695652174,0.217391304347826,0.7814994484869967,0.2185005515130033,0.0009202578568052,0.0023164410467267,0,0,mu_0p075,0.075,0.075
lfr,150,1522,0.0680984340044742,4,28,37.5,45,7006.80137658,0.00912878,4.60368027370565,4.521405,13.0116,10.146666666666668,10.146666666666668,25.0,11.0,46.7120091772,46.7120091772,0.0729303547963206,0.9270696452036794,0.0755751873244146,0.9244248126755854,0.6693730671137811,0.6670965802846641,1,1,mu_0p075,0.075,0.075
null,150,1522,0.0680984340044742,4,28,37.5,45,7006.801376580001,0.00912878,4.603680273705651,4.521405,13.0116,10.146666666666668,10.146666666666668,25.0,11.0,46.7120091772,46.7120091772,0.7417871222076216,0.2582128777923784,0.7363786291339713,0.2636213708660286,0.0005162997024801,0.0051099277218936,1,1,mu_0p075,0.075,0.075
lfr,150,1443,0.0645637583892617,4,27,37.5,51,6395.784769,0.286966,4.432283277200277,4.33189,12.9936,9.62,9.62,23.0,13.0,42.63856512666666,42.63856512666666,0.0582120582120582,0.9417879417879418,0.0700707161335684,0.9299292838664316,0.67664145834624,0.6646384370028326,2,2,mu_0p075,0.075,0.075
null,150,1443,0.0645637583892617,4,27,37.5,51,6395.784769,0.286966,4.432283277200277,4.33189,12.9936,9.62,9.62,23.0,13.0,42.63856512666667,42.63856512666666,0.7477477477477478,0.2522522522522522,0.7471354236560918,0.2528645763439082,-0.0128942311894494,-0.0125736531327712,2,2,mu_0p075,0.075,0.075
lfr,150,1428,0.0638926174496644,5,22,30.0,39,6294.83378662,0.00796042,4.408146909397759,4.24953,11.0203,9.52,9.52,23.0,10.0,41.965558577466666,41.965558577466666,0.0763305322128851,0.9236694677871148,0.0689817080703505,0.9310182919296496,0.7111521079019842,0.7186285079451578,3,3,mu_0p075,0.075,0.075
null,150,1428,0.0638926174496644,5,22,30.0,39,6294.83378662,0.00796042,4.408146909397759,4.24953,11.0203,9.52,9.52,23.0,10.0,41.96555857746666,41.96555857746667,0.7815126050420168,0.2184873949579832,0.7854770541693548,0.2145229458306452,0.0059700350728526,0.0015407665495967,3,3,mu_0p075,0.075,0.075
lfr,150,1472,0.0658612975391498,4,26,37.5,48,6591.08421627,0.00792527,4.477638733879076,4.36861,12.7226,9.813333333333333,9.813333333333333,24.0,12.0,43.94056144180001,43.9405614418,0.0706521739130434,0.9293478260869564,0.0667693374609996,0.9332306625390004,0.6675967701441399,0.6724225596455301,4,4,mu_0p075,0.075,0.075
null,150,1472,0.0658612975391498,4,26,37.5,48,6591.08421627,0.00792527,4.477638733879076,4.36861,12.7226,9.813333333333333,9.813333333333333,24.0,12.0,43.94056144179999,43.94056144180001,0.7493206521739131,0.2506793478260869,0.7498405219994125,0.2501594780005874,-0.0110717081167296,-0.0105229795357911,4,4,mu_0p075,0.075,0.075
lfr,150,1514,0.0677404921700223,4,27,37.5,45,6940.37340435,0.00624845,4.5841303859643325,4.499079999999999,14.4918,10.093333333333334,10.093333333333334,24.0,13.0,46.269156029,46.26915602900001,0.0739762219286657,0.9260237780713342,0.0758345904011621,0.924165409598838,0.6649165254629186,0.6619379368391869,5,5,mu_0p075,0.075,0.075
null,150,1514,0.0677404921700223,4,27,37.5,45,6940.373404350001,0.00624845,4.584130385964333,4.499079999999999,14.4918,10.093333333333334,10.093333333333334,24.0,13.0,46.269156029,46.269156029,0.749669749009247,0.250330250990753,0.7529043254898733,0.2470956745101267,-0.0107770016176627,-0.0138750898461637,5,5,mu_0p075,0.075,0.075
lfr,150,1449,0.0648322147651006,5,22,30.0,41,6490.56451927,0.00901087,4.479340593008972,4.39646,13.3866,9.66,9.66,25.0,12.0,43.27043012846666,43.27043012846667,0.0759144237405107,0.9240855762594892,0.0743585442895006,0.9256414557104994,0.7160727204835585,0.7193504463629268,6,6,mu_0p075,0.075,0.075
null,150,1449,0.0648322147651006,5,22,30.0,41,6490.564519269999,0.00901087,4.479340593008971,4.39646,13.3866,9.66,9.66,25.0,12.0,43.27043012846666,43.27043012846666,0.8350586611456177,0.1649413388543823,0.8327472646212777,0.1672527353787223,-0.0430715169215484,-0.0409555273310188,6,6,mu_0p075,0.075,0.075
lfr,150,1489,0.0666219239373601,5,25,30.0,35,6732.86577524,0.00492574,4.521736585117528,4.4437,13.0093,9.926666666666666,9.926666666666666,24.0,10.0,44.88577183493333,44.88577183493333,0.0725319006044325,0.9274680993955676,0.0730667997346885,0.9269332002653116,0.7251922651041599,0.7247814092759368,7,7,mu_0p075,0.075,0.075
null,150,1489,0.0666219239373601,5,25,30.0,35,6732.86577524,0.00492574,4.521736585117528,4.4437,13.0093,9.926666666666666,9.926666666666666,24.0,10.0,44.88577183493334,44.88577183493333,0.8032236400268636,0.1967763599731363,0.8006126677236258,0.1993873322763741,-0.0054994743182712,-0.0026136629898829,7,7,mu_0p075,0.075,0.075
lfr,150,1449,0.0648322147651006,4,22,37.5,57,6473.18442959,0.00195258,4.467346052167012,4.30528,12.0678,9.66,9.66,25.0,10.0,43.15456286393334,43.15456286393334,0.0807453416149068,0.9192546583850932,0.0742389599457833,0.9257610400542168,0.6381383891510816,0.6444801572377762,8,8,mu_0p075,0.075,0.075
null,150,1449,0.0648322147651006,4,22,37.5,57,6473.18442959,0.00195258,4.467346052167012,4.30528,12.0678,9.66,9.66,25.0,10.0,43.15456286393334,43.154562863933336,0.7301587301587301,0.2698412698412699,0.7255715956307903,0.2744284043692097,-0.0112749993927417,-0.0054217705307084,8,8,mu_0p075,0.075,0.075
lfr,150,1587,0.0710067114093959,4,27,37.5,51,7423.23820256,0.00127516,4.6775287980844364,4.69108,10.825,10.58,10.58,25.0,12.0,49.48825468373333,49.48825468373333,0.0730938878386893,0.9269061121613108,0.0754039944948776,0.9245960055051224,0.664582546676307,0.6624299869630499,9,9,mu_0p075,0.075,0.075
null,150,1587,0.0710067114093959,4,27,37.5,51,7423.23820256,0.00127516,4.6775287980844364,4.69108,10.825,10.58,10.58,25.0,12.0,49.48825468373333,49.48825468373333,0.7429111531190926,0.2570888468809074,0.741595861076033,0.2584041389239669,-0.0052347186040962,-0.0041739067887211,9,9,mu_0p075,0.075,0.075
lfr,150,1443,0.0645637583892617,4,25,37.5,53,6441.41656812,0.00308214,4.463906145613306,4.37383,13.8567,9.62,9.62,24.0,12.0,42.9427771208,42.9427771208,0.0741510741510741,0.925848925848926,0.0768371557538396,0.9231628442461604,0.6630556672136714,0.6624515054477638,10,10,mu_0p075,0.075,0.075
null,150,1443,0.0645637583892617,4,25,37.5,53,6441.41656812,0.00308214,4.463906145613306,4.37383,13.8567,9.62,9.62,24.0,12.0,42.9427771208,42.9427771208,0.7581427581427581,0.2418572418572419,0.7627040606308578,0.2372959393691421,-0.0209360167780126,-0.0257883641720051,10,10,mu_0p075,0.075,0.075
lfr,150,1480,0.0662192393736017,4,32,37.5,44,6664.8702022,0.0397109,4.503290677162162,4.27907,12.0468,9.866666666666667,9.866666666666667,25.0,10.0,44.43246801466667,44.43246801466667,0.0702702702702702,0.9297297297297298,0.0701473154039332,0.9298526845960668,0.6743106281957634,0.6747672551562469,11,11,mu_0p075,0.075,0.075
null,150,1480,0.0662192393736017,4,32,37.5,44,6664.8702022,0.0397109,4.503290677162162,4.27907,12.0468,9.866666666666667,9.866666666666667,25.0,10.0,44.43246801466667,44.43246801466667,0.7554054054054054,0.2445945945945946,0.7538882720088746,0.2461117279911253,-0.0108245069393717,-0.0091009729960933,11,11,mu_0p075,0.075,0.075
lfr,150,1470,0.0657718120805369,5,23,30.0,45,6624.3670631,0.0481074,4.506372151768708,4.47583,10.9678,9.8,9.8,23.0,13.0,44.16244708733333,44.16244708733333,0.0721088435374149,0.927891156462585,0.0729736906930671,0.9270263093069327,0.7160919061502152,0.7155006942637636,12,12,mu_0p075,0.075,0.075
null,150,1470,0.0657718120805369,5,23,30.0,45,6624.3670631,0.0481074,4.506372151768708,4.47583,10.9678,9.8,9.8,23.0,13.0,44.16244708733333,44.16244708733333,0.8,0.1999999999999999,0.7968394960332705,0.2031605039667294,-0.0117992503123698,-0.0081876037478571,12,12,mu_0p075,0.075,0.075
lfr,150,1472,0.0658612975391498,4,30,37.5,43,6587.596206769,0.000869739,4.4752691622072005,4.37312,11.7671,9.813333333333333,9.813333333333333,24.0,10.0,43.91730804512667,43.91730804512667,0.0754076086956521,0.9245923913043478,0.0722334402160306,0.9277665597839692,0.6698867999763705,0.6729059569015783,13,13,mu_0p075,0.075,0.075
null,150,1472,0.0658612975391498,4,30,37.5,43,6587.596206769,0.000869739,4.4752691622072005,4.37312,11.7671,9.813333333333333,9.813333333333333,24.0,10.0,43.91730804512667,43.91730804512667,0.7595108695652174,0.2404891304347826,0.7577179308000086,0.2422820691999914,-0.0142164608931947,-0.0127595465960151,13,13,mu_0p075,0.075,0.075
lfr,150,1447,0.0647427293064877,4,31,37.5,51,6426.40505059,0.00475329,4.441192156592951,4.40586,11.3821,9.646666666666668,9.646666666666668,24.0,10.0,42.84270033726667,42.84270033726666,0.0843123704215618,0.9156876295784382,0.0726215320877033,0.9273784679122966,0.6533337090441391,0.6652122548706956,14,14,mu_0p075,0.075,0.075
null,150,1447,0.0647427293064877,4,31,37.5,51,6426.40505059,0.00475329,4.44119215659295,4.40586,11.3821,9.646666666666668,9.646666666666668,24.0,10.0,42.84270033726667,42.84270033726666,0.7332411886662059,0.2667588113337941,0.7316042081518584,0.2683957918481415,0.0044048907994951,0.0062966381198972,14,14,mu_0p075,0.075,0.075
lfr,150,1463,0.0654586129753915,5,22,30.0,36,6547.92857669,0.00993669,4.4756859717635,4.43862,11.5331,9.753333333333334,9.753333333333334,25.0,10.0,43.65285717793333,43.652857177933335,0.0710868079289132,0.9289131920710868,0.0723043022148125,0.9276956977851876,0.7251473928093708,0.7240162984009426,15,15,mu_0p075,0.075,0.075
null,150,1463,0.0654586129753915,5,22,30.0,36,6547.928576689999,0.00993669,4.475685971763499,4.43862,11.5331,9.753333333333334,9.753333333333334,25.0,10.0,43.65285717793333,43.65285717793333,0.7833219412166781,0.2166780587833219,0.7811644500673002,0.2188355499326998,0.0129122595216058,0.0150090985064155,15,15,mu_0p075,0.075,0.075
lfr,150,1454,0.0650559284116331,5,25,30.0,39,6460.29385088,0.00683579,4.443118191801926,4.34195,10.7391,9.693333333333332,9.693333333333332,25.0,10.0,43.06862567253333,43.06862567253333,0.0749656121045392,0.9250343878954608,0.0693242492087253,0.9306757507912746,0.7198299431062439,0.7258101586577224,16,16,mu_0p075,0.075,0.075
null,150,1454,0.0650559284116331,5,25,30.0,39,6460.29385088,0.00683579,4.443118191801926,4.34195,10.7391,9.693333333333332,9.693333333333332,25.0,10.0,43.06862567253333,43.06862567253333,0.7957359009628611,0.2042640990371389,0.7941891601697205,0.2058108398302794,-0.0009403457520779,0.000845099643708,16,16,mu_0p075,0.075,0.075
lfr,150,1467,0.0656375838926174,5,26,30.0,33,6605.10389091,0.00541651,4.5024566400204495,4.4637,9.86304,9.78,9.78,25.0,12.0,44.0340259394,44.0340259394,0.0831629175187457,0.9168370824812544,0.0741007361872953,0.9258992638127046,0.7147422806398805,0.7235929817028238,17,17,mu_0p075,0.075,0.075
null,150,1467,0.0656375838926174,5,26,30.0,33,6605.10389091,0.00541651,4.5024566400204495,4.4637,9.86304,9.78,9.78,25.0,12.0,44.0340259394,44.0340259394,0.8050443081117927,0.1949556918882072,0.8006024706269165,0.1993975293730835,-0.0071391099531664,-0.0025552495882806,17,17,mu_0p075,0.075,0.075
lfr,150,1521,0.0680536912751677,4,23,37.5,62,6975.60177286,0.00146237,4.58619445947403,4.63813,12.8106,10.14,10.14,24.0,11.0,46.50401181906667,46.50401181906667,0.0756081525312294,0.9243918474687706,0.0763553812564652,0.9236446187435348,0.6305473102620729,0.6307718840752432,18,18,mu_0p075,0.075,0.075
null,150,1521,0.0680536912751677,4,23,37.5,62,6975.60177286,0.00146237,4.58619445947403,4.63813,12.8106,10.14,10.14,24.0,11.0,46.50401181906668,46.50401181906667,0.722550953320184,0.2774490466798159,0.7223940783956111,0.2776059216043889,-0.0163954905268817,-0.0154044618176197,18,18,mu_0p075,0.075,0.075
lfr,150,1581,0.070738255033557,4,29,37.5,51,7386.964950400001,0.0100612,4.672337097027199,4.60788,13.7566,10.54,10.54,25.0,12.0,49.24643300266667,49.24643300266667,0.0809614168247944,0.9190385831752056,0.0759200827627633,0.9240799172372368,0.6554971052916891,0.6605144303552604,19,19,mu_0p075,0.075,0.075
null,150,1581,0.070738255033557,4,29,37.5,51,7386.9649504,0.0100612,4.672337097027198,4.60788,13.7566,10.54,10.54,25.0,12.0,49.24643300266666,49.24643300266667,0.7488931056293485,0.2511068943706515,0.7483098403764163,0.2516901596235836,-0.0124345835128648,-0.0131833530937505,19,19,mu_0p075,0.075,0.075
lfr,150,1396,0.0624608501118568,5,23,30.0,35,6105.6878505,0.0172181,4.373701898638969,4.256745,11.314,9.306666666666668,9.306666666666668,20.0,10.0,40.70458567,40.70458567,0.076647564469914,0.923352435530086,0.0743994930010711,0.9256005069989288,0.7184305752826331,0.7205825902691589,20,20,mu_0p075,0.075,0.075
null,150,1396,0.0624608501118568,5,23,30.0,35,6105.6878505,0.0172181,4.373701898638969,4.256745,11.314,9.306666666666668,9.306666666666668,20.0,10.0,40.70458567,40.70458567,0.7994269340974212,0.2005730659025788,0.7966338039049409,0.2033661960950591,-0.004348794344874,-0.00120358121781,20,20,mu_0p075,0.075,0.075
lfr,150,1504,0.0672930648769574,3,38,50.0,70,6843.549091507,0.000832117,4.550232108714761,4.48648,12.2899,10.026666666666667,10.026666666666667,25.0,11.0,45.62366061004667,45.62366061004667,0.0751329787234042,0.9248670212765956,0.0737177164598825,0.9262822835401174,0.5630358052286102,0.566014646885037,21,21,mu_0p075,0.075,0.075
null,150,1504,0.0672930648769574,3,38,50.0,70,6843.549091507,0.000832117,4.550232108714761,4.48648,12.2899,10.026666666666667,10.026666666666667,25.0,11.0,45.62366061004667,45.62366061004667,0.6349734042553191,0.3650265957446809,0.6350378700714479,0.3649621299285521,0.0031953796966953,0.0038639137033267,21,21,mu_0p075,0.075,0.075
lfr,150,1453,0.0650111856823266,4,34,37.5,42,6477.761853800001,0.0080173,4.458198109979353,4.44477,10.6857,9.686666666666667,9.686666666666667,25.0,11.0,43.18507902533333,43.18507902533334,0.0777701307639366,0.9222298692360632,0.0712877555893948,0.9287122444106052,0.6711254072903251,0.6774665323537069,22,22,mu_0p075,0.075,0.075
null,150,1453,0.0650111856823266,4,34,37.5,42,6477.7618538,0.0080173,4.458198109979353,4.44477,10.6857,9.686666666666667,9.686666666666667,25.0,11.0,43.18507902533334,43.18507902533334,0.7522367515485203,0.2477632484514796,0.7467908134909584,0.2532091865090415,-0.0033412134942584,0.0019721615477198,22,22,mu_0p075,0.075,0.075
lfr,150,1499,0.067069351230425,6,24,25.0,27,6830.788584666399,7.74064e-05,4.556896987769446,4.47895,14.4854,9.993333333333334,9.993333333333334,25.0,10.0,45.53859056444266,45.53859056444266,0.0800533689126084,0.9199466310873916,0.0767464631892136,0.9232535368107864,0.7527184011044054,0.7560809273476897,23,23,mu_0p075,0.075,0.075
null,150,1499,0.067069351230425,6,24,25.0,27,6830.7885846664,7.74064e-05,4.556896987769447,4.47895,14.4854,9.993333333333334,9.993333333333334,25.0,10.0,45.53859056444267,45.53859056444267,0.8432288192128086,0.1567711807871914,0.8446283682556935,0.1553716317443064,-0.0104570491957947,-0.0117611040687877,23,23,mu_0p075,0.075,0.075
lfr,150,1453,0.0650111856823266,5,23,30.0,33,6470.1666122,0.0146606,4.452970827391604,4.4024,13.8891,9.686666666666667,9.686666666666667,25.0,12.0,43.134444081333335,43.134444081333335,0.0777701307639366,0.9222298692360632,0.0715027819110045,0.9284972180889954,0.7183485860471417,0.7245551916163591,24,24,mu_0p075,0.075,0.075
null,150,1453,0.0650111856823266,5,23,30.0,33,6470.1666122,0.0146606,4.452970827391604,4.4024,13.8891,9.686666666666667,9.686666666666667,25.0,12.0,43.13444408133333,43.13444408133333,0.8011011699931176,0.1988988300068823,0.8030534533380869,0.1969465466619131,-0.0049824531820392,-0.0065864422524955,24,24,mu_0p075,0.075,0.075
lfr,150,1474,0.0659507829977628,6,22,25.0,28,6669.972077877,0.000379537,4.525082820812076,4.60942,11.4773,9.826666666666666,9.826666666666666,25.0,14.0,44.46648051918,44.46648051918,0.0800542740841248,0.9199457259158752,0.0767276702063635,0.9232723297936364,0.7523887592995918,0.7554727389137655,25,25,mu_0p075,0.075,0.075
null,150,1474,0.0659507829977628,6,22,25.0,28,6669.972077877,0.000379537,4.525082820812076,4.60942,11.4773,9.826666666666666,9.826666666666666,25.0,14.0,44.46648051918,44.46648051918,0.8554952510176391,0.1445047489823608,0.8560132653050496,0.1439867346949503,-0.0230522176339224,-0.0233098694049328,25,25,mu_0p075,0.075,0.075
lfr,150,1450,0.0648769574944071,4,32,37.5,43,6455.816858523,0.000265123,4.452287488636552,4.379390000000001,10.391,9.666666666666666,9.666666666666666,25.0,11.0,43.03877905681999,43.03877905682,0.0737931034482758,0.9262068965517242,0.07091230413679,0.92908769586321,0.6740803804994054,0.6770827937036331,26,26,mu_0p075,0.075,0.075
null,150,1450,0.0648769574944071,4,32,37.5,43,6455.816858523,0.000265123,4.452287488636552,4.379390000000001,10.391,9.666666666666666,9.666666666666666,25.0,11.0,43.038779056820005,43.03877905682,0.7613793103448275,0.2386206896551724,0.7626991850028261,0.2373008149971739,-0.0135058263971462,-0.0145573292462979,26,26,mu_0p075,0.075,0.075
lfr,150,1485,0.0664429530201342,4,24,37.5,50,6734.204048900001,0.0179111,4.534817541346802,4.43935,12.7642,9.9,9.9,25.0,10.0,44.894693659333335,44.89469365933334,0.0754208754208754,0.9245791245791246,0.0733408633468234,0.9266591366531766,0.6593417905202417,0.6613754059884808,27,27,mu_0p075,0.075,0.075
null,150,1485,0.0664429530201342,4,24,37.5,50,6734.2040489,0.0179111,4.5348175413468015,4.43935,12.7642,9.9,9.9,25.0,10.0,44.89469365933333,44.894693659333335,0.7454545454545455,0.2545454545454545,0.7452293732797937,0.2547706267202063,-0.0106918795134283,-0.010642867838519,27,27,mu_0p075,0.075,0.075
lfr,150,1449,0.0648322147651006,4,23,37.5,49,6446.96175,1.8656,4.449248964803313,4.29679,14.2613,9.66,9.66,25.0,11.0,42.979745,42.979745,0.048999309868875,0.9510006901311248,0.0699260174763717,0.9300739825236284,0.6862175241867383,0.6660059362111563,28,28,mu_0p075,0.075,0.075
null,150,1449,0.0648322147651006,4,23,37.5,49,6446.96175,1.8656,4.449248964803313,4.29679,14.2613,9.66,9.66,25.0,11.0,42.979745,42.979745,0.7273982056590752,0.2726017943409248,0.7317957935767185,0.2682042064232814,0.0078186283965381,0.0034923000137523,28,28,mu_0p075,0.075,0.075
lfr,150,1486,0.0664876957494407,4,28,37.5,44,6732.9428398,0.0097247,4.530917119650067,4.5592950000000005,12.1828,9.906666666666666,9.906666666666666,25.0,10.0,44.88628559866667,44.88628559866667,0.0740242261103634,0.9259757738896366,0.0745875142191044,0.9254124857808956,0.6680774713838808,0.6677406414880499,29,29,mu_0p075,0.075,0.075
null,150,1486,0.0664876957494407,4,28,37.5,44,6732.9428398,0.0097247,4.530917119650067,4.5592950000000005,12.1828,9.906666666666666,9.906666666666666,25.0,10.0,44.88628559866665,44.88628559866667,0.7462987886944819,0.2537012113055181,0.7460892782433323,0.2539107217566677,-0.0041970912002376,-0.0031225175674729,29,29,mu_0p075,0.075,0.075
lfr,150,1514,0.0677404921700223,6,20,25.0,29,6913.8787258,0.0217993,4.566630598282695,4.43053,16.1323,10.093333333333334,10.093333333333334,25.0,13.0,46.09252483866666,46.09252483866666,0.0726552179656539,0.927344782034346,0.0720739393273551,0.9279260606726448,0.757602316730332,0.7578368300677356,30,30,mu_0p075,0.075,0.075
null,150,1514,0.0677404921700223,6,20,25.0,29,6913.878725799999,0.0217993,4.566630598282695,4.43053,16.1323,10.093333333333334,10.093333333333334,25.0,13.0,46.09252483866668,46.09252483866666,0.8183619550858653,0.1816380449141347,0.8219331199134466,0.1780668800865533,0.0118955796101205,0.0083181650802037,30,30,mu_0p075,0.075,0.075
lfr,150,1501,0.067158836689038,4,36,37.5,40,6834.474635,0.201072,4.553280902731512,4.46733,11.9385,10.006666666666666,10.006666666666666,22.0,13.0,45.563164233333325,45.56316423333334,0.0646235842771485,0.9353764157228516,0.0751939296647927,0.9248060703352072,0.6855744848759499,0.6753306567672667,31,31,mu_0p075,0.075,0.075
null,150,1501,0.067158836689038,4,36,37.5,40,6834.4746350000005,0.201072,4.553280902731513,4.46733,11.9385,10.006666666666666,10.006666666666666,22.0,13.0,45.56316423333334,45.56316423333334,0.7561625582944703,0.2438374417055296,0.7552130632788571,0.2447869367211429,-0.0059644891413718,-0.0050087203280944,31,31,mu_0p075,0.075,0.075
lfr,150,1426,0.0638031319910514,5,25,30.0,43,6312.239762609999,0.00357471,4.426535597903225,4.366935,12.0179,9.506666666666666,9.506666666666666,24.0,10.0,42.0815984174,42.0815984174,0.0757363253856942,0.9242636746143058,0.075929936224701,0.924070063775299,0.7137576248748448,0.713526221436461,32,32,mu_0p075,0.075,0.075
null,150,1426,0.0638031319910514,5,25,30.0,43,6312.23976261,0.00357471,4.426535597903226,4.366935,12.0179,9.506666666666666,9.506666666666666,24.0,10.0,42.0815984174,42.0815984174,0.8008415147265077,0.1991584852734923,0.8036716663155424,0.1963283336844575,-0.0113475644659686,-0.014032067551956,32,32,mu_0p075,0.075,0.075
lfr,150,1492,0.0667561521252796,4,35,37.5,40,6773.06975659,0.00232059,4.539590989671582,4.492324999999999,13.7869,9.946666666666667,9.946666666666667,25.0,11.0,45.15379837726668,45.15379837726666,0.0750670241286863,0.9249329758713136,0.0756497577913571,0.9243502422086428,0.6736293296149617,0.6729815850684404,33,33,mu_0p075,0.075,0.075
null,150,1492,0.0667561521252796,4,35,37.5,40,6773.06975659,0.00232059,4.539590989671582,4.492324999999999,13.7869,9.946666666666667,9.946666666666667,25.0,11.0,45.15379837726666,45.15379837726667,0.7620643431635389,0.2379356568364611,0.7626199347606493,0.2373800652393507,-0.0133679894198908,-0.0136777445918838,33,33,mu_0p075,0.075,0.075
lfr,150,1413,0.0632214765100671,4,27,37.5,41,6201.24807475,0.00316745,4.388710597841472,4.32606,11.8308,9.42,9.42,24.0,11.0,41.34165383166668,41.34165383166666,0.0721868365180467,0.9278131634819532,0.0714951199187227,0.9285048800812772,0.6716852760911343,0.672483893178814,34,34,mu_0p075,0.075,0.075
null,150,1413,0.0632214765100671,4,27,37.5,41,6201.248074749999,0.00316745,4.388710597841472,4.32606,11.8308,9.42,9.42,24.0,11.0,41.34165383166666,41.34165383166666,0.7685774946921444,0.2314225053078555,0.7704272328990175,0.2295727671009825,-0.0247053820829633,-0.0268783764299988,34,34,mu_0p075,0.075,0.075
lfr,150,1428,0.0638926174496644,5,27,30.0,37,6316.85617181,0.00331301,4.423568747766106,4.3443950000000005,12.6551,9.52,9.52,25.0,10.0,42.11237447873334,42.11237447873333,0.0693277310924369,0.930672268907563,0.0724280210544837,0.9275719789455162,0.7272394251818375,0.7243270316990403,35,35,mu_0p075,0.075,0.075
null,150,1428,0.0638926174496644,5,27,30.0,37,6316.85617181,0.00331301,4.423568747766106,4.3443950000000005,12.6551,9.52,9.52,25.0,10.0,42.11237447873334,42.11237447873333,0.7843137254901961,0.2156862745098039,0.7868238855889362,0.2131761144110637,0.0122534307840783,0.0099891034354748,35,35,mu_0p075,0.075,0.075
lfr,150,1397,0.0625055928411633,5,23,30.0,39,6126.96303875,0.00240582,4.385800314065856,4.30303,12.5967,9.313333333333333,9.313333333333333,25.0,11.0,40.846420258333325,40.84642025833333,0.0744452397995705,0.9255547602004296,0.0743548550674696,0.9256451449325304,0.7128723017776615,0.7122454998371902,36,36,mu_0p075,0.075,0.075
null,150,1397,0.0625055928411633,5,23,30.0,39,6126.96303875,0.00240582,4.385800314065856,4.30303,12.5967,9.313333333333333,9.313333333333333,25.0,11.0,40.84642025833333,40.84642025833333,0.8067287043664997,0.1932712956335003,0.8045234543728624,0.1954765456271375,-0.0194111627892677,-0.016472391469947,36,36,mu_0p075,0.075,0.075
lfr,150,1502,0.0672035794183445,4,22,37.5,62,6849.743694999999,0.026681,4.56041524300932,4.578685,12.1543,10.013333333333334,10.013333333333334,25.0,13.0,45.66495796666666,45.66495796666668,0.0659121171770972,0.9340878828229028,0.0701882459267696,0.9298117540732304,0.6504833324763609,0.6482593855057641,37,37,mu_0p075,0.075,0.075
null,150,1502,0.0672035794183445,4,22,37.5,62,6849.743695,0.026681,4.560415243009321,4.578685,12.1543,10.013333333333334,10.013333333333334,25.0,13.0,45.66495796666666,45.66495796666667,0.7250332889480693,0.2749667110519307,0.7243152018405556,0.2756847981594443,-0.0086378392946111,-0.0068473460673737,37,37,mu_0p075,0.075,0.075
lfr,150,1552,0.0694407158836689,5,22,30.0,41,7196.98388236,0.00437746,4.637231882963918,4.598520000000001,14.4841,10.346666666666666,10.346666666666666,25.0,13.0,47.97989254906667,47.97989254906667,0.0747422680412371,0.9252577319587628,0.0769684164108971,0.9230315835891028,0.7152858964820916,0.7131359729468941,38,38,mu_0p075,0.075,0.075
null,150,1552,0.0694407158836689,5,22,30.0,41,7196.98388236,0.00437746,4.637231882963918,4.598520000000001,14.4841,10.346666666666666,10.346666666666666,25.0,13.0,47.97989254906667,47.97989254906667,0.8067010309278351,0.1932989690721649,0.8058349356658869,0.194165064334113,-0.0166728664045063,-0.0163658177616666,38,38,mu_0p075,0.075,0.075
lfr,150,1463,0.0654586129753915,6,21,25.0,30,6574.8541181,0.00435447,4.494090306288449,4.46395,13.1941,9.753333333333334,9.753333333333334,24.0,12.0,43.83236078733334,43.832360787333336,0.0758714969241285,0.9241285030758716,0.0740715868903165,0.9259284131096834,0.7552590230936815,0.7570362800013514,39,39,mu_0p075,0.075,0.075
null,150,1463,0.0654586129753915,6,21,25.0,30,6574.8541181,0.00435447,4.494090306288449,4.46395,13.1941,9.753333333333334,9.753333333333334,24.0,12.0,43.832360787333336,43.832360787333336,0.8345864661654135,0.1654135338345864,0.8331167853626728,0.1668832146373272,-0.0034559461476035,-0.0019490541326781,39,39,mu_0p075,0.075,0.075
lfr,150,1457,0.0651901565995525,6,22,25.0,28,6532.967456861,0.000479841,4.483848632025395,4.42914,12.8935,9.713333333333331,9.713333333333331,25.0,13.0,43.553116379073344,43.55311637907334,0.0967741935483871,0.9032258064516128,0.0997612082357057,0.9002387917642942,0.7328288540541508,0.7287821627350517,40,0,mu_0p100,0.1,0.1
null,150,1457,0.0651901565995525,6,22,25.0,28,6532.967456861,0.000479841,4.483848632025395,4.42914,12.8935,9.713333333333331,9.713333333333331,25.0,13.0,43.55311637907334,43.55311637907334,0.8448867536032945,0.1551132463967055,0.8440152039025113,0.1559847960974887,-0.0152837060007565,-0.0139315036652317,40,0,mu_0p100,0.1,0.1
lfr,150,1479,0.0661744966442953,4,32,37.5,43,6681.79606622,0.00752282,4.5177796255713325,4.39302,11.5341,9.86,9.86,25.0,10.0,44.545307108133336,44.545307108133336,0.1000676132521974,0.8999323867478026,0.0990447403155164,0.9009552596844836,0.6467630441232471,0.6481392676520584,41,1,mu_0p100,0.1,0.1
null,150,1479,0.0661744966442953,4,32,37.5,43,6681.79606622,0.00752282,4.5177796255713325,4.39302,11.5341,9.86,9.86,25.0,10.0,44.545307108133336,44.545307108133336,0.7532116294793779,0.246788370520622,0.754183621481105,0.245816378518895,-0.0063809721039333,-0.0078086208687304,41,1,mu_0p100,0.1,0.1
lfr,150,1405,0.0628635346756152,4,24,37.5,44,6181.734074917,0.000976517,4.399810729478292,4.16862,13.1142,9.366666666666667,9.366666666666667,24.0,10.0,41.21156049944666,41.21156049944667,0.100355871886121,0.899644128113879,0.1002905135360945,0.8997094864639055,0.63828978862983,0.6383653125165245,42,2,mu_0p100,0.1,0.1
null,150,1405,0.0628635346756152,4,24,37.5,44,6181.734074917,0.000976517,4.399810729478292,4.16862,13.1142,9.366666666666667,9.366666666666667,24.0,10.0,41.21156049944668,41.21156049944666,0.7387900355871886,0.2612099644128114,0.73799329630307,0.26200670369693,-0.0001443750712376,0.0004885311950081,42,2,mu_0p100,0.1,0.1
lfr,150,1386,0.0620134228187919,4,29,37.5,43,6063.97572957,0.00353821,4.375162864047619,4.317625,13.178,9.24,9.24,24.0,11.0,40.426504863800005,40.4265048638,0.0988455988455988,0.9011544011544012,0.0997033227923014,0.9002966772076986,0.6472376829519686,0.6471977803376111,43,3,mu_0p100,0.1,0.1
null,150,1386,0.0620134228187919,4,29,37.5,43,6063.97572957,0.00353821,4.375162864047619,4.317625,13.178,9.24,9.24,24.0,11.0,40.4265048638,40.4265048638,0.7503607503607503,0.2496392496392496,0.7501902176631196,0.2498097823368804,-0.0042774685631828,-0.0035560676680705,43,3,mu_0p100,0.1,0.1
lfr,150,1580,0.0706935123042505,5,20,30.0,42,7409.485101730001,0.00259944,4.689547532740507,4.66103,15.7322,10.533333333333331,10.533333333333331,25.0,13.0,49.39656734486667,49.39656734486667,0.1012658227848101,0.8987341772151899,0.1045167405153683,0.8954832594846317,0.6790962986700849,0.6741479439802485,44,4,mu_0p100,0.1,0.1
null,150,1580,0.0706935123042505,5,20,30.0,42,7409.485101730001,0.00259944,4.689547532740507,4.66103,15.7322,10.533333333333331,10.533333333333331,25.0,13.0,49.39656734486667,49.39656734486667,0.7892405063291139,0.2107594936708861,0.7921884359534666,0.2078115640465334,-0.0088783848742188,-0.0110248518018907,44,4,mu_0p100,0.1,0.1
lfr,150,1445,0.0646532438478747,5,26,30.0,36,6480.098785369999,0.00486603,4.484497429321799,4.36732,12.7573,9.633333333333333,9.633333333333333,24.0,10.0,43.20065856913334,43.20065856913333,0.0975778546712802,0.9024221453287198,0.1069320682169871,0.8930679317830129,0.69865447013326,0.6896205411680703,45,5,mu_0p100,0.1,0.1
null,150,1445,0.0646532438478747,5,26,30.0,36,6480.098785370001,0.00486603,4.4844974293218,4.36732,12.7573,9.633333333333333,9.633333333333333,24.0,10.0,43.20065856913334,43.20065856913333,0.7923875432525952,0.2076124567474048,0.780884569475135,0.219115430524865,0.003844781551945,0.0155732268978405,45,5,mu_0p100,0.1,0.1
lfr,150,1445,0.0646532438478747,5,26,30.0,34,6425.71716611,0.00116005,4.446863090733564,4.41601,12.2355,9.633333333333333,9.633333333333333,23.0,10.0,42.838114440733335,42.838114440733335,0.0968858131487889,0.903114186851211,0.0999115273071777,0.9000884726928222,0.7000174806336131,0.6967964118343185,46,6,mu_0p100,0.1,0.1
null,150,1445,0.0646532438478747,5,26,30.0,34,6425.71716611,0.00116005,4.446863090733564,4.41601,12.2355,9.633333333333333,9.633333333333333,23.0,10.0,42.838114440733335,42.838114440733335,0.8062283737024222,0.1937716262975778,0.8059846259130141,0.1940153740869858,-0.00932507992002,-0.0090783375660243,46,6,mu_0p100,0.1,0.1
lfr,150,1559,0.0697539149888143,5,22,30.0,40,7272.209565718,0.000399348,4.664662967105837,4.55116,13.6409,10.393333333333333,10.393333333333333,25.0,11.0,48.481397104786666,48.48139710478667,0.096215522771007,0.9037844772289928,0.1055958892243752,0.8944041107756248,0.6938490776105635,0.6850016990427804,47,7,mu_0p100,0.1,0.1
null,150,1559,0.0697539149888143,5,22,30.0,40,7272.209565718,0.000399348,4.664662967105837,4.55116,13.6409,10.393333333333333,10.393333333333333,25.0,11.0,48.48139710478666,48.481397104786666,0.7876844130853111,0.2123155869146888,0.789773043896451,0.210226956103549,0.0023801872962594,-7.819626835579505e-05,47,7,mu_0p100,0.1,0.1
lfr,150,1473,0.0659060402684563,5,22,30.0,44,6666.19498738,0.00133943,4.525590622797013,4.42229,16.0553,9.82,9.82,25.0,12.0,44.441299915866665,44.44129991586667,0.1031907671418873,0.8968092328581126,0.1019614095697399,0.8980385904302601,0.6862709582625295,0.6878822598691156,48,8,mu_0p100,0.1,0.1
null,150,1473,0.0659060402684563,5,22,30.0,44,6666.19498738,0.00133943,4.525590622797012,4.42229,16.0553,9.82,9.82,25.0,12.0,44.44129991586667,44.44129991586667,0.7881873727087576,0.2118126272912424,0.7849725510289377,0.2150274489710623,0.0012743526956592,0.0039687687694896,48,8,mu_0p100,0.1,0.1
lfr,150,1564,0.0699776286353467,5,26,30.0,37,7434.679518049999,0.00662305,4.753631405402813,4.59406,14.2601,10.426666666666666,10.426666666666666,25.0,14.0,49.56453012033333,49.56453012033333,0.0991048593350383,0.9008951406649616,0.1206259497632279,0.8793740502367721,0.6964350540616557,0.6761770444078201,49,9,mu_0p100,0.1,0.1
null,150,1564,0.0699776286353467,5,26,30.0,37,7434.679518049999,0.00662305,4.753631405402813,4.59406,14.2601,10.426666666666666,10.426666666666666,25.0,14.0,49.56453012033334,49.56453012033333,0.7851662404092071,0.2148337595907928,0.7783225943164432,0.2216774056835567,0.0103736729874869,0.0171606732073884,49,9,mu_0p100,0.1,0.1
lfr,150,1546,0.0691722595078299,5,23,30.0,49,7164.75654237,0.00146151,4.634383274495472,4.586325,12.0359,10.306666666666668,10.306666666666668,25.0,11.0,47.7650436158,47.7650436158,0.09379042690815,0.90620957309185,0.1015148020827807,0.8984851979172193,0.6851792967370622,0.6780541383210862,50,10,mu_0p100,0.1,0.1
null,150,1546,0.0691722595078299,5,23,30.0,49,7164.75654237,0.00146151,4.634383274495472,4.586325,12.0359,10.306666666666668,10.306666666666668,25.0,11.0,47.7650436158,47.7650436158,0.758732212160414,0.241267787839586,0.759053741492666,0.2409462585073339,0.0202375114847982,0.019229241164911,50,10,mu_0p100,0.1,0.1
lfr,150,1514,0.0677404921700223,4,26,37.5,45,6940.6953364500005,0.00144153,4.584343022754293,4.5473,11.5494,10.093333333333334,10.093333333333334,25.0,11.0,46.271302243,46.271302243,0.1003963011889035,0.8996036988110965,0.1015969758457469,0.8984030241542531,0.6405887629155622,0.6399248153940752,51,11,mu_0p100,0.1,0.1
null,150,1514,0.0677404921700223,4,26,37.5,45,6940.6953364500005,0.00144153,4.584343022754293,4.5473,11.5494,10.093333333333334,10.093333333333334,25.0,11.0,46.271302243,46.271302243,0.7602377807133421,0.2397622192866578,0.7602972615347577,0.2397027384652422,-0.0192527166088763,-0.0184426236636702,51,11,mu_0p100,0.1,0.1
lfr,150,1536,0.0687248322147651,5,22,30.0,40,7159.65836609,0.00303166,4.661235915423177,4.63405,12.362,10.24,10.24,24.0,12.0,47.73105577393334,47.73105577393333,0.1015625,0.8984375,0.1090126981179186,0.8909873018820814,0.6903962029351128,0.6836036702702868,52,12,mu_0p100,0.1,0.1
null,150,1536,0.0687248322147651,5,22,30.0,40,7159.65836609,0.00303166,4.661235915423177,4.63405,12.362,10.24,10.24,24.0,12.0,47.73105577393333,47.731055773933335,0.7799479166666666,0.2200520833333333,0.7864296326760275,0.2135703673239725,0.0120107862684461,0.0060703804787233,52,12,mu_0p100,0.1,0.1
lfr,150,1471,0.0658165548098434,5,25,30.0,40,6639.249342900001,0.0254087,4.513425793949694,4.42866,12.2555,9.806666666666668,9.806666666666668,25.0,10.0,44.261662286,44.261662286,0.1006118286879673,0.8993881713120326,0.1041302137024457,0.8958697862975542,0.6926197442418366,0.6893821672350902,53,13,mu_0p100,0.1,0.1
null,150,1471,0.0658165548098434,5,25,30.0,40,6639.249342900001,0.0254087,4.513425793949694,4.42866,12.2555,9.806666666666668,9.806666666666668,25.0,10.0,44.26166228599999,44.261662286,0.8144119646498981,0.1855880353501019,0.8138937716925251,0.1861062283074749,-0.021180391720094,-0.0209587442108482,53,13,mu_0p100,0.1,0.1
lfr,150,1541,0.0689485458612975,5,25,30.0,35,7131.96984731,0.0025196,4.6281439632122,4.55657,12.1933,10.273333333333332,10.273333333333332,24.0,11.0,47.54646564873333,47.54646564873333,0.0966904607397793,0.9033095392602206,0.1025854669851072,0.8974145330148927,0.6998931645976869,0.6938375248076909,54,14,mu_0p100,0.1,0.1
null,150,1541,0.0689485458612975,5,25,30.0,35,7131.96984731,0.0025196,4.6281439632122,4.55657,12.1933,10.273333333333332,10.273333333333332,24.0,11.0,47.54646564873333,47.54646564873333,0.7923426346528228,0.2076573653471771,0.7927898981376938,0.2072101018623061,0.0042409906846435,0.0038298423363144,54,14,mu_0p100,0.1,0.1
lfr,150,1529,0.0684116331096196,4,33,37.5,42,7051.1961909,0.0673519,4.611639104578156,4.59267,13.0295,10.193333333333332,10.193333333333332,24.0,11.0,47.00797460600001,47.007974606,0.0987573577501635,0.9012426422498364,0.1039222553253719,0.8960777446746281,0.6482130307407561,0.6431230993661696,55,15,mu_0p100,0.1,0.1
null,150,1529,0.0684116331096196,4,33,37.5,42,7051.1961909,0.0673519,4.611639104578156,4.59267,13.0295,10.193333333333332,10.193333333333332,24.0,11.0,47.007974606,47.007974606,0.7580117724002616,0.2419882275997383,0.7617246843779067,0.2382753156220932,-0.011041383909342,-0.0149358052340281,55,15,mu_0p100,0.1,0.1
lfr,150,1472,0.0658612975391498,5,22,30.0,45,6649.180997240001,0.00557024,4.517106655733696,4.399955,11.2935,9.813333333333333,9.813333333333333,25.0,10.0,44.32787331493333,44.32787331493333,0.1025815217391304,0.8974184782608696,0.1037409956995191,0.8962590043004808,0.6809474317698487,0.6796491393473931,56,16,mu_0p100,0.1,0.1
null,150,1472,0.0658612975391498,5,22,30.0,45,6649.180997240001,0.00557024,4.517106655733696,4.399955,11.2935,9.813333333333333,9.813333333333333,25.0,10.0,44.32787331493333,44.327873314933335,0.7921195652173914,0.2078804347826086,0.7964356231749681,0.2035643768250319,-0.0085906117084121,-0.0125722739671395,56,16,mu_0p100,0.1,0.1
lfr,150,1525,0.0682326621923937,4,28,37.5,45,7055.463908543999,0.000255874,4.626533710520655,4.53898,12.9256,10.166666666666666,10.166666666666666,25.0,11.0,47.03642605696001,47.03642605696,0.100327868852459,0.899672131147541,0.1058286610522945,0.8941713389477055,0.6419203439935501,0.6366767686762619,57,17,mu_0p100,0.1,0.1
null,150,1525,0.0682326621923937,4,28,37.5,45,7055.463908544,0.000255874,4.626533710520656,4.53898,12.9256,10.166666666666666,10.166666666666666,25.0,11.0,47.03642605696,47.03642605696,0.7521311475409836,0.2478688524590163,0.7481864494944829,0.2518135505055171,-0.0098829346949744,-0.006340189970661,57,17,mu_0p100,0.1,0.1
lfr,150,1443,0.0645637583892617,4,27,37.5,51,6474.397555137,0.000124137,4.4867619924719335,4.30662,13.5787,9.62,9.62,23.0,12.0,43.16265036758001,43.16265036758,0.088011088011088,0.911988911988912,0.1095937867723331,0.8904062132276669,0.6476756622286768,0.6265493051430867,58,18,mu_0p100,0.1,0.1
null,150,1443,0.0645637583892617,4,27,37.5,51,6474.397555137,0.000124137,4.4867619924719335,4.30662,13.5787,9.62,9.62,23.0,12.0,43.16265036758,43.16265036758,0.7394317394317395,0.2605682605682605,0.7370721200385133,0.2629278799614867,-0.0037449891919746,-0.0010705693712669,58,18,mu_0p100,0.1,0.1
lfr,150,1428,0.0638926174496644,5,22,30.0,39,6317.9787298930005,0.000739513,4.424354852866247,4.300485,14.4934,9.52,9.52,23.0,10.0,42.11985819928667,42.11985819928667,0.0973389355742296,0.9026610644257704,0.0984772925792258,0.901522707420774,0.6901437045406398,0.6890009785215687,59,19,mu_0p100,0.1,0.1
null,150,1428,0.0638926174496644,5,22,30.0,39,6317.9787298930005,0.000739513,4.424354852866247,4.300485,14.4934,9.52,9.52,23.0,10.0,42.11985819928667,42.11985819928667,0.7969187675070029,0.2030812324929971,0.7950874514859396,0.2049125485140603,-0.0094361273921333,-0.0072620379792281,59,19,mu_0p100,0.1,0.1
lfr,150,1472,0.0658612975391498,4,26,37.5,48,6619.7649829,0.0203099,4.497122950339674,4.318925,12.2063,9.813333333333333,9.813333333333333,24.0,11.0,44.131766552666654,44.13176655266667,0.0944293478260869,0.9055706521739132,0.0979520065402592,0.9020479934597408,0.6434042341091682,0.640552417945117,60,20,mu_0p100,0.1,0.1
null,150,1472,0.0658612975391498,4,26,37.5,48,6619.7649829,0.0203099,4.497122950339674,4.318925,12.2063,9.813333333333333,9.813333333333333,24.0,11.0,44.13176655266668,44.13176655266666,0.7595108695652174,0.2404891304347826,0.7618258717684432,0.2381741282315568,-0.0216772876299621,-0.0230809432615561,60,20,mu_0p100,0.1,0.1
lfr,150,1514,0.0677404921700223,4,27,37.5,45,6954.6307166100005,0.00280112,4.593547368963012,4.564705,13.6249,10.093333333333334,10.093333333333334,24.0,12.0,46.364204777400005,46.3642047774,0.1043593130779392,0.8956406869220608,0.1039194036404978,0.8960805963595022,0.6350988309900201,0.6351218649875965,61,21,mu_0p100,0.1,0.1
null,150,1514,0.0677404921700223,4,27,37.5,45,6954.6307166100005,0.00280112,4.593547368963012,4.564705,13.6249,10.093333333333334,10.093333333333334,24.0,12.0,46.3642047774,46.3642047774,0.7192866578599736,0.2807133421400264,0.7201961214198674,0.2798038785801325,0.0201714862079857,0.0203971387173621,61,21,mu_0p100,0.1,0.1
lfr,150,1449,0.0648322147651006,5,22,30.0,41,6490.83349622,0.00133042,4.479526222374051,4.43812,14.1371,9.66,9.66,25.0,12.0,43.27222330813333,43.27222330813333,0.1028295376121463,0.8971704623878537,0.1012439999582029,0.8987560000417971,0.6886932326665876,0.6910422665889348,62,22,mu_0p100,0.1,0.1
null,150,1449,0.0648322147651006,5,22,30.0,41,6490.833496220001,0.00133042,4.479526222374052,4.43812,14.1371,9.66,9.66,25.0,12.0,43.27222330813333,43.27222330813333,0.8088336783988958,0.1911663216011042,0.8075421698650116,0.1924578301349884,-0.0173109081201618,-0.0167790870284168,62,22,mu_0p100,0.1,0.1
lfr,150,1489,0.0666219239373601,5,25,30.0,35,6736.248522439,0.000676788,4.524008409965749,4.48622,12.3244,9.926666666666666,9.926666666666666,24.0,10.0,44.90832348292667,44.90832348292667,0.0987239758226998,0.9012760241773002,0.0993595144551854,0.9006404855448146,0.6990001898858925,0.6983815084647915,63,23,mu_0p100,0.1,0.1
null,150,1489,0.0666219239373601,5,25,30.0,35,6736.248522439,0.000676788,4.524008409965749,4.48622,12.3244,9.926666666666666,9.926666666666666,24.0,10.0,44.90832348292667,44.90832348292666,0.7944929482874412,0.2055070517125587,0.7974877538357095,0.2025122461642905,0.0032312174211511,5.46300423157238e-05,63,23,mu_0p100,0.1,0.1
lfr,150,1449,0.0648322147651006,4,22,37.5,57,6494.0220896,0.0125016,4.481726769910283,4.30509,12.485,9.66,9.66,25.0,10.0,43.29348059733333,43.29348059733334,0.1021394064872325,0.8978605935127675,0.1028737661163622,0.8971262338836377,0.6167443242787558,0.6156887353166504,64,24,mu_0p100,0.1,0.1
null,150,1449,0.0648322147651006,4,22,37.5,57,6494.0220896,0.0125016,4.481726769910283,4.30509,12.485,9.66,9.66,25.0,10.0,43.29348059733334,43.293480597333335,0.7142857142857143,0.2857142857142857,0.717318342273599,0.2826816577264009,0.004598016480274,0.0016189155671473,64,24,mu_0p100,0.1,0.1
lfr,150,1587,0.0710067114093959,4,27,37.5,51,7428.11882249,0.00166511,4.680604172961562,4.62113,14.6217,10.58,10.58,25.0,11.0,49.52079214993333,49.52079214993333,0.1001890359168242,0.8998109640831758,0.1017269891001418,0.8982730108998581,0.6372698147241549,0.6360682988275266,65,25,mu_0p100,0.1,0.1
null,150,1587,0.0710067114093959,4,27,37.5,51,7428.118822490001,0.00166511,4.680604172961563,4.62113,14.6217,10.58,10.58,25.0,11.0,49.52079214993334,49.52079214993333,0.7385003150598614,0.2614996849401386,0.7352731155368312,0.2647268844631688,-0.0010414644188823,0.0012121330819323,65,25,mu_0p100,0.1,0.1
lfr,150,1444,0.0646085011185682,4,25,37.5,53,6473.1194884,0.0119609,4.482769728808864,4.396685,11.6138,9.626666666666669,9.626666666666669,24.0,11.0,43.154129922666655,43.15412992266666,0.1066481994459833,0.8933518005540166,0.1068946386112566,0.8931053613887434,0.6293498361737555,0.6311848201776247,66,26,mu_0p100,0.1,0.1
null,150,1444,0.0646085011185682,4,25,37.5,53,6473.1194884,0.0119609,4.482769728808864,4.396685,11.6138,9.626666666666669,9.626666666666669,24.0,11.0,43.15412992266666,43.15412992266666,0.7486149584487535,0.2513850415512465,0.7536776885151988,0.2463223114848012,-0.0126169228290145,-0.0184536237040746,66,26,mu_0p100,0.1,0.1
lfr,150,1480,0.0662192393736017,4,32,37.5,44,6686.690141,0.0208372,4.518033879054054,4.350765,13.009,9.866666666666667,9.866666666666667,25.0,10.0,44.57793427333333,44.57793427333333,0.0918918918918919,0.9081081081081082,0.0991835821632401,0.90081641783676,0.6526890065741418,0.6457057814400775,67,27,mu_0p100,0.1,0.1
null,150,1480,0.0662192393736017,4,32,37.5,44,6686.690141,0.0208372,4.518033879054054,4.350765,13.009,9.866666666666667,9.866666666666667,25.0,10.0,44.57793427333333,44.57793427333333,0.7547297297297297,0.2452702702702702,0.7532390726492921,0.2467609273507078,-0.0101488312636961,-0.0088263412557747,67,27,mu_0p100,0.1,0.1
lfr,150,1472,0.0658612975391498,5,23,30.0,45,6668.76145966,0.00194426,4.5304086003125,4.421045,12.9935,9.813333333333333,9.813333333333333,23.0,13.0,44.45840973106667,44.458409731066666,0.0971467391304347,0.9028532608695652,0.1050503731311627,0.8949496268688373,0.6907407475779773,0.6834933765652511,68,28,mu_0p100,0.1,0.1
null,150,1472,0.0658612975391498,5,23,30.0,45,6668.76145966,0.00194426,4.5304086003125,4.421045,12.9935,9.813333333333333,9.813333333333333,23.0,13.0,44.45840973106667,44.45840973106667,0.8050271739130435,0.1949728260869565,0.8017878846775562,0.1982121153224437,-0.0171396872046313,-0.0142263164801068,68,28,mu_0p100,0.1,0.1
lfr,150,1472,0.0658612975391498,4,30,37.5,43,6604.048520730001,0.00108092,4.486446005930707,4.422475,11.8718,9.813333333333333,9.813333333333333,24.0,10.0,44.026990138200006,44.02699013819999,0.1012228260869565,0.8987771739130435,0.1002852520921197,0.8997147479078802,0.6440715825850661,0.644911876800106,69,29,mu_0p100,0.1,0.1
null,150,1472,0.0658612975391498,4,30,37.5,43,6604.04852073,0.00108092,4.4864460059307065,4.422475,11.8718,9.813333333333333,9.813333333333333,24.0,10.0,44.0269901382,44.0269901382,0.7472826086956522,0.2527173913043478,0.755408375465501,0.244591624534499,-0.0019882000236294,-0.0095968261896802,69,29,mu_0p100,0.1,0.1
lfr,150,1447,0.0647427293064877,4,31,37.5,51,6449.921573475,0.000667948,4.457444072892191,4.30351,12.9508,9.646666666666668,9.646666666666668,24.0,10.0,42.99947715650001,42.9994771565,0.0988251554941257,0.9011748445058744,0.1017411275469895,0.8982588724530104,0.6388209239715753,0.6360104153053632,70,30,mu_0p100,0.1,0.1
null,150,1447,0.0647427293064877,4,31,37.5,51,6449.921573475,0.000667948,4.457444072892191,4.30351,12.9508,9.646666666666668,9.646666666666668,24.0,10.0,42.99947715650001,42.9994771565,0.7325501036627505,0.2674498963372494,0.7288492110323832,0.2711507889676168,0.0050959758029505,0.0098695719037325,70,30,mu_0p100,0.1,0.1
lfr,150,1463,0.0654586129753915,5,22,30.0,36,6556.7438161,0.0123536,4.481711425905673,4.44833,10.2662,9.753333333333334,9.753333333333334,25.0,10.0,43.711625440666666,43.711625440666666,0.0984278879015721,0.901572112098428,0.0993840409777664,0.9006159590222336,0.6978063128367118,0.6971820753250921,71,31,mu_0p100,0.1,0.1
null,150,1463,0.0654586129753915,5,22,30.0,36,6556.7438161,0.0123536,4.481711425905673,4.44833,10.2662,9.753333333333334,9.753333333333334,25.0,10.0,43.711625440666666,43.71162544066666,0.8017771701982228,0.1982228298017772,0.8052409202927255,0.1947590797072744,-0.0055429694599389,-0.0088241601702374,71,31,mu_0p100,0.1,0.1
lfr,150,1454,0.0650559284116331,5,25,30.0,39,6498.919390397,0.000135757,4.469683212102476,4.329255,10.6253,9.693333333333332,9.693333333333332,25.0,10.0,43.32612926931332,43.32612926931334,0.0990371389270976,0.9009628610729024,0.1011245425459654,0.8988754574540345,0.6957584162836855,0.6940589559702793,72,32,mu_0p100,0.1,0.1
null,150,1454,0.0650559284116331,5,25,30.0,39,6498.919390397,0.000135757,4.469683212102476,4.329255,10.6253,9.693333333333332,9.693333333333332,25.0,10.0,43.32612926931333,43.32612926931333,0.7888583218707015,0.2111416781292985,0.788205268731159,0.2117947312688409,0.0059372333400815,0.0063148820638728,72,32,mu_0p100,0.1,0.1
lfr,150,1467,0.0656375838926174,5,26,30.0,33,6647.57975099,0.00381009,4.531410873203818,4.43041,12.9176,9.78,9.78,25.0,11.0,44.31719833993333,44.31719833993333,0.1090661213360599,0.89093387866394,0.1067422652408683,0.8932577347591317,0.689211273325592,0.6917016819023479,73,33,mu_0p100,0.1,0.1
null,150,1467,0.0656375838926174,5,26,30.0,33,6647.57975099,0.00381009,4.531410873203818,4.43041,12.9176,9.78,9.78,25.0,11.0,44.31719833993333,44.31719833993333,0.8104976141785958,0.1895023858214042,0.8156430898000911,0.1843569101999088,-0.0122202195169437,-0.0174405161275721,73,33,mu_0p100,0.1,0.1
lfr,150,1521,0.0680536912751677,4,23,37.5,62,7024.48264251,0.00418594,4.618331783372781,4.62156,13.2752,10.14,10.14,24.0,11.0,46.8298842834,46.8298842834,0.1045364891518737,0.8954635108481263,0.1090297095867458,0.8909702904132542,0.6014426129734884,0.5970241257128315,74,34,mu_0p100,0.1,0.1
null,150,1521,0.0680536912751677,4,23,37.5,62,7024.48264251,0.00418594,4.618331783372781,4.62156,13.2752,10.14,10.14,24.0,11.0,46.829884283400006,46.8298842834,0.7166337935568705,0.2833662064431295,0.715521140094106,0.284478859905894,-0.0106546914315082,-0.0112892686864683,74,34,mu_0p100,0.1,0.1
lfr,150,1581,0.070738255033557,4,29,37.5,51,7383.319259007,0.000742607,4.670031156867172,4.53399,15.2555,10.54,10.54,25.0,11.0,49.22212839338,49.22212839338,0.1018342820999367,0.8981657179000633,0.1008626273472503,0.8991373726527496,0.6346130380494814,0.6352286537128744,75,35,mu_0p100,0.1,0.1
null,150,1581,0.070738255033557,4,29,37.5,51,7383.319259006999,0.000742607,4.670031156867172,4.53399,15.2555,10.54,10.54,25.0,11.0,49.22212839338,49.22212839338,0.74573055028463,0.25426944971537,0.7415952137173889,0.2584047862826111,-0.0092832301352117,-0.0055904085134547,75,35,mu_0p100,0.1,0.1
lfr,150,1396,0.0624608501118568,5,23,30.0,35,6117.760779358001,0.000319138,4.382350128479944,4.2616,13.7543,9.306666666666668,9.306666666666668,20.0,10.0,40.78507186238667,40.785071862386665,0.1024355300859598,0.8975644699140402,0.1017303849895404,0.8982696150104595,0.6926426096665873,0.6931665628282432,76,36,mu_0p100,0.1,0.1
null,150,1396,0.0624608501118568,5,23,30.0,35,6117.760779358,0.000319138,4.382350128479943,4.2616,13.7543,9.306666666666668,9.306666666666668,20.0,10.0,40.785071862386665,40.78507186238667,0.8101719197707736,0.1898280802292263,0.8124220702823187,0.1875779297176812,-0.0150937800182264,-0.0175509312745912,76,36,mu_0p100,0.1,0.1
lfr,150,1504,0.0672930648769574,3,38,50.0,70,6915.7361981,0.0276744,4.5982288551196815,4.44337,14.4917,10.026666666666667,10.026666666666667,25.0,11.0,46.10490798733333,46.10490798733333,0.0990691489361702,0.9009308510638298,0.1100927372430973,0.8899072627569027,0.5390996350158442,0.5305407167336409,77,37,mu_0p100,0.1,0.1
null,150,1504,0.0672930648769574,3,38,50.0,70,6915.7361981,0.0276744,4.598228855119681,4.44337,14.4917,10.026666666666667,10.026666666666667,25.0,11.0,46.10490798733333,46.10490798733334,0.6376329787234043,0.3623670212765957,0.6354482071348175,0.3645517928651824,0.0005358052286102,0.0027636783882102,77,37,mu_0p100,0.1,0.1
lfr,150,1453,0.0650111856823266,4,34,37.5,42,6525.00773112,0.00325305,4.490714198981418,4.41074,13.9851,9.686666666666667,9.686666666666667,25.0,10.0,43.500051540800015,43.5000515408,0.1004817618719889,0.899518238128011,0.1050263492948185,0.8949736507051815,0.6485885575516209,0.6446000005620517,78,38,mu_0p100,0.1,0.1
null,150,1453,0.0650111856823266,4,34,37.5,42,6525.00773112,0.00325305,4.490714198981418,4.41074,13.9851,9.686666666666667,9.686666666666667,25.0,10.0,43.5000515408,43.5000515408,0.7660013764624914,0.2339986235375085,0.7618039689076018,0.2381960310923981,-0.0169310570388815,-0.0128899464613548,78,38,mu_0p100,0.1,0.1
lfr,150,1499,0.067069351230425,6,24,25.0,27,6856.674808633001,0.000657123,4.5741659830773855,4.5306,12.3362,9.993333333333334,9.993333333333334,25.0,10.0,45.71116539088666,45.71116539088667,0.1034022681787858,0.8965977318212142,0.105864842491738,0.8941351575082619,0.7293695018382279,0.7271889568687244,79,39,mu_0p100,0.1,0.1
null,150,1499,0.067069351230425,6,24,25.0,27,6856.674808633,0.000657123,4.574165983077385,4.5306,12.3362,9.993333333333334,9.993333333333334,25.0,10.0,45.71116539088666,45.71116539088666,0.8619079386257505,0.1380920613742494,0.8583754586293998,0.1416245413706002,-0.0291361686087367,-0.0257828682639798,79,39,mu_0p100,0.1,0.1
lfr,150,1453,0.0650111856823266,5,23,30.0,33,6515.18457793,0.00346954,4.483953598024776,4.35799,13.4419,9.686666666666667,9.686666666666667,25.0,10.0,43.43456385286668,43.43456385286667,0.1231933929800413,0.8768066070199587,0.1301825140615552,0.8698174859384448,0.6732355726031861,0.6662895999933411,80,0,mu_0p125,0.125,0.125
null,150,1453,0.0650111856823266,5,23,30.0,33,6515.18457793,0.00346954,4.483953598024776,4.35799,13.4419,9.686666666666667,9.686666666666667,25.0,10.0,43.43456385286666,43.43456385286667,0.8072952512044047,0.1927047487955953,0.8119586888113538,0.1880413111886462,-0.0108662856211772,-0.0156122119597946,80,0,mu_0p125,0.125,0.125
lfr,150,1474,0.0659507829977628,6,22,25.0,28,6669.89419275,0.00230261,4.5250299815128905,4.48492,14.5182,9.826666666666666,9.826666666666666,25.0,12.0,44.465961285,44.465961285,0.1248303934871099,0.8751696065128901,0.1279487467248923,0.8720512532751077,0.7078814328505493,0.7050510885276315,81,1,mu_0p125,0.125,0.125
null,150,1474,0.0659507829977628,6,22,25.0,28,6669.89419275,0.00230261,4.5250299815128905,4.48492,14.5182,9.826666666666666,9.826666666666666,25.0,12.0,44.465961285,44.465961285,0.8371777476255088,0.1628222523744912,0.8390182481234686,0.1609817518765314,-0.0044659212878496,-0.0063242138021015,81,1,mu_0p125,0.125,0.125
lfr,150,1450,0.0648769574944071,4,32,37.5,43,6501.3462010782005,4.62682e-05,4.483687035226345,4.28384,12.7232,9.666666666666666,9.666666666666666,25.0,10.0,43.342308007188,43.34230800718799,0.1234482758620689,0.876551724137931,0.1292164937992194,0.8707835062007806,0.6243747919143876,0.6195258275540217,82,2,mu_0p125,0.125,0.125
null,150,1450,0.0648769574944071,4,32,37.5,43,6501.3462010782005,4.62682e-05,4.483687035226345,4.28384,12.7232,9.666666666666666,9.666666666666666,25.0,10.0,43.342308007188,43.342308007188,0.7386206896551725,0.2613793103448275,0.7372571765898409,0.2627428234101591,0.0092023781212841,0.0103910580703192,82,2,mu_0p125,0.125,0.125
lfr,150,1485,0.0664429530201342,4,24,37.5,50,6764.916642810001,0.00127856,4.555499422767677,4.33978,13.4822,9.9,9.9,25.0,10.0,45.0994442854,45.0994442854,0.1225589225589225,0.8774410774410775,0.1286143124519853,0.8713856875480147,0.6122037433821945,0.6067596508056237,83,3,mu_0p125,0.125,0.125
null,150,1485,0.0664429530201342,4,24,37.5,50,6764.91664281,0.00127856,4.555499422767676,4.33978,13.4822,9.9,9.9,25.0,10.0,45.09944428539999,45.0994442854,0.7292929292929293,0.2707070707070707,0.7279583375567564,0.2720416624432435,0.0054697366481878,0.0074920540577815,83,3,mu_0p125,0.125,0.125
lfr,150,1451,0.0649217002237136,4,23,37.5,49,6537.596250886,0.000761576,4.505579773181254,4.37179,14.1269,9.673333333333334,9.673333333333334,25.0,10.0,43.58397500590666,43.58397500590666,0.1226740179186767,0.8773259820813233,0.1333632236416925,0.8666367763583075,0.6122334890123069,0.603508239174862,84,4,mu_0p125,0.125,0.125
null,150,1451,0.0649217002237136,4,23,37.5,49,6537.596250886,0.000761576,4.505579773181254,4.37179,14.1269,9.673333333333334,9.673333333333334,25.0,10.0,43.58397500590666,43.58397500590667,0.7167470709855273,0.2832529290144727,0.7119508356881503,0.2880491643118497,0.0181604359454564,0.0213435380417737,84,4,mu_0p125,0.125,0.125
lfr,150,1486,0.0664876957494407,4,28,37.5,44,6742.70901832,0.002172,4.537489245168237,4.585475000000001,13.507,9.906666666666666,9.906666666666666,25.0,10.0,44.95139345546668,44.951393455466665,0.126514131897712,0.873485868102288,0.1266180797659155,0.8733819202340845,0.6155875655965322,0.6152152872460488,85,5,mu_0p125,0.125,0.125
null,150,1486,0.0664876957494407,4,28,37.5,44,6742.70901832,0.002172,4.537489245168237,4.585475000000001,13.507,9.906666666666666,9.906666666666666,25.0,10.0,44.95139345546666,44.951393455466665,0.7462987886944819,0.2537012113055181,0.7395676275916874,0.2604323724083126,-0.0041970912002376,0.002064384535952,85,5,mu_0p125,0.125,0.125
lfr,150,1514,0.0677404921700223,6,20,25.0,29,6948.18155835,0.00040815,4.589287687153236,4.337595,12.5667,10.093333333333334,10.093333333333334,25.0,11.0,46.321210389,46.321210389,0.1241743725231175,0.8758256274768824,0.1286412323632856,0.8713587676367144,0.7060098700111159,0.7016579521606737,86,6,mu_0p125,0.125,0.125
null,150,1514,0.0677404921700223,6,20,25.0,29,6948.18155835,0.00040815,4.589287687153236,4.337595,12.5667,10.093333333333334,10.093333333333334,25.0,11.0,46.321210389,46.321210389,0.8289299867899603,0.1710700132100396,0.8286844796435244,0.1713155203564755,0.0012542557442731,0.0010348867999861,86,6,mu_0p125,0.125,0.125
lfr,150,1503,0.067248322147651,4,36,37.5,40,6868.596370220999,0.000164461,4.569924398017964,4.47213,16.0614,10.02,10.02,22.0,11.0,45.79064246814001,45.79064246814,0.1257485029940119,0.874251497005988,0.1304257976352999,0.8695742023647001,0.6246114999984507,0.6205959259929257,87,7,mu_0p125,0.125,0.125
null,150,1503,0.067248322147651,4,36,37.5,40,6868.596370221,0.000164461,4.569924398017964,4.47213,16.0614,10.02,10.02,22.0,11.0,45.79064246814001,45.79064246814,0.7445109780439122,0.2554890219560878,0.7416421816786856,0.2583578183213144,0.0058490249485504,0.0086761245776243,87,7,mu_0p125,0.125,0.125
lfr,150,1426,0.0638031319910514,5,25,30.0,43,6347.186302489999,0.00489738,4.451042287861149,4.319775,12.9313,9.506666666666666,9.506666666666666,24.0,10.0,42.31457534993333,42.31457534993333,0.1248246844319775,0.8751753155680224,0.1322475790825144,0.8677524209174856,0.6646712329036586,0.6569932487261398,88,8,mu_0p125,0.125,0.125
null,150,1426,0.0638031319910514,5,25,30.0,43,6347.186302489999,0.00489738,4.451042287861149,4.319775,12.9313,9.506666666666666,9.506666666666666,24.0,10.0,42.31457534993333,42.31457534993333,0.7805049088359046,0.2194950911640953,0.784684526094048,0.2153154739059519,0.0089910084997314,0.0058431657377863,88,8,mu_0p125,0.125,0.125
lfr,150,1492,0.0667561521252796,4,35,37.5,40,6796.7189973136,2.67126e-05,4.555441687207507,4.48697,13.9072,9.946666666666667,9.946666666666667,25.0,10.0,45.31145998209068,45.31145998209066,0.1246648793565683,0.8753351206434317,0.1298652596440237,0.8701347403559763,0.624141084892438,0.6191475431775392,89,9,mu_0p125,0.125,0.125
null,150,1492,0.0667561521252796,4,35,37.5,40,6796.7189973136,2.67126e-05,4.555441687207507,4.48697,13.9072,9.946666666666667,9.946666666666667,25.0,10.0,45.31145998209068,45.31145998209068,0.7573726541554959,0.242627345844504,0.7554243178426201,0.2445756821573799,-0.0085666899064896,-0.0066147226408838,89,9,mu_0p125,0.125,0.125
lfr,150,1413,0.0632214765100671,4,27,37.5,41,6250.25536202,0.00192544,4.423393745237084,4.30341,13.5312,9.42,9.42,24.0,10.0,41.66836908013333,41.66836908013333,0.1210191082802547,0.8789808917197452,0.1321679602148318,0.8678320397851682,0.623360875582061,0.6135177902095598,90,10,mu_0p125,0.125,0.125
null,150,1413,0.0632214765100671,4,27,37.5,41,6250.255362020001,0.00192544,4.423393745237084,4.30341,13.5312,9.42,9.42,24.0,10.0,41.66836908013334,41.66836908013333,0.7678697806086341,0.2321302193913659,0.7677056642289306,0.2322943357710694,-0.0234897967463183,-0.0234623047755019,90,10,mu_0p125,0.125,0.125
lfr,150,1428,0.0638926174496644,5,27,30.0,37,6333.976003585401,9.46554e-05,4.435557425479972,4.364445,10.1659,9.52,9.52,25.0,10.0,42.22650669056934,42.22650669056934,0.1260504201680672,0.8739495798319328,0.1258834424276406,0.8741165575723593,0.6705167361062072,0.6705653687335322,91,11,mu_0p125,0.125,0.125
null,150,1428,0.0638926174496644,5,27,30.0,37,6333.9760035854,9.46554e-05,4.4355574254799714,4.364445,10.1659,9.52,9.52,25.0,10.0,42.22650669056933,42.22650669056933,0.8109243697478992,0.1890756302521008,0.8132015370218875,0.1867984629781125,-0.0143572134736247,-0.0166423387656474,91,11,mu_0p125,0.125,0.125
lfr,150,1398,0.0625503355704698,5,23,30.0,39,6173.75661939,0.000676918,4.416134920879829,4.266735000000001,13.2554,9.32,9.32,25.0,10.0,41.1583774626,41.1583774626,0.1208869814020028,0.8791130185979972,0.1316995792863533,0.8683004207136467,0.6668738909662485,0.6555401999167475,92,12,mu_0p125,0.125,0.125
null,150,1398,0.0625503355704698,5,23,30.0,39,6173.75661939,0.000676918,4.416134920879829,4.266735000000001,13.2554,9.32,9.32,25.0,10.0,41.1583774626,41.1583774626,0.8011444921316166,0.1988555078683833,0.7986032651344053,0.2013967348655947,-0.0133836197633652,-0.0113035687482387,92,12,mu_0p125,0.125,0.125
lfr,150,1502,0.0672035794183445,4,22,37.5,62,6853.56587507,0.00330259,4.562959970086552,4.57895,12.4789,10.013333333333334,10.013333333333334,25.0,11.0,45.69043916713333,45.69043916713333,0.1271637816245006,0.8728362183754993,0.1249801593336621,0.8750198406663379,0.5830831860227198,0.5857593059628317,93,13,mu_0p125,0.125,0.125
null,150,1502,0.0672035794183445,4,22,37.5,62,6853.56587507,0.00330259,4.562959970086552,4.57895,12.4789,10.013333333333334,10.013333333333334,25.0,11.0,45.69043916713333,45.69043916713333,0.7230359520639148,0.2769640479360852,0.7216818927751942,0.2783181072248057,-0.0127889844166942,-0.0125831579343485,93,13,mu_0p125,0.125,0.125
lfr,150,1553,0.0694854586129753,5,22,30.0,41,7223.158784099,0.000280173,4.651100311718609,4.66719,13.4629,10.353333333333332,10.353333333333332,25.0,11.0,48.15439189399333,48.154391893993335,0.1262073406310367,0.8737926593689633,0.1299238355613776,0.8700761644386223,0.6641317782627065,0.6602706146793641,94,14,mu_0p125,0.125,0.125
null,150,1553,0.0694854586129753,5,22,30.0,41,7223.158784099,0.000280173,4.651100311718609,4.66719,13.4629,10.353333333333332,10.353333333333332,25.0,11.0,48.15439189399333,48.15439189399333,0.8042498390212492,0.1957501609787507,0.8032839751456129,0.1967160248543871,-0.0139107201275059,-0.0123037336247478,94,14,mu_0p125,0.125,0.125
lfr,150,1463,0.0654586129753915,6,21,25.0,30,6594.1974894616,5.9168e-05,4.507312022871907,4.36925,12.7607,9.753333333333334,9.753333333333334,24.0,10.0,43.96131659641066,43.96131659641066,0.1278195488721804,0.8721804511278195,0.1289879080541531,0.8710120919458468,0.7041234478727734,0.703348990657759,95,15,mu_0p125,0.125,0.125
null,150,1463,0.0654586129753915,6,21,25.0,30,6594.1974894616,5.9168e-05,4.507312022871907,4.36925,12.7607,9.753333333333334,9.753333333333334,24.0,10.0,43.96131659641066,43.96131659641066,0.8284347231715653,0.1715652768284347,0.8265221279271396,0.1734778720728603,0.0035082735733885,0.0055439003848913,95,15,mu_0p125,0.125,0.125
lfr,150,1456,0.065145413870246,6,22,25.0,28,6540.42759979,0.00255364,4.492051922932692,4.412105,14.451,9.706666666666669,9.706666666666669,25.0,13.0,43.602850665266665,43.602850665266665,0.1263736263736263,0.8736263736263736,0.1286191945335516,0.8713808054664484,0.7035773721470837,0.7007789412324754,96,16,mu_0p125,0.125,0.125
null,150,1456,0.065145413870246,6,22,25.0,28,6540.42759979,0.00255364,4.492051922932693,4.412105,14.451,9.706666666666669,9.706666666666669,25.0,13.0,43.60285066526667,43.60285066526667,0.8379120879120879,0.162087912087912,0.8352730104978775,0.1647269895021225,-0.0079610893913778,-0.0056461158910255,96,16,mu_0p125,0.125,0.125
lfr,150,1479,0.0661744966442953,4,32,37.5,43,6695.710340356,0.000255674,4.527187518834348,4.37603,12.6461,9.86,9.86,25.0,10.0,44.63806893570666,44.63806893570666,0.1223799864773495,0.8776200135226504,0.1265463374735757,0.8734536625264243,0.624450670898095,0.6209376804780714,97,17,mu_0p125,0.125,0.125
null,150,1479,0.0661744966442953,4,32,37.5,43,6695.710340356,0.000255674,4.527187518834348,4.37603,12.6461,9.86,9.86,25.0,10.0,44.63806893570666,44.63806893570666,0.7484787018255578,0.2515212981744422,0.7427340385663392,0.2572659614336607,-0.0016480444501131,0.0041553979603894,97,17,mu_0p125,0.125,0.125
lfr,150,1405,0.0628635346756152,4,24,37.5,44,6202.68336263,0.000171068,4.414721254540925,4.22512,13.0521,9.366666666666667,9.366666666666667,24.0,10.0,41.351222417533336,41.35122241753334,0.1245551601423487,0.8754448398576512,0.1286244752451327,0.8713755247548672,0.6140905003736021,0.6105704068127845,98,18,mu_0p125,0.125,0.125
null,150,1405,0.0628635346756152,4,24,37.5,44,6202.68336263,0.000171068,4.4147212545409245,4.22512,13.0521,9.366666666666667,9.366666666666667,24.0,10.0,41.35122241753333,41.351222417533336,0.7473309608540926,0.2526690391459074,0.7506368956041343,0.2493631043958657,-0.0086853003381415,-0.0132020400051909,98,18,mu_0p125,0.125,0.125
lfr,150,1386,0.0620134228187919,4,29,37.5,43,6088.44878117,0.0026724,4.392820188434343,4.19708,12.6434,9.24,9.24,24.0,10.0,40.58965854113333,40.58965854113333,0.1284271284271284,0.8715728715728716,0.1294353043762586,0.8705646956237414,0.6177748418008159,0.6177240202943984,99,19,mu_0p125,0.125,0.125
null,150,1386,0.0620134228187919,4,29,37.5,43,6088.44878117,0.0026724,4.392820188434343,4.19708,12.6434,9.24,9.24,24.0,10.0,40.58965854113333,40.58965854113333,0.7359307359307359,0.2640692640692641,0.7309766330504893,0.2690233669495107,0.0102712342972083,0.0152509296772232,99,19,mu_0p125,0.125,0.125
lfr,150,1580,0.0706935123042505,5,20,30.0,42,7432.377177807,0.000127784,4.704036188485444,4.64021,17.974,10.533333333333331,10.533333333333331,25.0,13.0,49.54918118538,49.54918118538,0.1234177215189873,0.8765822784810127,0.1330703049840137,0.8669296950159863,0.6577623778240667,0.6475247005037812,100,20,mu_0p125,0.125,0.125
null,150,1580,0.0706935123042505,5,20,30.0,42,7432.377177807,0.000127784,4.704036188485444,4.64021,17.974,10.533333333333331,10.533333333333331,25.0,13.0,49.54918118538,49.54918118538,0.7892405063291139,0.2107594936708861,0.788184207366813,0.2118157926331869,-0.0080604069860599,-0.0076565563016881,100,20,mu_0p125,0.125,0.125
lfr,150,1472,0.0658612975391498,5,22,30.0,45,6646.94293331,0.0013367,4.515586231868206,4.499835,13.4824,9.813333333333333,9.813333333333333,25.0,10.0,44.312952888733335,44.312952888733335,0.1311141304347826,0.8688858695652174,0.1288035766065557,0.8711964233934442,0.6524148230741966,0.6536123910299468,101,21,mu_0p125,0.125,0.125
null,150,1472,0.0658612975391498,5,22,30.0,45,6646.94293331,0.0013367,4.515586231868206,4.499835,13.4824,9.813333333333333,9.813333333333333,25.0,10.0,44.31295288873334,44.31295288873333,0.7921195652173914,0.2078804347826086,0.794340588031907,0.205659411968093,-0.0085906117084121,-0.0099753067031405,101,21,mu_0p125,0.125,0.125
lfr,150,1525,0.0682326621923937,4,28,37.5,45,7076.80154273,0.0010516,4.640525601790164,4.52281,17.1382,10.166666666666666,10.166666666666666,25.0,11.0,47.17867695153333,47.17867695153333,0.1245901639344262,0.8754098360655738,0.133700443204035,0.8662995567959649,0.6176580489115829,0.6094729109625765,102,22,mu_0p125,0.125,0.125
null,150,1525,0.0682326621923937,4,28,37.5,45,7076.80154273,0.0010516,4.640525601790164,4.52281,17.1382,10.166666666666666,10.166666666666666,25.0,11.0,47.17867695153333,47.17867695153333,0.7488524590163934,0.2511475409836066,0.743143641419852,0.256856358580148,-0.0066042461703843,-0.001256110248363,102,22,mu_0p125,0.125,0.125
lfr,150,1442,0.0645190156599552,4,27,37.5,51,6516.2645736,0.0221211,4.518907471289875,4.341815,13.9824,9.613333333333332,9.613333333333332,23.0,10.0,43.441763824000006,43.441763824,0.1130374479889043,0.8869625520110958,0.1424128261089489,0.8575871738910511,0.6230876364119029,0.5950167933853476,103,23,mu_0p125,0.125,0.125
null,150,1442,0.0645190156599552,4,27,37.5,51,6516.2645736,0.0221211,4.518907471289875,4.341815,13.9824,9.613333333333332,9.613333333333332,23.0,10.0,43.441763824,43.441763824,0.7510402219140083,0.2489597780859916,0.7483646800126603,0.2516353199873397,-0.0149151375132011,-0.0122368206947632,103,23,mu_0p125,0.125,0.125
lfr,150,1428,0.0638926174496644,5,22,30.0,39,6327.446206526,0.000394647,4.430984738463586,4.318345,11.7337,9.52,9.52,23.0,10.0,42.18297471017333,42.18297471017334,0.1323529411764706,0.8676470588235294,0.1252859164110135,0.8747140835889865,0.6551296989383989,0.6620797244397024,104,24,mu_0p125,0.125,0.125
null,150,1428,0.0638926174496644,5,22,30.0,39,6327.446206526,0.000394647,4.430984738463585,4.318345,11.7337,9.52,9.52,23.0,10.0,42.18297471017333,42.18297471017333,0.7906162464985994,0.2093837535014006,0.7877517955783065,0.2122482044216934,-0.0031336063837299,0.000140756891308,104,24,mu_0p125,0.125,0.125
lfr,150,1472,0.0658612975391498,4,26,37.5,48,6643.03853615,0.00268517,4.51293378814538,4.332575,13.5186,9.813333333333333,9.813333333333333,24.0,10.0,44.286923574333336,44.286923574333336,0.1216032608695652,0.8783967391304348,0.1272165849334037,0.8727834150665963,0.6158454188327032,0.6108964653242154,105,25,mu_0p125,0.125,0.125
null,150,1472,0.0658612975391498,4,26,37.5,48,6643.03853615,0.00268517,4.51293378814538,4.332575,13.5186,9.813333333333333,9.813333333333333,24.0,10.0,44.286923574333336,44.28692357433333,0.7717391304347826,0.2282608695652174,0.7786671883131773,0.2213328116868227,-0.0342904507325141,-0.0409935727007345,105,25,mu_0p125,0.125,0.125
lfr,150,1514,0.0677404921700223,4,27,37.5,45,6958.115859394,0.000119502,4.595849312677675,4.578765,14.5696,10.093333333333334,10.093333333333334,24.0,11.0,46.38743906262667,46.38743906262667,0.130779392338177,0.869220607661823,0.1307000828631221,0.8692999171368778,0.609147298049556,0.6090148264800594,106,26,mu_0p125,0.125,0.125
null,150,1514,0.0677404921700223,4,27,37.5,45,6958.115859394,0.000119502,4.595849312677675,4.578765,14.5696,10.093333333333334,10.093333333333334,24.0,11.0,46.38743906262667,46.38743906262667,0.7430647291941875,0.2569352708058124,0.7359434893525878,0.2640565106474122,-0.0031380388064545,0.0033057165103268,106,26,mu_0p125,0.125,0.125
lfr,150,1449,0.0648322147651006,5,22,30.0,41,6528.289876423,0.000616763,4.5053760361787445,4.37495,12.0813,9.66,9.66,25.0,12.0,43.52193250948667,43.52193250948666,0.1228433402346445,0.8771566597653554,0.1331467586269723,0.8668532413730277,0.6683831832810139,0.6590646419079219,107,27,mu_0p125,0.125,0.125
null,150,1449,0.0648322147651006,5,22,30.0,41,6528.289876422999,0.000616763,4.505376036178744,4.37495,12.0813,9.66,9.66,25.0,12.0,43.52193250948667,43.52193250948667,0.7867494824016563,0.2132505175983436,0.7912088581693235,0.2087911418306764,0.0044770411140021,-0.0009499787505055,107,27,mu_0p125,0.125,0.125
lfr,150,1489,0.0666219239373601,5,25,30.0,35,6756.683682452,0.000167722,4.537732493251847,4.54051,11.772,9.926666666666666,9.926666666666666,24.0,10.0,45.04455788301334,45.044557883013326,0.1289456010745466,0.8710543989254533,0.1276983062997088,0.8723016937002912,0.6687785646340457,0.6702637274019574,108,28,mu_0p125,0.125,0.125
null,150,1489,0.0666219239373601,5,25,30.0,35,6756.683682452,0.000167722,4.537732493251847,4.54051,11.772,9.926666666666666,9.926666666666666,24.0,10.0,45.044557883013326,45.04455788301333,0.8153122901276024,0.1846877098723975,0.8137910806483959,0.1862089193516041,-0.01758812441901,-0.0159982285231653,108,28,mu_0p125,0.125,0.125
lfr,150,1449,0.0648322147651006,4,22,37.5,57,6499.7928545908,5.32138e-05,4.485709354444997,4.31573,13.8662,9.66,9.66,25.0,10.0,43.33195236393867,43.33195236393867,0.1249137336093857,0.8750862663906143,0.128815921264234,0.871184078735766,0.5939699971566026,0.5900015851609616,109,29,mu_0p125,0.125,0.125
null,150,1449,0.0648322147651006,4,22,37.5,57,6499.7928545908,5.32138e-05,4.485709354444997,4.31573,13.8662,9.66,9.66,25.0,10.0,43.33195236393867,43.33195236393867,0.7163561076604554,0.2836438923395445,0.7186329821267613,0.2813670178732387,0.0025276231055329,0.0006848506158294,109,29,mu_0p125,0.125,0.125
lfr,150,1587,0.0710067114093959,4,27,37.5,51,7424.543085228,0.000104288,4.678351030389414,4.7101,15.4125,10.58,10.58,25.0,11.0,49.49695390152,49.49695390152,0.127284183994959,0.872715816005041,0.1263195424232897,0.8736804575767102,0.61017466664602,0.6119037729327914,110,30,mu_0p125,0.125,0.125
null,150,1587,0.0710067114093959,4,27,37.5,51,7424.543085228,0.000104288,4.678351030389414,4.7101,15.4125,10.58,10.58,25.0,11.0,49.49695390152,49.49695390152,0.7542533081285444,0.2457466918714556,0.7614799508425757,0.2385200491574243,-0.0167944574875653,-0.0232036199624811,110,30,mu_0p125,0.125,0.125
lfr,150,1444,0.0646085011185682,4,25,37.5,53,6501.897242444,0.000829454,4.502698921360111,4.41826,13.3229,9.626666666666669,9.626666666666669,24.0,10.0,43.34598161629333,43.34598161629333,0.1322714681440443,0.8677285318559557,0.1370541365413887,0.8629458634586112,0.6036009161992312,0.6009815020965144,111,31,mu_0p125,0.125,0.125
null,150,1444,0.0646085011185682,4,25,37.5,53,6501.897242444,0.000829454,4.502698921360111,4.41826,13.3229,9.626666666666669,9.626666666666669,24.0,10.0,43.34598161629333,43.34598161629333,0.7326869806094183,0.2673130193905817,0.7317099875998205,0.2682900124001794,0.0031854037338571,0.0034933429237662,111,31,mu_0p125,0.125,0.125
lfr,150,1480,0.0662192393736017,4,32,37.5,44,6698.255938849999,0.00083049,4.52584860733108,4.355505,13.9442,9.866666666666667,9.866666666666667,25.0,10.0,44.65503959233333,44.65503959233333,0.1209459459459459,0.879054054054054,0.1262748895491168,0.8737251104508832,0.6236349525200877,0.6185380773254431,112,32,mu_0p125,0.125,0.125
null,150,1480,0.0662192393736017,4,32,37.5,44,6698.25593885,0.00083049,4.525848607331081,4.355505,13.9442,9.866666666666667,9.866666666666667,25.0,10.0,44.65503959233333,44.65503959233334,0.7405405405405405,0.2594594594594595,0.7362628055649808,0.2637371944350192,0.004040357925493,0.0076031868184885,112,32,mu_0p125,0.125,0.125
lfr,150,1472,0.0658612975391498,5,23,30.0,45,6712.28069794,0.00176284,4.559973300230978,4.4888650000000005,13.6389,9.813333333333333,9.813333333333333,23.0,12.0,44.74853798626666,44.74853798626666,0.124320652173913,0.8756793478260869,0.1367465529595178,0.8632534470404822,0.6635174525933365,0.6522523746229013,113,33,mu_0p125,0.125,0.125
null,150,1472,0.0658612975391498,5,23,30.0,45,6712.280697939999,0.00176284,4.559973300230978,4.4888650000000005,13.6389,9.813333333333333,9.813333333333333,23.0,12.0,44.74853798626666,44.74853798626667,0.8104619565217391,0.1895380434782608,0.806439122666795,0.193560877333205,-0.0226238517544896,-0.0197471670554587,113,33,mu_0p125,0.125,0.125
lfr,150,1472,0.0658612975391498,4,30,37.5,43,6606.443524278,0.000276928,4.488073046384511,4.41499,12.2633,9.813333333333333,9.813333333333333,24.0,10.0,44.04295682852,44.04295682852,0.124320652173913,0.8756793478260869,0.1258303399133122,0.8741696600866877,0.6209737564981096,0.6193520998282752,114,34,mu_0p125,0.125,0.125
null,150,1472,0.0658612975391498,4,30,37.5,43,6606.443524278,0.000276928,4.488073046384511,4.41499,12.2633,9.813333333333333,9.813333333333333,24.0,10.0,44.04295682852,44.04295682852,0.7724184782608695,0.2275815217391305,0.7759478082798317,0.2240521917201683,-0.0271240695888468,-0.0301283558452169,114,34,mu_0p125,0.125,0.125
lfr,150,1447,0.0647427293064877,4,31,37.5,51,6442.153314492,0.000108522,4.452075545606081,4.34367,10.7547,9.646666666666668,9.646666666666668,24.0,10.0,42.947688763280006,42.94768876328,0.1306150656530753,0.8693849343469247,0.1256692250199637,0.8743307749800362,0.6070310138126257,0.6118818705961451,115,35,mu_0p125,0.125,0.125
null,150,1447,0.0647427293064877,4,31,37.5,51,6442.153314492,0.000108522,4.452075545606081,4.34367,10.7547,9.646666666666668,9.646666666666668,24.0,10.0,42.94768876328,42.94768876328,0.7408431237042156,0.2591568762957844,0.7366734441628603,0.2633265558371397,-0.0031970442385145,0.0022453695412733,115,35,mu_0p125,0.125,0.125
lfr,150,1463,0.0654586129753915,5,22,30.0,36,6576.09198873,0.00214542,4.494936424285714,4.36486,13.5986,9.753333333333334,9.753333333333334,25.0,10.0,43.8406132582,43.8406132582,0.1237183868762816,0.8762816131237183,0.1277121898795389,0.8722878101204611,0.6725158138620023,0.6689968227504254,116,36,mu_0p125,0.125,0.125
null,150,1463,0.0654586129753915,5,22,30.0,36,6576.09198873,0.00214542,4.494936424285714,4.36486,13.5986,9.753333333333334,9.753333333333334,25.0,10.0,43.8406132582,43.8406132582,0.7887901572112098,0.2112098427887901,0.7909120459314714,0.2090879540685286,0.007444043527074,0.0050557618541662,116,36,mu_0p125,0.125,0.125
lfr,150,1454,0.0650559284116331,5,25,30.0,39,6504.35407225,0.00104147,4.47342095753095,4.35181,12.2206,9.693333333333332,9.693333333333332,25.0,10.0,43.36236048166667,43.36236048166667,0.1265474552957359,0.873452544704264,0.1272327833105996,0.8727672166894004,0.6682480999150472,0.6680725579081552,117,37,mu_0p125,0.125,0.125
null,150,1454,0.0650559284116331,5,25,30.0,39,6504.35407225,0.00104147,4.47342095753095,4.35181,12.2206,9.693333333333332,9.693333333333332,25.0,10.0,43.36236048166667,43.36236048166667,0.7950481430536451,0.2049518569463548,0.794203316532097,0.205796683467903,-0.0002525878428619,0.0007668302505992,117,37,mu_0p125,0.125,0.125
lfr,150,1467,0.0656375838926174,5,26,30.0,33,6631.472811267,0.000175332,4.520431364190184,4.44683,13.5363,9.78,9.78,25.0,10.0,44.20981874178,44.209818741780005,0.130879345603272,0.869120654396728,0.1294384830785425,0.8705615169214574,0.6674310402590228,0.6689751076722411,118,38,mu_0p125,0.125,0.125
null,150,1467,0.0656375838926174,5,26,30.0,33,6631.472811267,0.000175332,4.520431364190184,4.44683,13.5363,9.78,9.78,25.0,10.0,44.20981874177999,44.20981874178,0.8098159509202454,0.1901840490797546,0.8085892654579878,0.1914107345420121,-0.0115055650579506,-0.0107220676006821,118,38,mu_0p125,0.125,0.125
lfr,150,1521,0.0680536912751677,4,23,37.5,62,7010.1395160150005,0.000598686,4.608901719930967,4.59661,14.0991,10.14,10.14,24.0,11.0,46.7342634401,46.7342634401,0.1249178172255095,0.8750821827744905,0.1320939367753687,0.8679060632246313,0.5810612848998526,0.5746953342740869,119,39,mu_0p125,0.125,0.125
null,150,1521,0.0680536912751677,4,23,37.5,62,7010.139516015,0.000598686,4.608901719930966,4.59661,14.0991,10.14,10.14,24.0,11.0,46.7342634401,46.7342634401,0.7416173570019724,0.2583826429980276,0.7423127697612653,0.2576872302387347,-0.0356382548766101,-0.0362269675566209,119,39,mu_0p125,0.125,0.125
lfr,150,1581,0.070738255033557,4,29,37.5,51,7381.34835371536,3.29956e-06,4.66878453745437,4.59343,13.3924,10.54,10.54,25.0,11.0,49.20898902476908,49.20898902476907,0.1518026565464895,0.8481973434535104,0.1507678164457857,0.8492321835542143,0.5846446636029287,0.5853022809432333,120,0,mu_0p150,0.15,0.15
null,150,1581,0.070738255033557,4,29,37.5,51,7381.348353715361,3.29956e-06,4.668784537454371,4.59343,13.3924,10.54,10.54,25.0,11.0,49.20898902476907,49.20898902476907,0.7482605945604048,0.2517394054395951,0.7524057238031316,0.2475942761968683,-0.0118132744109865,-0.0171624421957455,120,0,mu_0p150,0.15,0.15
lfr,150,1396,0.0624608501118568,5,23,30.0,35,6116.780481068,0.000255342,4.381647909074498,4.21635,12.1235,9.306666666666668,9.306666666666668,20.0,10.0,40.77853654045333,40.77853654045333,0.1518624641833811,0.8481375358166189,0.151938740313553,0.848061259686447,0.643215675569166,0.6429748734555277,121,1,mu_0p150,0.15,0.15
null,150,1396,0.0624608501118568,5,23,30.0,35,6116.780481067999,0.000255342,4.3816479090744975,4.21635,12.1235,9.306666666666668,9.306666666666668,20.0,10.0,40.77853654045334,40.77853654045334,0.826647564469914,0.1733524355300859,0.8205465559574322,0.1794534440425678,-0.0315694247173668,-0.0253895983214411,121,1,mu_0p150,0.15,0.15
lfr,150,1504,0.0672930648769574,3,38,50.0,70,6891.738307012,0.000534248,4.582272810513298,4.49839,16.9236,10.026666666666667,10.026666666666667,25.0,11.0,45.94492204674667,45.94492204674667,0.1502659574468085,0.8497340425531915,0.1565852879111826,0.8434147120888174,0.4879028265052059,0.4838012295780926,122,2,mu_0p150,0.15,0.15
null,150,1504,0.0672930648769574,3,38,50.0,70,6891.738307012,0.000534248,4.582272810513298,4.49839,16.9236,10.026666666666667,10.026666666666667,25.0,11.0,45.94492204674666,45.94492204674666,0.6422872340425532,0.3577127659574468,0.6443477565400059,0.3556522434599941,-0.0041184500905387,-0.0089540916360011,122,2,mu_0p150,0.15,0.15
lfr,150,1453,0.0650111856823266,4,34,37.5,42,6514.7474444300005,0.000307024,4.483652749091535,4.44056,13.6185,9.686666666666667,9.686666666666667,25.0,10.0,43.43164962953334,43.43164962953333,0.1527873365450791,0.8472126634549209,0.1535537444794261,0.8464462555205738,0.5962829828785308,0.5964343715939344,123,3,mu_0p150,0.15,0.15
null,150,1453,0.0650111856823266,4,34,37.5,42,6514.74744443,0.000307024,4.483652749091535,4.44056,13.6185,9.686666666666667,9.686666666666667,25.0,10.0,43.43164962953333,43.43164962953334,0.7508602890571232,0.2491397109428768,0.7411727797985991,0.2588272202014009,-0.0017899696335133,0.0080207501023319,123,3,mu_0p150,0.15,0.15
lfr,150,1499,0.067069351230425,6,24,25.0,27,6835.300519164401,7.314e-07,4.5599069507434296,4.51478,13.7277,9.993333333333334,9.993333333333334,25.0,10.0,45.568670127762665,45.568670127762665,0.1554369579719813,0.8445630420280187,0.1529066697556365,0.8470933302443635,0.6773348120450324,0.6794905170559301,124,4,mu_0p150,0.15,0.15
null,150,1499,0.067069351230425,6,24,25.0,27,6835.300519164401,7.314e-07,4.5599069507434296,4.51478,13.7277,9.993333333333334,9.993333333333334,25.0,10.0,45.56867012776267,45.56867012776267,0.8465643762508339,0.153435623749166,0.8474852551097722,0.1525147448902277,-0.0137926062338201,-0.0145463497705902,124,4,mu_0p150,0.15,0.15
lfr,150,1453,0.0650111856823266,5,23,30.0,33,6495.932696265099,5.34531e-05,4.470703851524501,4.4035,15.0528,9.686666666666667,9.686666666666667,25.0,10.0,43.306217975100665,43.306217975100665,0.1500344115622849,0.8499655884377151,0.1523914059076173,0.8476085940923827,0.6463945540209425,0.6439941587037548,125,5,mu_0p150,0.15,0.15
null,150,1453,0.0650111856823266,5,23,30.0,33,6495.932696265099,5.34531e-05,4.470703851524501,4.4035,15.0528,9.686666666666667,9.686666666666667,25.0,10.0,43.30621797510067,43.306217975100665,0.7949070887818307,0.2050929112181693,0.7925719330436234,0.2074280669563766,0.0015218768013967,0.0037990663154686,125,5,mu_0p150,0.15,0.15
lfr,150,1474,0.0659507829977628,6,22,25.0,28,6655.0723465101,3.70081e-05,4.51497445489152,4.550269999999999,13.5454,9.826666666666666,9.826666666666666,25.0,10.0,44.367148976734015,44.367148976734,0.1519674355495251,0.8480325644504749,0.1523543252000559,0.847645674799944,0.6802068048802491,0.6803365092066986,126,6,mu_0p150,0.15,0.15
null,150,1474,0.0659507829977628,6,22,25.0,28,6655.0723465101,3.70081e-05,4.51497445489152,4.550269999999999,13.5454,9.826666666666666,9.826666666666666,25.0,10.0,44.367148976734,44.367148976734,0.8385345997286295,0.1614654002713704,0.8306509513617814,0.1693490486382186,-0.0063603592988554,0.001198349089501,126,6,mu_0p150,0.15,0.15
lfr,150,1450,0.0648769574944071,4,32,37.5,43,6494.0272888638,6.52978e-05,4.4786395095612415,4.338735,13.8122,9.666666666666666,9.666666666666666,25.0,10.0,43.293515259092,43.293515259092,0.1468965517241379,0.853103448275862,0.1529628402651193,0.8470371597348807,0.6009265160523187,0.5956110791994706,127,7,mu_0p150,0.15,0.15
null,150,1450,0.0648769574944071,4,32,37.5,43,6494.0272888638,6.52978e-05,4.4786395095612415,4.338735,13.8122,9.666666666666666,9.666666666666666,25.0,10.0,43.293515259092,43.293515259092,0.7482758620689656,0.2517241379310344,0.7389541695377444,0.2610458304622556,-0.0004527942925089,0.0089267661556855,127,7,mu_0p150,0.15,0.15
lfr,150,1485,0.0664429530201342,4,24,37.5,50,6763.90829544,0.00053764,4.554820400969697,4.45294,14.1263,9.9,9.9,25.0,10.0,45.09272196959999,45.0927219696,0.1461279461279461,0.8538720538720539,0.1535025432175021,0.8464974567824979,0.588634719813171,0.5820321711677537,128,8,mu_0p150,0.15,0.15
null,150,1485,0.0664429530201342,4,24,37.5,50,6763.90829544,0.00053764,4.554820400969697,4.45294,14.1263,9.9,9.9,25.0,10.0,45.09272196959999,45.0927219696,0.7414141414141414,0.2585858585858586,0.745063657823021,0.254936342176979,-0.0066514754730243,-0.0106183780997002,128,8,mu_0p150,0.15,0.15
lfr,150,1451,0.0649217002237136,4,23,37.5,49,6549.951961029999,0.00131534,4.514095079965541,4.32763,14.4544,9.673333333333334,9.673333333333334,25.0,10.0,43.666346406866666,43.666346406866666,0.1488628532046864,0.8511371467953136,0.1603906864173091,0.8396093135826909,0.5860446537262973,0.5777767008240254,129,9,mu_0p150,0.15,0.15
null,150,1451,0.0649217002237136,4,23,37.5,49,6549.95196103,0.00131534,4.514095079965541,4.32763,14.4544,9.673333333333334,9.673333333333334,25.0,10.0,43.666346406866666,43.666346406866666,0.7477601654031703,0.2522398345968297,0.7431773677107291,0.2568226322892709,-0.0128526584721865,-0.007394414973685,129,9,mu_0p150,0.15,0.15
lfr,150,1486,0.0664876957494407,4,28,37.5,44,6731.4718227287,2.34701e-05,4.52992720237463,4.536429999999999,13.4125,9.906666666666666,9.906666666666666,25.0,10.0,44.87647881819133,44.87647881819133,0.1500672947510094,0.8499327052489906,0.1501321701022931,0.8498678298977068,0.5920344027432347,0.5915405544100841,130,10,mu_0p150,0.15,0.15
null,150,1486,0.0664876957494407,4,28,37.5,44,6731.471822728699,2.34701e-05,4.52992720237463,4.536429999999999,13.4125,9.906666666666666,9.906666666666666,25.0,10.0,44.87647881819133,44.87647881819133,0.7644683714670256,0.2355316285329743,0.7570245251718231,0.2429754748281769,-0.0223666739727814,-0.014782344132161,130,10,mu_0p150,0.15,0.15
lfr,150,1514,0.0677404921700223,6,20,25.0,29,6931.4619474507,9.02007e-05,4.5782443510242405,4.383655,15.3713,10.093333333333334,10.093333333333334,25.0,11.0,46.20974631633801,46.209746316338,0.1486129458388375,0.8513870541611624,0.1513957250874981,0.8486042749125018,0.6815712966953961,0.6786706930032165,131,11,mu_0p150,0.15,0.15
null,150,1514,0.0677404921700223,6,20,25.0,29,6931.4619474507,9.02007e-05,4.5782443510242405,4.383655,15.3713,10.093333333333334,10.093333333333334,25.0,11.0,46.20974631633801,46.209746316338,0.8295904887714664,0.1704095112285336,0.8267953708595993,0.1732046291404007,0.0005937537627672,0.0032221301015007,131,11,mu_0p150,0.15,0.15
lfr,150,1503,0.067248322147651,4,36,37.5,40,6858.257198097001,0.000290905,4.563045374648703,4.4362,14.546,10.02,10.02,22.0,11.0,45.72171465398,45.72171465398,0.1503659347970725,0.8496340652029275,0.1538719499160543,0.8461280500839456,0.5999940681953901,0.597209047920259,132,12,mu_0p150,0.15,0.15
null,150,1503,0.067248322147651,4,36,37.5,40,6858.257198097,0.000290905,4.563045374648702,4.4362,14.546,10.02,10.02,22.0,11.0,45.72171465398,45.72171465398,0.7318695941450433,0.2681304058549567,0.7299697271088237,0.2700302728911763,0.0184904088474193,0.0207023951328997,132,12,mu_0p150,0.15,0.15
lfr,150,1426,0.0638031319910514,5,25,30.0,43,6335.556070498,0.000275748,4.442886444949509,4.285855,15.2283,9.506666666666666,9.506666666666666,24.0,10.0,42.23704046998667,42.23704046998667,0.1479663394109397,0.8520336605890603,0.1553740018310064,0.8446259981689936,0.6415295779246964,0.6337261531566896,133,13,mu_0p150,0.15,0.15
null,150,1426,0.0638031319910514,5,25,30.0,43,6335.556070498,0.000275748,4.442886444949509,4.285855,15.2283,9.506666666666666,9.506666666666666,24.0,10.0,42.23704046998667,42.23704046998667,0.7784011220196353,0.2215988779803647,0.7775429945032102,0.2224570054967898,0.0110947953160007,0.0110264821669046,133,13,mu_0p150,0.15,0.15
lfr,150,1492,0.0667561521252796,4,35,37.5,40,6774.2456066343,7.42173e-05,4.540379092918432,4.522485,19.0023,9.946666666666667,9.946666666666667,25.0,10.0,45.161637377562,45.16163737756199,0.1501340482573726,0.8498659517426274,0.1516062180604282,0.8483937819395717,0.5986719159916336,0.5969884742771996,134,14,mu_0p150,0.15,0.15
null,150,1492,0.0667561521252796,4,35,37.5,40,6774.2456066343,7.42173e-05,4.540379092918432,4.522485,19.0023,9.946666666666667,9.946666666666667,25.0,10.0,45.161637377562,45.161637377562,0.7419571045576407,0.2580428954423592,0.7373227846045884,0.2626772153954115,0.0068488596913655,0.0116453287228095,134,14,mu_0p150,0.15,0.15
lfr,150,1413,0.0632214765100671,4,27,37.5,41,6245.550470841001,0.000372583,4.420064027488324,4.38101,16.3077,9.42,9.42,24.0,10.0,41.63700313894,41.63700313894,0.1521585279547063,0.8478414720452937,0.1561272805965647,0.8438727194034352,0.5922214559076096,0.5896456888386634,135,15,mu_0p150,0.15,0.15
null,150,1413,0.0632214765100671,4,27,37.5,41,6245.550470841,0.000372583,4.420064027488323,4.38101,16.3077,9.42,9.42,24.0,10.0,41.63700313894,41.63700313894,0.7699929228591649,0.2300070771408351,0.7727907719639446,0.2272092280360553,-0.0256129389968491,-0.0283643847591393,135,15,mu_0p150,0.15,0.15
lfr,150,1428,0.0638926174496644,5,27,30.0,37,6330.3803482602,1.55002e-05,4.433039459565967,4.377745,12.1411,9.52,9.52,25.0,10.0,42.20253565506799,42.202535655068,0.1491596638655462,0.8508403361344538,0.150435453459274,0.849564546540726,0.6474074924087282,0.6459171742526801,136,16,mu_0p150,0.15,0.15
null,150,1428,0.0638926174496644,5,27,30.0,37,6330.3803482602,1.55002e-05,4.433039459565967,4.377745,12.1411,9.52,9.52,25.0,10.0,42.202535655068,42.202535655068,0.8081232492997199,0.1918767507002801,0.8067422547199031,0.1932577452800968,-0.0115560930254455,-0.0106552688003182,136,16,mu_0p150,0.15,0.15
lfr,150,1398,0.0625503355704698,5,23,30.0,39,6164.635370563,0.000114413,4.409610422434191,4.21161,15.5069,9.32,9.32,25.0,10.0,41.09756913708667,41.09756913708667,0.1494992846924177,0.8505007153075823,0.155175547791667,0.8448244522083329,0.6382615876758337,0.6315117627798382,137,17,mu_0p150,0.15,0.15
null,150,1398,0.0625503355704698,5,23,30.0,39,6164.635370563,0.000114413,4.409610422434191,4.21161,15.5069,9.32,9.32,25.0,10.0,41.09756913708667,41.09756913708667,0.8118741058655222,0.1881258941344777,0.8085984417514308,0.1914015582485692,-0.0241132334972707,-0.0216677334181855,137,17,mu_0p150,0.15,0.15
lfr,150,1503,0.067248322147651,4,22,37.5,62,6872.1365744058,4.77718e-05,4.572279823290619,4.50198,13.8528,10.02,10.02,25.0,11.0,45.814243829372,45.814243829372,0.145043246839654,0.8549567531603459,0.1515092639869177,0.8484907360130822,0.5653912844083401,0.5596478647863762,138,18,mu_0p150,0.15,0.15
null,150,1503,0.067248322147651,4,22,37.5,62,6872.1365744058,4.77718e-05,4.572279823290619,4.50198,13.8528,10.02,10.02,25.0,11.0,45.814243829372,45.814243829372,0.7405189620758483,0.2594810379241516,0.7458448914701596,0.2541551085298403,-0.0300844308278541,-0.0344724834395346,138,18,mu_0p150,0.15,0.15
lfr,150,1553,0.0694854586129753,5,22,30.0,41,7204.962689745,0.000221821,4.63938357356407,4.53281,15.4575,10.353333333333332,10.353333333333332,25.0,11.0,48.03308459830001,48.0330845983,0.1474565357372826,0.8525434642627173,0.1525532826574429,0.847446717342557,0.6422262293572999,0.6371217483088175,139,19,mu_0p150,0.15,0.15
null,150,1553,0.0694854586129753,5,22,30.0,41,7204.962689745,0.000221821,4.63938357356407,4.53281,15.4575,10.353333333333332,10.353333333333332,25.0,11.0,48.03308459829999,48.0330845983,0.7868641339343206,0.2131358660656793,0.7862447121354199,0.2137552878645801,0.0028186311602618,0.0041071031852286,139,19,mu_0p150,0.15,0.15
lfr,150,1463,0.0654586129753915,6,21,25.0,30,6582.69704614506,4.45606e-06,4.499451159360944,4.32988,15.4172,9.753333333333334,9.753333333333334,24.0,10.0,43.8846469743004,43.8846469743004,0.1476418318523581,0.8523581681476419,0.1522113609545235,0.8477886390454765,0.6843011648925956,0.6802552115022547,140,20,mu_0p150,0.15,0.15
null,150,1463,0.0654586129753915,6,21,25.0,30,6582.69704614506,4.45606e-06,4.499451159360944,4.32988,15.4172,9.753333333333334,9.753333333333334,24.0,10.0,43.8846469743004,43.8846469743004,0.8455228981544771,0.1544771018455228,0.8524235676925311,0.1475764323074688,-0.0135799014095233,-0.0206727777170385,140,20,mu_0p150,0.15,0.15
lfr,150,1457,0.0651901565995525,6,22,25.0,28,6545.7114256978,1.20858e-05,4.492595350513247,4.3523,15.5595,9.713333333333331,9.713333333333331,25.0,10.0,43.638076171318666,43.638076171318666,0.1551132463967055,0.8448867536032945,0.1543535897001589,0.8456464102998411,0.6766647086062174,0.678240636281473,141,21,mu_0p150,0.15,0.15
null,150,1457,0.0651901565995525,6,22,25.0,28,6545.7114256978,1.20858e-05,4.492595350513247,4.3523,15.5595,9.713333333333331,9.713333333333331,25.0,10.0,43.63807617131866,43.638076171318666,0.8270418668496912,0.1729581331503088,0.8245677484678336,0.1754322515321663,0.0047360881532318,0.0072383342806345,141,21,mu_0p150,0.15,0.15
lfr,150,1479,0.0661744966442953,4,32,37.5,43,6697.02557805,0.000386201,4.528076793813388,4.4513,13.432,9.86,9.86,25.0,10.0,44.64683718700001,44.646837187,0.1534820824881677,0.8465179175118323,0.1517312583336252,0.8482687416663748,0.593348574887277,0.5952999427390211,142,22,mu_0p150,0.15,0.15
null,150,1479,0.0661744966442953,4,32,37.5,43,6697.02557805,0.000386201,4.528076793813388,4.4513,13.432,9.86,9.86,25.0,10.0,44.646837187,44.646837187,0.7450980392156863,0.2549019607843137,0.7467131180160567,0.2532868819839433,0.0017326181597583,0.0005043764635945,142,22,mu_0p150,0.15,0.15
lfr,150,1405,0.0628635346756152,4,24,37.5,44,6197.981465112,0.000311412,4.411374708264768,4.1838,20.4236,9.366666666666667,9.366666666666667,24.0,10.0,41.31987643408,41.31987643408,0.1551601423487544,0.8448398576512456,0.1530975825683359,0.8469024174316642,0.5834855181671965,0.5857187955473772,143,23,mu_0p150,0.15,0.15
null,150,1405,0.0628635346756152,4,24,37.5,44,6197.981465112,0.000311412,4.411374708264768,4.1838,20.4236,9.366666666666667,9.366666666666667,24.0,10.0,41.31987643408,41.31987643408,0.7544483985765125,0.2455516014234875,0.7459332191140156,0.2540667808859844,-0.0158027380605615,-0.0070003308105072,143,23,mu_0p150,0.15,0.15
lfr,150,1386,0.0620134228187919,4,29,37.5,43,6080.843470053,0.000156275,4.38733295097619,4.262105,14.3748,9.24,9.24,24.0,10.0,40.53895646702,40.53895646702,0.1515151515151515,0.8484848484848485,0.1531211343686973,0.8468788656313027,0.5946868187127927,0.593480275377816,144,24,mu_0p150,0.15,0.15
null,150,1386,0.0620134228187919,4,29,37.5,43,6080.843470053,0.000156275,4.38733295097619,4.262105,14.3748,9.24,9.24,24.0,10.0,40.53895646702,40.53895646702,0.7510822510822511,0.2489177489177488,0.7458723316340304,0.2541276683659695,-0.0048802808543068,-0.000344561812673,144,24,mu_0p150,0.15,0.15
lfr,150,1579,0.070648769574944,5,20,30.0,42,7360.6829066635,1.76176e-05,4.661610453871754,4.58072,14.912,10.526666666666667,10.526666666666667,25.0,11.0,49.07121937775667,49.07121937775667,0.1507283090563647,0.8492716909436352,0.1507246706224967,0.8492753293775033,0.6316425086864849,0.6300912737489478,145,25,mu_0p150,0.15,0.15
null,150,1579,0.070648769574944,5,20,30.0,42,7360.6829066635,1.76176e-05,4.661610453871754,4.58072,14.912,10.526666666666667,10.526666666666667,25.0,11.0,49.07121937775667,49.07121937775667,0.7897403419886003,0.2102596580113996,0.7856776305400724,0.2143223694599275,-0.0073695242457507,-0.0037737783174646,145,25,mu_0p150,0.15,0.15
lfr,150,1445,0.0646532438478747,5,26,30.0,36,6436.1899859982,2.97312e-05,4.454110716953771,4.33308,14.3205,9.633333333333333,9.633333333333333,24.0,10.0,42.907933239988,42.907933239988,0.1460207612456747,0.8539792387543252,0.1504019844199907,0.8495980155800092,0.6502115635588654,0.645913451694191,146,26,mu_0p150,0.15,0.15
null,150,1445,0.0646532438478747,5,26,30.0,36,6436.1899859982,2.97312e-05,4.454110716953772,4.33308,14.3205,9.633333333333333,9.633333333333333,24.0,10.0,42.907933239988,42.907933239988,0.8069204152249135,0.1930795847750864,0.8077544518872529,0.192245548112747,-0.0106880904203733,-0.0115171683116633,146,26,mu_0p150,0.15,0.15
lfr,150,1445,0.0646532438478747,5,26,30.0,34,6439.677776472,0.000254547,4.456524412783391,4.36509,13.9811,9.633333333333333,9.633333333333333,23.0,10.0,42.93118517648,42.93118517647999,0.1467128027681661,0.8532871972318339,0.1524709404031574,0.8475290595968425,0.650190491014236,0.6441291345725061,147,27,mu_0p150,0.15,0.15
null,150,1445,0.0646532438478747,5,26,30.0,34,6439.677776472,0.000254547,4.456524412783391,4.36509,13.9811,9.633333333333333,9.633333333333333,23.0,10.0,42.93118517648,42.93118517648,0.7986159169550173,0.2013840830449826,0.7935695940863857,0.2064304059136142,-0.0017126231726152,0.0029955702680675,147,27,mu_0p150,0.15,0.15
lfr,150,1559,0.0697539149888143,5,22,30.0,40,7253.591400818,0.000117533,4.6527205906465685,4.55161,16.4217,10.393333333333333,10.393333333333333,25.0,11.0,48.35727600545333,48.35727600545333,0.1475304682488774,0.8524695317511225,0.15367036261407,0.8463296373859299,0.64242345445202,0.6370073273114623,148,28,mu_0p150,0.15,0.15
null,150,1559,0.0697539149888143,5,22,30.0,40,7253.591400818,0.000117533,4.6527205906465685,4.55161,16.4217,10.393333333333333,10.393333333333333,25.0,11.0,48.35727600545333,48.35727600545333,0.7998717126363053,0.2001282873636947,0.8014741640078313,0.1985258359921686,-0.0099177899354078,-0.012406587325577,148,28,mu_0p150,0.15,0.15
lfr,150,1473,0.0659060402684563,5,22,30.0,44,6646.020538583794,4.17108e-07,4.511894459323689,4.43639,12.5218,9.82,9.82,25.0,10.0,44.30680359055862,44.30680359055863,0.1479972844534962,0.8520027155465038,0.1500340892410594,0.8499659107589406,0.6400822406853575,0.638279005951501,149,29,mu_0p150,0.15,0.15
null,150,1473,0.0659060402684563,5,22,30.0,44,6646.020538583794,4.17108e-07,4.511894459323689,4.43639,12.5218,9.82,9.82,25.0,10.0,44.30680359055862,44.30680359055863,0.803122878479294,0.196877121520706,0.8053300180747265,0.1946699819252735,-0.0150433533404402,-0.0166738644949718,149,29,mu_0p150,0.15,0.15
lfr,150,1564,0.0699776286353467,5,26,30.0,37,7391.110652909199,4.42762e-05,4.725774074750127,4.648605,22.9891,10.426666666666666,10.426666666666666,25.0,14.0,49.27407101939466,49.27407101939466,0.1521739130434782,0.8478260869565217,0.1653905493118341,0.8346094506881658,0.6438095643016464,0.6318653488087055,150,30,mu_0p150,0.15,0.15
null,150,1564,0.0699776286353467,5,26,30.0,37,7391.1106529092,4.42762e-05,4.725774074750128,4.648605,22.9891,10.426666666666666,10.426666666666666,25.0,14.0,49.27407101939467,49.27407101939466,0.8139386189258312,0.1860613810741688,0.8161212446731452,0.1838787553268548,-0.0179551415807065,-0.0205496510338285,150,30,mu_0p150,0.15,0.15
lfr,150,1546,0.0691722595078299,5,23,30.0,49,7165.7361964503,6.80583e-05,4.635016944663842,4.38705,15.3604,10.306666666666668,10.306666666666668,25.0,11.0,47.771574643002,47.771574643002,0.1435963777490297,0.8564036222509702,0.1523971154549709,0.8476028845450291,0.6332111077453981,0.623465194163987,151,31,mu_0p150,0.15,0.15
null,150,1546,0.0691722595078299,5,23,30.0,49,7165.7361964503,6.80583e-05,4.635016944663842,4.38705,15.3604,10.306666666666668,10.306666666666668,25.0,11.0,47.771574643002,47.771574643002,0.796895213454075,0.203104786545925,0.8007013587255067,0.1992986412744932,-0.0200877279596471,-0.0229581507117408,151,31,mu_0p150,0.15,0.15
lfr,150,1514,0.0677404921700223,4,26,37.5,45,6934.6068125957,2.26525e-05,4.580321540684082,4.50681,14.3952,10.093333333333334,10.093333333333334,25.0,11.0,46.23071208397133,46.23071208397133,0.1466314398943196,0.8533685601056803,0.1507922800606901,0.8492077199393099,0.594353624210146,0.5906514291211148,152,32,mu_0p150,0.15,0.15
null,150,1514,0.0677404921700223,4,26,37.5,45,6934.606812595701,2.26525e-05,4.580321540684082,4.50681,14.3952,10.093333333333334,10.093333333333334,25.0,11.0,46.23071208397133,46.23071208397133,0.7437252311756936,0.2562747688243064,0.7468954018193987,0.2531045981806012,-0.0027401670712277,-0.0069325178359296,152,32,mu_0p150,0.15,0.15
lfr,150,1536,0.0687248322147651,5,22,30.0,40,7176.496177767,0.000809518,4.672198032400391,4.611645,16.5419,10.24,10.24,24.0,11.0,47.84330785178001,47.84330785178,0.1529947916666666,0.8470052083333334,0.1615491862670704,0.8384508137329296,0.6388562520345052,0.6309686964123773,153,33,mu_0p150,0.15,0.15
null,150,1536,0.0687248322147651,5,22,30.0,40,7176.496177767,0.000809518,4.672198032400391,4.611645,16.5419,10.24,10.24,24.0,11.0,47.84330785178,47.84330785178,0.7916666666666666,0.2083333333333333,0.8002188541015693,0.1997811458984306,0.0001843770345052,-0.0076467214502187,153,33,mu_0p150,0.15,0.15
lfr,150,1471,0.0658165548098434,5,25,30.0,40,6613.230207997801,6.08801e-07,4.4957377348727405,4.4521,15.3063,9.806666666666668,9.806666666666668,25.0,10.0,44.088201386652,44.088201386652,0.1488783140720598,0.8511216859279402,0.1503795886003025,0.8496204113996975,0.6443532588577442,0.6426640489159581,154,34,mu_0p150,0.15,0.15
null,150,1471,0.0658165548098434,5,25,30.0,40,6613.230207997801,6.08801e-07,4.4957377348727405,4.4521,15.3063,9.806666666666668,9.806666666666668,25.0,10.0,44.08820138665201,44.08820138665201,0.7994561522773623,0.2005438477226376,0.8020718324266102,0.1979281675733898,-0.0062245793475583,-0.0085146442138115,154,34,mu_0p150,0.15,0.15
lfr,150,1541,0.0689485458612975,5,25,30.0,35,7120.1405239519,3.50699e-05,4.620467569079754,4.57032,13.3583,10.273333333333332,10.273333333333332,24.0,11.0,47.46760349301266,47.46760349301267,0.1466580142764438,0.8533419857235561,0.1509209671265691,0.8490790328734308,0.6499256110610224,0.6452315105041091,155,35,mu_0p150,0.15,0.15
null,150,1541,0.0689485458612975,5,25,30.0,35,7120.140523951901,3.50699e-05,4.620467569079754,4.57032,13.3583,10.273333333333332,10.273333333333332,24.0,11.0,47.46760349301266,47.46760349301267,0.8072680077871512,0.1927319922128487,0.808070300633966,0.191929699366034,-0.0106843824496848,-0.0115360896267815,155,35,mu_0p150,0.15,0.15
lfr,150,1529,0.0684116331096196,4,33,37.5,42,7027.67523029949,2.41311e-06,4.59625587331556,4.57446,14.3494,10.193333333333332,10.193333333333332,24.0,11.0,46.85116820199659,46.8511682019966,0.1517331589274035,0.8482668410725964,0.1504873881678252,0.8495126118321747,0.5952372295635161,0.5968481687700898,156,36,mu_0p150,0.15,0.15
null,150,1529,0.0684116331096196,4,33,37.5,42,7027.67523029949,2.41311e-06,4.59625587331556,4.57446,14.3494,10.193333333333332,10.193333333333332,24.0,11.0,46.8511682019966,46.8511682019966,0.7645519947678221,0.2354480052321779,0.7642254251535207,0.2357745748464793,-0.0175816062769025,-0.0172372772566178,156,36,mu_0p150,0.15,0.15
lfr,150,1523,0.0681431767337807,5,24,30.0,38,7012.91968511571,2.10461e-06,4.604674776832377,4.54982,14.1051,10.153333333333334,10.153333333333334,25.0,11.0,46.75279790077139,46.752797900771405,0.1556139198949442,0.8443860801050558,0.1517033122985431,0.8482966877014568,0.6371478864890243,0.6399615221741553,157,37,mu_0p150,0.15,0.15
null,150,1523,0.0681431767337807,5,24,30.0,38,7012.91968511571,2.10461e-06,4.604674776832377,4.54982,14.1051,10.153333333333334,10.153333333333334,25.0,11.0,46.752797900771405,46.752797900771405,0.814182534471438,0.185817465528562,0.8133200526331422,0.1866799473668577,-0.0214207280874694,-0.0197291339732258,157,37,mu_0p150,0.15,0.15
lfr,150,1483,0.0663534675615212,5,25,30.0,36,6711.935601843999,0.000189727,4.525917465842212,4.54509,13.4432,9.886666666666668,9.886666666666668,23.0,10.0,44.74623734562668,44.74623734562666,0.1517194875252865,0.8482805124747135,0.1536456952239943,0.8463543047760057,0.6439913081000269,0.6420082698759799,158,38,mu_0p150,0.15,0.15
null,150,1483,0.0663534675615212,5,25,30.0,36,6711.935601843999,0.000189727,4.525917465842212,4.54509,13.4432,9.886666666666668,9.886666666666668,23.0,10.0,44.74623734562666,44.74623734562668,0.7970330411328388,0.2029669588671612,0.7959316944167805,0.2040683055832195,-0.0013222455075253,-8.68900216985588e-05,158,38,mu_0p150,0.15,0.15
lfr,150,1499,0.067069351230425,4,34,37.5,45,6844.0394313492,6.88594e-05,4.565736778751968,4.45422,14.4524,9.993333333333334,9.993333333333334,25.0,10.0,45.626929542328,45.626929542328,0.1501000667111407,0.8498999332888593,0.1518040875963197,0.8481959124036803,0.596066490402096,0.5945353077831932,159,39,mu_0p150,0.15,0.15
null,150,1499,0.067069351230425,4,34,37.5,45,6844.0394313492,6.88594e-05,4.565736778751968,4.45422,14.4524,9.993333333333334,9.993333333333334,25.0,10.0,45.626929542328,45.626929542328,0.7498332221480988,0.2501667778519012,0.7547897001114776,0.2452102998885224,-0.003666665034862,-0.0086081649610793,159,39,mu_0p150,0.15,0.15
lfr,150,1465,0.0655480984340044,6,21,25.0,33,6578.2101882147,4.15604e-05,4.490245862262594,4.35324,15.6963,9.766666666666667,9.766666666666667,24.0,10.0,43.854734588098005,43.854734588098,0.1747440273037542,0.8252559726962457,0.1774457815753518,0.8225542184246482,0.6538997542196182,0.6516503730379718,160,0,mu_0p175,0.175,0.175
null,150,1465,0.0655480984340044,6,21,25.0,33,6578.2101882147,4.15604e-05,4.490245862262594,4.35324,15.6963,9.766666666666667,9.766666666666667,24.0,10.0,43.854734588098,43.854734588098,0.8300341296928327,0.1699658703071672,0.8378429198195776,0.1621570801804224,-0.0013903481694603,-0.0098760743951163,160,0,mu_0p175,0.175,0.175
lfr,150,1431,0.0640268456375838,5,21,30.0,40,6351.65000295262,9.66362e-06,4.438609366144388,4.39766,14.2637,9.54,9.54,24.0,10.0,42.34433335301747,42.34433335301746,0.1754018169112508,0.8245981830887491,0.1767338097078379,0.8232661902921621,0.6123678495683822,0.6104604720584021,161,1,mu_0p175,0.175,0.175
null,150,1431,0.0640268456375838,5,21,30.0,40,6351.65000295262,9.66362e-06,4.438609366144388,4.39766,14.2637,9.54,9.54,24.0,10.0,42.34433335301746,42.34433335301746,0.7875611460517121,0.2124388539482878,0.7870200547769248,0.2129799452230751,0.000208520427921,-0.0010284621504655,161,1,mu_0p175,0.175,0.175
lfr,150,1457,0.0651901565995525,4,33,37.5,40,6532.117651653,0.000348286,4.483265375190802,4.34674,13.7558,9.713333333333331,9.713333333333331,25.0,10.0,43.54745101102,43.54745101102,0.1763898421413864,0.8236101578586136,0.1759486835577978,0.8240513164422021,0.5715545476856809,0.5719450975575219,162,2,mu_0p175,0.175,0.175
null,150,1457,0.0651901565995525,4,33,37.5,40,6532.117651653,0.000348286,4.483265375190802,4.34674,13.7558,9.713333333333331,9.713333333333331,25.0,10.0,43.54745101102,43.54745101102,0.7357584076870282,0.2642415923129718,0.743317196480424,0.2566828035195759,0.0121859821400391,0.0052101561680262,162,2,mu_0p175,0.175,0.175
lfr,150,1510,0.0675615212527964,4,33,37.5,49,6890.396288831596,1.70866e-07,4.563176350219599,4.39453,13.2198,10.066666666666666,10.066666666666666,25.0,11.0,45.935975258877306,45.935975258877306,0.1688741721854304,0.8311258278145696,0.1752494846760632,0.8247505153239367,0.5729397833428358,0.5664205503444436,163,3,mu_0p175,0.175,0.175
null,150,1510,0.0675615212527964,4,33,37.5,49,6890.396288831596,1.70866e-07,4.563176350219599,4.39453,13.2198,10.066666666666666,10.066666666666666,25.0,11.0,45.935975258877306,45.935975258877306,0.7403973509933774,0.2596026490066225,0.7392350913937226,0.2607649086062774,0.0014166045348888,0.0026959726913673,163,3,mu_0p175,0.175,0.175
lfr,150,1466,0.0655928411633109,6,20,25.0,34,6579.77815108308,5.81011e-06,4.488252490506876,4.387505,16.1052,9.773333333333332,9.773333333333332,24.0,10.0,43.8651876738872,43.86518767388719,0.1739427012278308,0.8260572987721692,0.1758347188183904,0.8241652811816096,0.6541111952785187,0.6533045131617249,164,4,mu_0p175,0.175,0.175
null,150,1466,0.0655928411633109,6,20,25.0,34,6579.77815108308,5.81011e-06,4.488252490506876,4.387505,16.1052,9.773333333333332,9.773333333333332,24.0,10.0,43.8651876738872,43.865187673887206,0.8281036834924966,0.1718963165075033,0.8283189770432827,0.1716810229567172,-4.978698614712535e-05,1.5137348297840358e-05,164,4,mu_0p175,0.175,0.175
lfr,150,1485,0.0664429530201342,5,23,30.0,38,6748.342124763,0.000130109,4.544338131153536,4.44588,15.404,9.9,9.9,25.0,10.0,44.98894749842,44.98894749842,0.1764309764309764,0.8235690235690236,0.1782520095341563,0.8217479904658437,0.6179364917412056,0.616473069290807,165,5,mu_0p175,0.175,0.175
null,150,1485,0.0664429530201342,5,23,30.0,38,6748.342124762999,0.000130109,4.544338131153535,4.44588,15.404,9.9,9.9,25.0,10.0,44.98894749842,44.98894749842,0.8101010101010101,0.1898989898989899,0.8031779446238951,0.1968220553761048,-0.0157335419288281,-0.0097738454317395,165,5,mu_0p175,0.175,0.175
lfr,150,1462,0.065413870246085,4,30,37.5,44,6556.918527596209,4.50689e-07,4.484896393704657,4.334294999999999,15.6521,9.746666666666666,9.746666666666666,24.0,10.0,43.712790183974725,43.71279018397472,0.1751025991792065,0.8248974008207934,0.1750983747570075,0.8249016252429924,0.5684219095330685,0.5677174512721134,166,6,mu_0p175,0.175,0.175
null,150,1462,0.065413870246085,4,30,37.5,44,6556.918527596208,4.50689e-07,4.484896393704656,4.334294999999999,15.6521,9.746666666666666,9.746666666666666,24.0,10.0,43.71279018397473,43.71279018397472,0.7311901504787962,0.2688098495212038,0.7314292394151815,0.2685707605848185,0.0123343582334788,0.0123440540748553,166,6,mu_0p175,0.175,0.175
lfr,150,1434,0.0641610738255033,5,20,30.0,37,6353.588339258959,5.89959e-07,4.430675271449762,4.28547,13.3641,9.56,9.56,25.0,10.0,42.357255595059726,42.357255595059726,0.1743375174337517,0.8256624825662482,0.1750389449041121,0.8249610550958878,0.615673550688694,0.6153143639305085,167,7,mu_0p175,0.175,0.175
null,150,1434,0.0641610738255033,5,20,30.0,37,6353.588339258959,5.89959e-07,4.430675271449762,4.28547,13.3641,9.56,9.56,25.0,10.0,42.357255595059726,42.357255595059726,0.7880055788005579,0.2119944211994421,0.7882482873753175,0.2117517126246825,0.0020054893218878,0.001776618141129,167,7,mu_0p175,0.175,0.175
lfr,150,1472,0.0658612975391498,5,22,30.0,45,6626.2111018653,1.71073e-05,4.501502107245448,4.4244,16.7899,9.813333333333333,9.813333333333333,25.0,10.0,44.17474067910201,44.174740679102,0.1745923913043478,0.8254076086956521,0.1757294453745235,0.8242705546254765,0.6089365622046313,0.6059999859543285,168,8,mu_0p175,0.175,0.175
null,150,1472,0.0658612975391498,5,22,30.0,45,6626.2111018653,1.71073e-05,4.501502107245448,4.4244,16.7899,9.813333333333333,9.813333333333333,25.0,10.0,44.174740679102,44.174740679102,0.7948369565217391,0.2051630434782608,0.7883655264727015,0.2116344735272984,-0.0113080030127599,-0.0063610809729691,168,8,mu_0p175,0.175,0.175
lfr,150,1525,0.0682326621923937,4,28,37.5,45,7025.650907069001,4.1259e-05,4.606984201356722,4.51206,15.5584,10.166666666666666,10.166666666666666,25.0,11.0,46.83767271379334,46.83767271379334,0.1711475409836065,0.8288524590163935,0.1764666410939313,0.8235333589060687,0.5711006718624025,0.5662504185224657,169,9,mu_0p175,0.175,0.175
null,150,1525,0.0682326621923937,4,28,37.5,45,7025.650907069001,4.1259e-05,4.606984201356722,4.51206,15.5584,10.166666666666666,10.166666666666666,25.0,11.0,46.83767271379334,46.83767271379334,0.7495081967213115,0.2504918032786885,0.7518015194140245,0.2481984805859755,-0.0072599838753023,-0.0086656241870746,169,9,mu_0p175,0.175,0.175
lfr,150,1444,0.0646085011185682,4,27,37.5,51,6521.2590433121895,6.63119e-06,4.5161073707148125,4.3283000000000005,17.8427,9.626666666666669,9.626666666666669,23.0,10.0,43.47506028874794,43.47506028874793,0.1752077562326869,0.824792243767313,0.1908551055932355,0.8091448944067644,0.5607634226256705,0.5490583408445531,170,10,mu_0p175,0.175,0.175
null,150,1444,0.0646085011185682,4,27,37.5,51,6521.2590433121895,6.63119e-06,4.5161073707148125,4.3283000000000005,17.8427,9.626666666666669,9.626666666666669,23.0,10.0,43.47506028874793,43.47506028874793,0.7257617728531855,0.2742382271468144,0.7369448783037891,0.2630551216962109,0.0102094060051718,7.135057234796197e-05,170,10,mu_0p175,0.175,0.175
lfr,150,1428,0.0638926174496644,5,22,30.0,39,6325.618824932689,6.07379e-07,4.429705059476673,4.36134,14.4672,9.52,9.52,23.0,10.0,42.17079216621792,42.17079216621793,0.1771708683473389,0.822829131652661,0.1750390587192027,0.8249609412807972,0.6103117717675305,0.6122739576326234,171,11,mu_0p175,0.175,0.175
null,150,1428,0.0638926174496644,5,22,30.0,39,6325.61882493269,6.07379e-07,4.429705059476674,4.36134,14.4672,9.52,9.52,23.0,10.0,42.17079216621792,42.17079216621792,0.7892156862745098,0.2107843137254902,0.7871883296098979,0.212811670390102,-0.0017330461596403,0.0008251003698769,171,11,mu_0p175,0.175,0.175
lfr,150,1472,0.0658612975391498,4,26,37.5,48,6635.604837146219,1.27572e-06,4.507883720887377,4.335285,14.9482,9.813333333333333,9.813333333333333,24.0,10.0,44.2373655809748,44.2373655809748,0.1725543478260869,0.8274456521739131,0.1761567175613991,0.8238432824386008,0.5648943318761814,0.5623765853390874,172,12,mu_0p175,0.175,0.175
null,150,1472,0.0658612975391498,4,26,37.5,48,6635.60483714622,1.27572e-06,4.507883720887378,4.335285,14.9482,9.813333333333333,9.813333333333333,24.0,10.0,44.2373655809748,44.2373655809748,0.7466032608695652,0.2533967391304348,0.7380656807730424,0.2619343192269576,-0.0091545811672967,-0.0030327310952836,172,12,mu_0p175,0.175,0.175
lfr,150,1514,0.0677404921700223,4,27,37.5,45,6923.530958422,0.000100908,4.5730059170554815,4.512385,13.3373,10.093333333333334,10.093333333333334,24.0,11.0,46.156873056146665,46.156873056146665,0.1763540290620872,0.8236459709379128,0.1757649537107518,0.8242350462892483,0.5635726613256458,0.5634676723974119,173,13,mu_0p175,0.175,0.175
null,150,1514,0.0677404921700223,4,27,37.5,45,6923.530958422,0.000100908,4.573005917055482,4.512385,13.3373,10.093333333333334,10.093333333333334,24.0,11.0,46.156873056146665,46.15687305614667,0.7615587846763541,0.2384412153236459,0.7634276412431446,0.2365723587568554,-0.021632094288621,-0.0240564413069437,173,13,mu_0p175,0.175,0.175
lfr,150,1449,0.0648322147651006,5,22,30.0,41,6487.5714463716,3.34859e-05,4.47727498024265,4.32641,15.5287,9.66,9.66,25.0,10.0,43.250476309144005,43.250476309144,0.1725327812284334,0.8274672187715666,0.1771574765491637,0.8228425234508363,0.6184413133733505,0.6143733199206785,174,14,mu_0p175,0.175,0.175
null,150,1449,0.0648322147651006,5,22,30.0,41,6487.5714463716,3.34859e-05,4.47727498024265,4.32641,15.5287,9.66,9.66,25.0,10.0,43.250476309144,43.250476309144,0.7867494824016563,0.2132505175983436,0.784657560052421,0.2153424399475789,0.0042246122001275,0.00511331020761,174,14,mu_0p175,0.175,0.175
lfr,150,1489,0.0666219239373601,5,25,30.0,35,6739.89868378953,3.12233e-06,4.526459827931182,4.48152,14.4922,9.926666666666666,9.926666666666666,24.0,10.0,44.932657891930205,44.9326578919302,0.1719274680993955,0.8280725319006044,0.1750435784186293,0.8249564215813706,0.6257966976091968,0.6227627838006511,175,15,mu_0p175,0.175,0.175
null,150,1489,0.0666219239373601,5,25,30.0,35,6739.89868378953,3.12233e-06,4.526459827931182,4.48152,14.4922,9.926666666666666,9.926666666666666,24.0,10.0,44.93265789193019,44.9326578919302,0.7985224983210208,0.2014775016789791,0.8018087119892312,0.1981912880107688,-0.0007983326124284,-0.0039233639994811,175,15,mu_0p175,0.175,0.175
lfr,150,1449,0.0648322147651006,4,22,37.5,57,6474.73233069949,1.98659e-06,4.46841430690096,4.32382,13.3432,9.66,9.66,25.0,10.0,43.16488220466327,43.16488220466327,0.1746031746031746,0.8253968253968254,0.1751291100209831,0.8248708899790168,0.5442805561628138,0.5422863336271656,176,16,mu_0p175,0.175,0.175
null,150,1449,0.0648322147651006,4,22,37.5,57,6474.73233069949,1.98659e-06,4.46841430690096,4.32382,13.3432,9.66,9.66,25.0,10.0,43.16488220466327,43.16488220466327,0.7198067632850241,0.2801932367149758,0.7183937556283936,0.2816062443716064,-0.0009230325190357,0.000495840392765,176,16,mu_0p175,0.175,0.175
lfr,150,1587,0.0710067114093959,4,27,37.5,51,7419.782052996859,4.64346e-06,4.675351010079937,4.64427,16.3579,10.58,10.58,25.0,11.0,49.46521368664573,49.46521368664573,0.1751732829237555,0.8248267170762444,0.1757645836066193,0.8242354163933807,0.5622855677172236,0.5628090911721315,177,17,mu_0p175,0.175,0.175
null,150,1587,0.0710067114093959,4,27,37.5,51,7419.782052996859,4.64346e-06,4.675351010079937,4.64427,16.3579,10.58,10.58,25.0,11.0,49.46521368664573,49.46521368664573,0.7511027095148078,0.2488972904851921,0.7540742006450187,0.2459257993549812,-0.0136438588738287,-0.0157248960353944,177,17,mu_0p175,0.175,0.175
lfr,150,1444,0.0646085011185682,4,25,37.5,53,6464.251936554,0.000150911,4.476628764926593,4.35214,14.9131,9.626666666666669,9.626666666666669,24.0,10.0,43.09501291036,43.09501291036,0.1759002770083102,0.8240997229916898,0.1810813096461711,0.8189186903538288,0.5599721073349652,0.5589935355802836,178,18,mu_0p175,0.175,0.175
null,150,1444,0.0646085011185682,4,25,37.5,53,6464.251936553999,0.000150911,4.476628764926592,4.35214,14.9131,9.626666666666669,9.626666666666669,24.0,10.0,43.09501291036,43.09501291036,0.7590027700831025,0.2409972299168975,0.7525475197269736,0.2474524802730263,-0.023130385739827,-0.0162230671198821,178,18,mu_0p175,0.175,0.175
lfr,150,1480,0.0662192393736017,4,32,37.5,44,6690.14256221743,6.81213e-06,4.520366596092858,4.362735000000001,15.5443,9.866666666666667,9.866666666666667,25.0,10.0,44.60095041478287,44.60095041478287,0.1722972972972972,0.8277027027027027,0.1752046583935463,0.8247953416064537,0.5722836011687364,0.5690734021130747,179,19,mu_0p175,0.175,0.175
null,150,1480,0.0662192393736017,4,32,37.5,44,6690.14256221743,6.81213e-06,4.520366596092858,4.362735000000001,15.5443,9.866666666666667,9.866666666666667,25.0,10.0,44.60095041478287,44.60095041478286,0.7385135135135135,0.2614864864864865,0.7382422854957101,0.2617577145042898,0.0060673849525201,0.006668468532546,179,19,mu_0p175,0.175,0.175
lfr,150,1472,0.0658612975391498,5,23,30.0,45,6657.779584206,0.00021765,4.522948087096467,4.42334,15.6946,9.813333333333333,9.813333333333333,23.0,10.0,44.385197228040006,44.38519722804,0.1732336956521739,0.826766304347826,0.1797056119196657,0.8202943880803342,0.6143930359463611,0.6102397183458448,180,20,mu_0p175,0.175,0.175
null,150,1472,0.0658612975391498,5,23,30.0,45,6657.779584206,0.00021765,4.522948087096467,4.42334,15.6946,9.813333333333333,9.813333333333333,23.0,10.0,44.38519722804,44.385197228040006,0.782608695652174,0.217391304347826,0.7907304491079576,0.2092695508920423,0.005018035946361,-0.0040522009834637,180,20,mu_0p175,0.175,0.175
lfr,150,1472,0.0658612975391498,4,30,37.5,43,6601.253575368601,1.04646e-05,4.484547265875408,4.472935,13.3641,9.813333333333333,9.813333333333333,24.0,10.0,44.008357169124,44.008357169124,0.1732336956521739,0.826766304347826,0.1750189796797933,0.8249810203202067,0.5720607130198487,0.5701656383562449,181,21,mu_0p175,0.175,0.175
null,150,1472,0.0658612975391498,4,30,37.5,43,6601.253575368601,1.04646e-05,4.484547265875408,4.472935,13.3641,9.813333333333333,9.813333333333333,24.0,10.0,44.008357169124,44.008357169124,0.7561141304347826,0.2438858695652174,0.7580485935404743,0.2419514064595257,-0.0108197217627599,-0.0126166288919026,181,21,mu_0p175,0.175,0.175
lfr,150,1447,0.0647427293064877,4,31,37.5,51,6439.63969009201,2.70111e-06,4.450338417478929,4.41812,12.2089,9.646666666666668,9.646666666666668,24.0,10.0,42.93093126728007,42.93093126728006,0.178991015894955,0.821008984105045,0.1753225870430459,0.8246774129569541,0.558655063570746,0.5623410728234597,182,22,mu_0p175,0.175,0.175
null,150,1447,0.0647427293064877,4,31,37.5,51,6439.63969009201,2.70111e-06,4.450338417478929,4.41812,12.2089,9.646666666666668,9.646666666666668,24.0,10.0,42.93093126728007,42.93093126728007,0.7546648237733241,0.2453351762266759,0.7558159426065912,0.2441840573934087,-0.017018744307623,-0.0166120804865935,182,22,mu_0p175,0.175,0.175
lfr,150,1463,0.0654586129753915,5,22,30.0,36,6558.849744285209,3.26328e-06,4.483150884678886,4.51046,16.0806,9.753333333333334,9.753333333333334,25.0,10.0,43.72566496190141,43.725664961901394,0.1729323308270676,0.8270676691729324,0.1752825676921344,0.8247174323078656,0.6233018699112162,0.6216412717080952,183,23,mu_0p175,0.175,0.175
null,150,1463,0.0654586129753915,5,22,30.0,36,6558.84974428521,3.26328e-06,4.483150884678886,4.51046,16.0806,9.753333333333334,9.753333333333334,25.0,10.0,43.725664961901394,43.7256649619014,0.7785372522214627,0.2214627477785372,0.7769616036153879,0.2230383963846121,0.0176969485168211,0.0188959822692455,183,23,mu_0p175,0.175,0.175
lfr,150,1454,0.0650559284116331,5,25,30.0,39,6491.309155764359,3.40196e-06,4.464449213042888,4.34895,12.582,9.693333333333332,9.693333333333332,25.0,10.0,43.2753943717624,43.2753943717624,0.1733149931224209,0.8266850068775791,0.1751924455415108,0.8248075544584892,0.6214805620883622,0.6202019330494625,184,24,mu_0p175,0.175,0.175
null,150,1454,0.0650559284116331,5,25,30.0,39,6491.30915576436,3.40196e-06,4.464449213042888,4.34895,12.582,9.693333333333332,9.693333333333332,25.0,10.0,43.2753943717624,43.2753943717624,0.7991746905089409,0.2008253094910591,0.798954663522519,0.201045336477481,-0.0043791352981577,-0.0042924541311113,184,24,mu_0p175,0.175,0.175
lfr,150,1467,0.0656375838926174,5,26,30.0,33,6621.0174411073,3.28973e-05,4.513304322499864,4.39453,16.3533,9.78,9.78,25.0,10.0,44.140116274048665,44.140116274048665,0.1785957736877982,0.8214042263122018,0.177709953428324,0.8222900465716759,0.6197146121744965,0.6210412589710959,185,25,mu_0p175,0.175,0.175
null,150,1467,0.0656375838926174,5,26,30.0,33,6621.0174411073,3.28973e-05,4.513304322499864,4.39453,16.3533,9.78,9.78,25.0,10.0,44.140116274048665,44.140116274048665,0.7955010224948875,0.2044989775051124,0.7922760218073077,0.2077239781926922,0.0028093633674072,0.005840047526936,185,25,mu_0p175,0.175,0.175
lfr,150,1521,0.0680536912751677,4,23,37.5,62,6964.88063153994,6.06616e-06,4.579145714358935,4.57304,15.6456,10.14,10.14,24.0,11.0,46.4325375435996,46.4325375435996,0.1761998685075608,0.8238001314924392,0.1755985602971536,0.8244014397028464,0.5297792336178013,0.52951598095943,186,26,mu_0p175,0.175,0.175
null,150,1521,0.0680536912751677,4,23,37.5,62,6964.88063153994,6.06616e-06,4.579145714358935,4.57304,15.6456,10.14,10.14,24.0,11.0,46.4325375435996,46.4325375435996,0.715318869165023,0.284681130834977,0.7053418523449102,0.2946581476550898,-0.0093397670396608,-2.809127508805048e-05,186,26,mu_0p175,0.175,0.175
lfr,150,1581,0.070738255033557,4,29,37.5,51,7376.979390079599,1.097e-05,4.66602111959494,4.66804,15.5974,10.54,10.54,25.0,11.0,49.17986260053066,49.17986260053067,0.1752055660974067,0.8247944339025933,0.1751838146406502,0.8248161853593498,0.5612417540520116,0.5608409848944879,187,27,mu_0p175,0.175,0.175
null,150,1581,0.070738255033557,4,29,37.5,51,7376.979390079599,1.097e-05,4.66602111959494,4.66804,15.5974,10.54,10.54,25.0,11.0,49.17986260053066,49.17986260053066,0.7469955724225174,0.2530044275774826,0.7434057237199936,0.2565942762800064,-0.0105482522730991,-0.0074844887725507,187,27,mu_0p175,0.175,0.175
lfr,150,1396,0.0624608501118568,5,23,30.0,35,6110.60143304324,1.37574e-06,4.377221656907765,4.201594999999999,14.3398,9.306666666666668,9.306666666666668,20.0,10.0,40.73734288695493,40.73734288695494,0.1755014326647564,0.8244985673352435,0.1759310887517399,0.8240689112482601,0.6195767070877907,0.6186933524932718,188,28,mu_0p175,0.175,0.175
null,150,1396,0.0624608501118568,5,23,30.0,35,6110.60143304324,1.37574e-06,4.377221656907765,4.201594999999999,14.3398,9.306666666666668,9.306666666666668,20.0,10.0,40.73734288695494,40.73734288695494,0.8022922636103151,0.1977077363896848,0.8085289692432434,0.1914710307567566,-0.007214123857768,-0.0129499797105722,188,28,mu_0p175,0.175,0.175
lfr,150,1504,0.0672930648769574,3,38,50.0,70,6856.8862592105,9.45325e-05,4.55909990638996,4.471435,14.6056,10.026666666666667,10.026666666666667,25.0,11.0,45.71257506140334,45.712575061403335,0.1748670212765957,0.8251329787234043,0.1765838696221736,0.8234161303778263,0.4633017626754188,0.4624300154108853,189,29,mu_0p175,0.175,0.175
null,150,1504,0.0672930648769574,3,38,50.0,70,6856.8862592105,9.45325e-05,4.55909990638996,4.471435,14.6056,10.026666666666667,10.026666666666667,25.0,11.0,45.71257506140333,45.71257506140333,0.6343085106382979,0.3656914893617021,0.6412387752985371,0.3587612247014629,0.0038602733137166,-0.0033609964172532,189,29,mu_0p175,0.175,0.175
lfr,150,1453,0.0650111856823266,4,34,37.5,42,6505.3338763257,8.98527e-05,4.477174037388644,4.40736,16.4876,9.686666666666667,9.686666666666667,25.0,10.0,43.368892508838,43.368892508838,0.1768754301445285,0.8231245698554714,0.1771187548910997,0.8228812451089003,0.5721948892790814,0.5729043379915074,190,30,mu_0p175,0.175,0.175
null,150,1453,0.0650111856823266,4,34,37.5,42,6505.3338763257,8.98527e-05,4.477174037388644,4.40736,16.4876,9.686666666666667,9.686666666666667,25.0,10.0,43.36889250883801,43.368892508838,0.7405368203716449,0.2594631796283551,0.7394989094230526,0.2605010905769473,0.0085334990519649,0.0094021404993176,190,30,mu_0p175,0.175,0.175
lfr,150,1499,0.067069351230425,6,24,25.0,27,6820.645624698431,6.96243e-06,4.5501305034679325,4.52887,15.4061,9.993333333333334,9.993333333333334,25.0,10.0,45.47097083132287,45.47097083132286,0.1794529686457638,0.8205470313542361,0.1757940260606109,0.824205973939389,0.6533188013712499,0.6569747849524902,191,31,mu_0p175,0.175,0.175
null,150,1499,0.067069351230425,6,24,25.0,27,6820.64562469843,6.96243e-06,4.550130503467932,4.52887,15.4061,9.993333333333334,9.993333333333334,25.0,10.0,45.47097083132287,45.47097083132287,0.8232154769846565,0.1767845230153435,0.8242528996360806,0.1757471003639193,0.0095562930323573,0.0087440936969997,191,31,mu_0p175,0.175,0.175
lfr,150,1453,0.0650111856823266,5,23,30.0,33,6489.501836325,7.5303e-05,4.466277932777013,4.32115,16.3568,9.686666666666667,9.686666666666667,25.0,10.0,43.2633455755,43.2633455755,0.1741225051617343,0.8258774948382657,0.1763047249514174,0.8236952750485825,0.6223064604214931,0.6200354308764461,192,32,mu_0p175,0.175,0.175
null,150,1453,0.0650111856823266,5,23,30.0,33,6489.501836325,7.5303e-05,4.466277932777013,4.32115,16.3568,9.686666666666667,9.686666666666667,25.0,10.0,43.2633455755,43.2633455755,0.805230557467309,0.194769442532691,0.8021571085698195,0.1978428914301805,-0.0088015918840815,-0.005266178437325,192,32,mu_0p175,0.175,0.175
lfr,150,1474,0.0659507829977628,6,22,25.0,28,6645.9324037441,5.23234e-05,4.508773679609295,4.576825,13.3132,9.826666666666666,9.826666666666666,25.0,10.0,44.30621602496067,44.30621602496067,0.1777476255088195,0.8222523744911805,0.1760689851562259,0.8239310148437741,0.6544266149209546,0.6566000476042252,193,33,mu_0p175,0.175,0.175
null,150,1474,0.0659507829977628,6,22,25.0,28,6645.9324037441,5.23234e-05,4.508773679609295,4.576825,13.3132,9.826666666666666,9.826666666666666,25.0,10.0,44.30621602496068,44.30621602496066,0.8181818181818182,0.1818181818181817,0.818265816939867,0.181734183060133,0.0139924222479559,0.0141808877212855,193,33,mu_0p175,0.175,0.175
lfr,150,1450,0.0648769574944071,4,32,37.5,43,6482.130528468901,1.96158e-05,4.470434847219932,4.26897,15.6387,9.666666666666666,9.666666666666666,25.0,10.0,43.214203523126,43.214203523126,0.1710344827586206,0.8289655172413793,0.1761846361243601,0.8238153638756398,0.5767885850178359,0.5722587932633983,194,34,mu_0p175,0.175,0.175
null,150,1450,0.0648769574944071,4,32,37.5,43,6482.130528468901,1.96158e-05,4.470434847219932,4.26897,15.6387,9.666666666666666,9.666666666666666,25.0,10.0,43.214203523126,43.214203523126,0.7510344827586207,0.2489655172413792,0.759234348242377,0.240765651757623,-0.003211414982164,-0.011445607407831,194,34,mu_0p175,0.175,0.175
lfr,150,1485,0.0664429530201342,4,24,37.5,50,6744.313757827001,0.000185456,4.541625426146129,4.48518,15.5403,9.9,9.9,25.0,10.0,44.962091718846665,44.962091718846665,0.1771043771043771,0.8228956228956229,0.1757702622377623,0.8242297377622376,0.55765828883674,0.5599233558793194,195,35,mu_0p175,0.175,0.175
null,150,1485,0.0664429530201342,4,24,37.5,50,6744.313757827,0.000185456,4.541625426146128,4.48518,15.5403,9.9,9.9,25.0,10.0,44.962091718846665,44.962091718846665,0.7178451178451178,0.2821548821548821,0.7282630509152822,0.2717369490847178,0.0169175480959992,0.0075110944935399,195,35,mu_0p175,0.175,0.175
lfr,150,1451,0.0649217002237136,4,23,37.5,49,6505.847436021741,2.33864e-06,4.48369912889162,4.29962,14.3414,9.673333333333334,9.673333333333334,25.0,10.0,43.37231624014493,43.37231624014493,0.175051688490696,0.8249483115093039,0.1788684314327119,0.8211315685672881,0.5598558184402876,0.5588941316236462,196,36,mu_0p175,0.175,0.175
null,150,1451,0.0649217002237136,4,23,37.5,49,6505.847436021741,2.33864e-06,4.48369912889162,4.29962,14.3414,9.673333333333334,9.673333333333334,25.0,10.0,43.37231624014494,43.372316240144926,0.7429359062715368,0.2570640937284631,0.7437077665738762,0.2562922334261238,-0.0080283993405531,-0.0084827372593151,196,36,mu_0p175,0.175,0.175
lfr,150,1486,0.0664876957494407,4,28,37.5,44,6730.3606207620505,7.02175e-06,4.529179421777961,4.504215,12.2663,9.906666666666666,9.906666666666666,25.0,10.0,44.869070805080334,44.869070805080334,0.1776581426648721,0.8223418573351279,0.1750278338917104,0.8249721661082895,0.564443554829372,0.5663485873690502,197,37,mu_0p175,0.175,0.175
null,150,1486,0.0664876957494407,4,28,37.5,44,6730.36062076205,7.02175e-06,4.529179421777961,4.504215,12.2663,9.906666666666666,9.906666666666666,25.0,10.0,44.869070805080334,44.869070805080334,0.7388963660834454,0.2611036339165545,0.7342988149499161,0.2657011850500839,0.0032053314107986,0.0082122110873265,197,37,mu_0p175,0.175,0.175
lfr,150,1514,0.0677404921700223,6,20,25.0,29,6929.7496943943,1.72885e-05,4.5771134044876485,4.46432,16.4813,10.093333333333334,10.093333333333334,25.0,11.0,46.198331295962,46.19833129596201,0.1690885072655218,0.8309114927344782,0.1761033209296839,0.823896679070316,0.6618011723255778,0.655350702505622,198,38,mu_0p175,0.175,0.175
null,150,1514,0.0677404921700223,6,20,25.0,29,6929.7496943943,1.72885e-05,4.5771134044876485,4.46432,16.4813,10.093333333333334,10.093333333333334,25.0,11.0,46.19833129596201,46.198331295962,0.832892998678996,0.1671070013210039,0.8377872238397133,0.1622127761602867,-0.0020033190878964,-0.007306512361276,198,38,mu_0p175,0.175,0.175
lfr,150,1503,0.067248322147651,4,36,37.5,40,6838.2379979993,2.86489e-05,4.549725880239055,4.47752,14.498,10.02,10.02,22.0,11.0,45.58825331999533,45.58825331999533,0.1743180306054557,0.8256819693945443,0.1759888524428953,0.8240111475571046,0.5760419723870069,0.5751688751028707,199,39,mu_0p175,0.175,0.175
null,150,1503,0.067248322147651,4,36,37.5,40,6838.2379979993,2.86489e-05,4.549725880239055,4.47752,14.498,10.02,10.02,22.0,11.0,45.58825331999533,45.58825331999533,0.7571523619427811,0.2428476380572188,0.7502690176395971,0.2497309823604029,-0.0067923589503184,0.0002159874239179,199,39,mu_0p175,0.175,0.175
lfr,150,1426,0.0638031319910514,5,25,30.0,43,6300.77004988345,1.56163e-06,4.418492321096388,4.349145,12.9582,9.506666666666666,9.506666666666666,24.0,10.0,42.00513366588967,42.00513366588966,0.2230014025245441,0.7769985974754559,0.2250285216978645,0.7749714783021354,0.5664945148110919,0.5637897717159481,200,0,mu_0p225,0.225,0.225
null,150,1426,0.0638031319910514,5,25,30.0,43,6300.770049883449,1.56163e-06,4.418492321096388,4.349145,12.9582,9.506666666666666,9.506666666666666,24.0,10.0,42.00513366588966,42.00513366588967,0.7889200561009818,0.2110799438990181,0.7908583993087814,0.2091416006912185,0.0005758612346543,-0.0019720633610461,200,0,mu_0p225,0.225,0.225
lfr,150,1492,0.0667561521252796,4,35,37.5,40,6765.04626031,1.22658e-05,4.534213311199732,4.45828,17.0566,9.946666666666667,9.946666666666667,25.0,10.0,45.100308402066666,45.100308402066666,0.2225201072386059,0.7774798927613941,0.2252480946435058,0.7747519053564942,0.5262858570104004,0.5237242421378581,201,1,mu_0p225,0.225,0.225
null,150,1492,0.0667561521252796,4,35,37.5,40,6765.04626031,1.22658e-05,4.534213311199732,4.45828,17.0566,9.946666666666667,9.946666666666667,25.0,10.0,45.100308402066666,45.100308402066666,0.7613941018766756,0.2386058981233244,0.7537097517527616,0.2462902482472384,-0.0125881376276692,-0.0054416933378322,201,1,mu_0p225,0.225,0.225
lfr,150,1413,0.0632214765100671,4,27,37.5,41,6206.480856609736,3.94166e-07,4.392413911259545,4.27129,11.5616,9.42,9.42,24.0,10.0,41.376539044064906,41.376539044064906,0.2257607926397735,0.7742392073602264,0.225035478055541,0.774964521944459,0.5186191912225423,0.5204344109092575,202,2,mu_0p225,0.225,0.225
null,150,1413,0.0632214765100671,4,27,37.5,41,6206.480856609736,3.94166e-07,4.392413911259545,4.27129,11.5616,9.42,9.42,24.0,10.0,41.376539044064906,41.376539044064906,0.7445152158527955,0.2554847841472045,0.7472871613282281,0.2527128386717718,-0.0001352319904796,-0.0024333484605902,202,2,mu_0p225,0.225,0.225
lfr,150,1428,0.0638926174496644,5,27,30.0,37,6327.07517302149,1.40937e-06,4.430724911079475,4.366855,14.3985,9.52,9.52,25.0,10.0,42.1805011534766,42.1805011534766,0.2261904761904762,0.7738095238095238,0.2250220400560829,0.774977959943917,0.5703766800837982,0.5713001666595298,203,3,mu_0p225,0.225,0.225
null,150,1428,0.0638926174496644,5,27,30.0,37,6327.07517302149,1.40937e-06,4.430724911079475,4.366855,14.3985,9.52,9.52,25.0,10.0,42.1805011534766,42.180501153476605,0.811624649859944,0.188375350140056,0.8117835924426946,0.1882164075573054,-0.0150574935856695,-0.0155547196124622,203,3,mu_0p225,0.225,0.225
lfr,150,1398,0.0625503355704698,5,23,30.0,39,6132.188127011061,2.87071e-07,4.3864006630980406,4.281124999999999,15.3373,9.32,9.32,25.0,10.0,40.88125418007374,40.88125418007374,0.217453505007153,0.7825464949928469,0.2251553080913123,0.7748446919086878,0.5703073673610983,0.5604590980387596,204,4,mu_0p225,0.225,0.225
null,150,1398,0.0625503355704698,5,23,30.0,39,6132.188127011061,2.87071e-07,4.3864006630980406,4.281124999999999,15.3373,9.32,9.32,25.0,10.0,40.88125418007374,40.88125418007375,0.796137339055794,0.203862660944206,0.7923673116429409,0.207632688357059,-0.0083764666875425,-0.0045884236849267,204,4,mu_0p225,0.225,0.225
lfr,150,1503,0.067248322147651,4,22,37.5,62,6861.9952695217,2.71467e-05,4.56553244811823,4.57372,11.4982,10.02,10.02,25.0,11.0,45.74663513014467,45.74663513014467,0.2262142381902861,0.7737857618097139,0.2250336700726596,0.7749663299273404,0.484220293057708,0.4867781099143157,205,5,mu_0p225,0.225,0.225
null,150,1503,0.067248322147651,4,22,37.5,62,6861.9952695217,2.71467e-05,4.56553244811823,4.57372,11.4982,10.02,10.02,25.0,11.0,45.74663513014467,45.74663513014467,0.716566866267465,0.283433133732535,0.7143762653968403,0.2856237346031597,-0.0061323350194709,-0.0049924957762333,205,5,mu_0p225,0.225,0.225
lfr,150,1553,0.0694854586129753,5,22,30.0,41,7186.463057758,0.000114823,4.627471382973599,4.55343,15.7707,10.353333333333332,10.353333333333332,25.0,11.0,47.90975371838668,47.90975371838666,0.2202189311010946,0.7797810688989053,0.2250262771492644,0.7749737228507356,0.5694638339934879,0.5641528248637805,206,6,mu_0p225,0.225,0.225
null,150,1553,0.0694854586129753,5,22,30.0,41,7186.463057758,0.000114823,4.627471382973599,4.55343,15.7707,10.353333333333332,10.353333333333332,25.0,11.0,47.90975371838667,47.90975371838667,0.8094011590470058,0.1905988409529941,0.8132265018041075,0.1867734981958925,-0.0197183939524232,-0.0238129475941252,206,6,mu_0p225,0.225,0.225
lfr,150,1463,0.0654586129753915,6,21,25.0,30,6570.4320135464,2.55383e-06,4.491067678432263,4.37584,17.057,9.753333333333334,9.753333333333334,24.0,10.0,43.802880090309344,43.80288009030934,0.225563909774436,0.7744360902255639,0.2253931873114482,0.7746068126885517,0.6063454479110845,0.6078787101120504,207,7,mu_0p225,0.225,0.225
null,150,1463,0.0654586129753915,6,21,25.0,30,6570.4320135464,2.55383e-06,4.491067678432263,4.37584,17.057,9.753333333333334,9.753333333333334,24.0,10.0,43.80288009030934,43.80288009030934,0.83526999316473,0.1647300068352699,0.8384482354776592,0.1615517645223407,-0.0033606354792094,-0.0057415578324196,207,7,mu_0p225,0.225,0.225
lfr,150,1457,0.0651901565995525,6,22,25.0,28,6517.32866386113,1.467e-06,4.473115074715944,4.39881,14.9849,9.713333333333331,9.713333333333331,25.0,10.0,43.448857759074194,43.4488577590742,0.2271791352093342,0.7728208647906658,0.2251161004042303,0.7748838995957696,0.6045988197935886,0.6069865079331683,208,8,mu_0p225,0.225,0.225
null,150,1457,0.0651901565995525,6,22,25.0,28,6517.328663861131,1.467e-06,4.4731150747159445,4.39881,14.9849,9.713333333333331,9.713333333333331,25.0,10.0,43.4488577590742,43.4488577590742,0.8325326012354153,0.1674673987645847,0.8220210193751856,0.1779789806248144,-0.0007546462324922,0.0101008115619841,208,8,mu_0p225,0.225,0.225
lfr,150,1479,0.0661744966442953,4,32,37.5,43,6685.2586521334,1.22504e-05,4.520120792517512,4.47302,15.771,9.86,9.86,25.0,10.0,44.56839101422266,44.56839101422266,0.2278566599053414,0.7721433400946586,0.2251066399133502,0.7748933600866497,0.5189739974701032,0.5221697426386473,209,9,mu_0p225,0.225,0.225
null,150,1479,0.0661744966442953,4,32,37.5,43,6685.258652133401,1.22504e-05,4.520120792517512,4.47302,15.771,9.86,9.86,25.0,10.0,44.56839101422268,44.56839101422266,0.7532116294793779,0.246788370520622,0.7530273530818277,0.2469726469181723,-0.0063809721039333,-0.005974997960585,209,9,mu_0p225,0.225,0.225
lfr,150,1405,0.0628635346756152,4,24,37.5,44,6179.0852948884,2.93992e-05,4.397925476788897,4.20446,10.0764,9.366666666666667,9.366666666666667,24.0,10.0,41.19390196592266,41.19390196592267,0.2270462633451957,0.7729537366548043,0.2250359557325896,0.7749640442674104,0.5115993971707552,0.5133224610218416,210,10,mu_0p225,0.225,0.225
null,150,1405,0.0628635346756152,4,24,37.5,44,6179.0852948884,2.93992e-05,4.397925476788897,4.20446,10.0764,9.366666666666667,9.366666666666667,24.0,10.0,41.19390196592267,41.19390196592267,0.7387900355871886,0.2612099644128114,0.7373161550944886,0.2626838449055114,-0.0001443750712376,0.0012296197940878,210,10,mu_0p225,0.225,0.225
lfr,150,1386,0.0620134228187919,4,29,37.5,43,6064.166954842479,4.98579e-07,4.375300833219682,4.2781400000000005,15.7075,9.24,9.24,24.0,10.0,40.42777969894986,40.427779698949855,0.2229437229437229,0.777056277056277,0.2253860216943815,0.7746139783056184,0.5232582472842213,0.522593042759603,211,11,mu_0p225,0.225,0.225
null,150,1386,0.0620134228187919,4,29,37.5,43,6064.166954842479,4.98579e-07,4.375300833219682,4.2781400000000005,15.7075,9.24,9.24,24.0,10.0,40.42777969894986,40.427779698949855,0.7503607503607503,0.2496392496392496,0.7491131877444632,0.2508868122555368,-0.0041587801328061,-0.0031103509718456,211,11,mu_0p225,0.225,0.225
lfr,150,1580,0.0706935123042505,5,20,30.0,42,7364.0256524529395,6.89154e-06,4.660775729400594,4.672155,15.7724,10.533333333333331,10.533333333333331,25.0,11.0,49.09350434968625,49.09350434968627,0.2265822784810126,0.7734177215189874,0.2250226208678369,0.774977379132163,0.555891684024996,0.5562232444679045,212,12,mu_0p225,0.225,0.225
null,150,1580,0.0706935123042505,5,20,30.0,42,7364.0256524529395,6.89154e-06,4.660775729400594,4.672155,15.7724,10.533333333333331,10.533333333333331,25.0,11.0,49.09350434968627,49.09350434968626,0.7949367088607595,0.2050632911392405,0.7905995291431323,0.2094004708568677,-0.0124627463547508,-0.0082781446678811,212,12,mu_0p225,0.225,0.225
lfr,150,1445,0.0646532438478747,5,26,30.0,36,6432.71042937797,2.93887e-06,4.451702719292713,4.3321,15.7694,9.633333333333333,9.633333333333333,24.0,10.0,42.88473619585314,42.88473619585312,0.2228373702422145,0.7771626297577855,0.2250341648781392,0.7749658351218607,0.5733949545623256,0.5710123205025445,213,13,mu_0p225,0.225,0.225
null,150,1445,0.0646532438478747,5,26,30.0,36,6432.71042937797,2.93887e-06,4.451702719292713,4.3321,15.7694,9.633333333333333,9.633333333333333,24.0,10.0,42.88473619585314,42.88473619585314,0.7910034602076125,0.2089965397923875,0.7950846765864238,0.2049153234135762,0.0052288645969277,0.0009441113837942,213,13,mu_0p225,0.225,0.225
lfr,150,1472,0.0658612975391498,5,22,30.0,45,6622.686695317746,1.28246e-07,4.499107809319121,4.546844999999999,17.1443,9.813333333333333,9.813333333333333,25.0,10.0,44.15124463545164,44.15124463545165,0.2282608695652173,0.7717391304347826,0.2251986820352199,0.77480131796478,0.5552680839437618,0.5571716471485437,214,14,mu_0p225,0.225,0.225
null,150,1472,0.0658612975391498,5,22,30.0,45,6622.686695317746,1.28246e-07,4.499107809319121,4.546844999999999,17.1443,9.813333333333333,9.813333333333333,25.0,10.0,44.15124463545163,44.15124463545164,0.8131793478260869,0.186820652173913,0.810405728344703,0.1895942716552969,-0.0296503943171077,-0.0266738943992401,214,14,mu_0p225,0.225,0.225
lfr,150,1525,0.0682326621923937,4,28,37.5,45,7015.443376877601,1.65828e-05,4.600290738936132,4.59791,14.3966,10.166666666666666,10.166666666666666,25.0,11.0,46.76962251251733,46.76962251251733,0.2262295081967213,0.7737704918032787,0.2250507647287571,0.7749492352712428,0.5160187046492878,0.5172574560524855,215,15,mu_0p225,0.225,0.225
null,150,1525,0.0682326621923937,4,28,37.5,45,7015.4433768776,1.65828e-05,4.600290738936131,4.59791,14.3966,10.166666666666666,10.166666666666666,25.0,11.0,46.76962251251732,46.76962251251733,0.7304918032786886,0.2695081967213114,0.7316736757726184,0.2683263242273815,0.0117564095673206,0.0102238330836569,215,15,mu_0p225,0.225,0.225
lfr,150,1444,0.0646085011185682,4,27,37.5,51,6423.0284815353,3.16516e-05,4.448080665883172,4.29996,17.1421,9.626666666666669,9.626666666666669,23.0,10.0,42.820189876902006,42.820189876902006,0.2250692520775623,0.7749307479224377,0.2266223021927763,0.7733776978072237,0.5109019267807952,0.5126483582731852,216,16,mu_0p225,0.225,0.225
null,150,1444,0.0646085011185682,4,27,37.5,51,6423.0284815353,3.16516e-05,4.448080665883172,4.29996,17.1421,9.626666666666669,9.626666666666669,23.0,10.0,42.820189876902006,42.820189876902006,0.7423822714681441,0.2576177285318559,0.7449606291854035,0.2550393708145965,-0.0064110926097866,-0.0064700751857969,216,16,mu_0p225,0.225,0.225
lfr,150,1428,0.0638926174496644,5,22,30.0,39,6325.372667666999,0.000309667,4.429532680439075,4.35396,11.5218,9.52,9.52,23.0,10.0,42.16915111778,42.16915111778,0.2163865546218487,0.7836134453781513,0.2250010572407789,0.774998942759221,0.5710960854930207,0.5623872519660339,217,17,mu_0p225,0.225,0.225
null,150,1428,0.0638926174496644,5,22,30.0,39,6325.372667666999,0.000309667,4.429532680439075,4.35396,11.5218,9.52,9.52,23.0,10.0,42.16915111778,42.16915111778,0.7864145658263305,0.2135854341736695,0.7838886892803135,0.2161113107196864,0.0010680742885389,0.0035385368170931,217,17,mu_0p225,0.225,0.225
lfr,150,1472,0.0658612975391498,4,26,37.5,48,6627.642910670769,3.20337e-06,4.502474803444816,4.344004999999999,17.127,9.813333333333333,9.813333333333333,24.0,10.0,44.18428607113846,44.18428607113847,0.2214673913043478,0.7785326086956521,0.2250140088672696,0.7749859911327304,0.5159812883979206,0.5132272624567629,218,18,mu_0p225,0.225,0.225
null,150,1472,0.0658612975391498,4,26,37.5,48,6627.64291067077,3.20337e-06,4.502474803444817,4.344004999999999,17.127,9.813333333333333,9.813333333333333,24.0,10.0,44.18428607113847,44.18428607113846,0.7228260869565217,0.2771739130434782,0.7262711774554919,0.2737288225445081,0.0146225927457466,0.0092597172892323,218,18,mu_0p225,0.225,0.225
lfr,150,1514,0.0677404921700223,4,27,37.5,45,6918.638410848171,1.19142e-06,4.569774379688356,4.517685,15.7713,10.093333333333334,10.093333333333334,24.0,11.0,46.12425607232114,46.12425607232113,0.225891677675033,0.774108322324967,0.2250425066884354,0.7749574933115645,0.5140350127127,0.5145276787485327,219,19,mu_0p225,0.225,0.225
null,150,1514,0.0677404921700223,4,27,37.5,45,6918.63841084817,1.19142e-06,4.569774379688355,4.517685,15.7713,10.093333333333334,10.093333333333334,24.0,11.0,46.12425607232114,46.12425607232113,0.7371202113606341,0.2628797886393659,0.7397434807530718,0.2602565192469281,0.0028064790270989,0.000492000589936,219,19,mu_0p225,0.225,0.225
lfr,150,1449,0.0648322147651006,5,22,30.0,41,6474.4958818992,1.40198e-05,4.46825112622443,4.39243,15.7343,9.66,9.66,25.0,10.0,43.163305879328,43.163305879328,0.2270531400966183,0.7729468599033816,0.2251877889018784,0.7748122110981215,0.5639209545051654,0.5664510911726532,220,20,mu_0p225,0.225,0.225
null,150,1449,0.0648322147651006,5,22,30.0,41,6474.4958818992,1.40198e-05,4.46825112622443,4.39243,15.7343,9.66,9.66,25.0,10.0,43.16330587932799,43.163305879328,0.8088336783988958,0.1911663216011042,0.8042564125930933,0.1957435874069066,-0.0178595837971119,-0.0131384099031546,220,20,mu_0p225,0.225,0.225
lfr,150,1489,0.0666219239373601,5,25,30.0,35,6739.697261740001,0.0048665,4.526324554560108,4.50265,10.7448,9.926666666666666,9.926666666666666,24.0,10.0,44.93131507826667,44.93131507826667,0.2256548018804567,0.7743451981195433,0.2250127391253886,0.7749872608746113,0.5720693638281357,0.572875278850952,221,21,mu_0p225,0.225,0.225
null,150,1489,0.0666219239373601,5,25,30.0,35,6739.697261740001,0.0048665,4.526324554560108,4.50265,10.7448,9.926666666666666,9.926666666666666,24.0,10.0,44.93131507826666,44.93131507826667,0.7938213566151779,0.206178643384822,0.7997322199808221,0.2002677800191779,0.0039028090934144,-0.0019041825103784,221,21,mu_0p225,0.225,0.225
lfr,150,1449,0.0648322147651006,4,22,37.5,57,6474.083156577501,1.80074e-05,4.467966291633886,4.3512,10.6744,9.66,9.66,25.0,10.0,43.16055437718334,43.16055437718333,0.2236024844720497,0.7763975155279503,0.2250302600913246,0.7749697399086753,0.4952812462939387,0.4927245581517518,222,22,mu_0p225,0.225,0.225
null,150,1449,0.0648322147651006,4,22,37.5,57,6474.083156577501,1.80074e-05,4.467966291633886,4.3512,10.6744,9.66,9.66,25.0,10.0,43.16055437718333,43.16055437718333,0.7260179434092477,0.2739820565907522,0.721196121663008,0.278803878336992,-0.0071342126432593,-0.0045687518166986,222,22,mu_0p225,0.225,0.225
lfr,150,1587,0.0710067114093959,4,27,37.5,51,7416.06932086129,6.59899e-06,4.6730115443360365,4.70026,18.5192,10.58,10.58,25.0,11.0,49.44046213907527,49.44046213907527,0.2268431001890359,0.7731568998109641,0.2252578392386544,0.7747421607613456,0.5106157504519432,0.5130226572150096,223,23,mu_0p225,0.225,0.225
null,150,1587,0.0710067114093959,4,27,37.5,51,7416.06932086129,6.59899e-06,4.6730115443360365,4.70026,18.5192,10.58,10.58,25.0,11.0,49.44046213907527,49.44046213907527,0.7340894770006301,0.2659105229993699,0.7326304437281452,0.2673695562718547,0.0033693736403489,0.0046792695695637,223,23,mu_0p225,0.225,0.225
lfr,150,1444,0.0646085011185682,4,25,37.5,53,6426.450993422801,4.0377e-06,4.450450826470084,4.47073,16.9078,9.626666666666669,9.626666666666669,24.0,10.0,42.84300662281867,42.84300662281867,0.2326869806094182,0.7673130193905817,0.2253908377898227,0.7746091622101773,0.5031854037338571,0.5166345518278483,224,24,mu_0p225,0.225,0.225
null,150,1444,0.0646085011185682,4,25,37.5,53,6426.450993422801,4.0377e-06,4.450450826470084,4.47073,16.9078,9.626666666666669,9.626666666666669,24.0,10.0,42.84300662281867,42.84300662281866,0.7506925207756233,0.2493074792243766,0.7432270785007387,0.2567729214992613,-0.0148201364323478,-0.007575211528133,224,24,mu_0p225,0.225,0.225
lfr,150,1480,0.0662192393736017,4,32,37.5,44,6688.974420295561,3.07246e-06,4.519577311010514,4.439275,15.7589,9.866666666666667,9.866666666666667,25.0,10.0,44.5931628019704,44.59316280197041,0.2202702702702702,0.7797297297297298,0.2250271619709751,0.7749728380290248,0.5243106281957634,0.5191788911525101,225,25,mu_0p225,0.225,0.225
null,150,1480,0.0662192393736017,4,32,37.5,44,6688.97442029556,3.07246e-06,4.519577311010513,4.439275,15.7589,9.866666666666667,9.866666666666667,25.0,10.0,44.59316280197041,44.5931628019704,0.768918918918919,0.231081081081081,0.7732934555240091,0.2267065444759909,-0.0243380204528852,-0.0283802337613946,225,25,mu_0p225,0.225,0.225
lfr,150,1472,0.0658612975391498,5,23,30.0,45,6635.3878758314,4.30572e-05,4.50773632868981,4.510495,17.1173,9.813333333333333,9.813333333333333,23.0,10.0,44.235919172209336,44.235919172209336,0.2275815217391304,0.7724184782608696,0.2263656072469162,0.7736343927530838,0.5600452098594045,0.5639399977943717,226,26,mu_0p225,0.225,0.225
null,150,1472,0.0658612975391498,5,23,30.0,45,6635.3878758314,4.30572e-05,4.50773632868981,4.510495,17.1173,9.813333333333333,9.813333333333333,23.0,10.0,44.235919172209336,44.235919172209336,0.7989130434782609,0.2010869565217391,0.8030551507306635,0.1969448492693365,-0.0112863118797259,-0.015284969529075,226,26,mu_0p225,0.225,0.225
lfr,150,1472,0.0658612975391498,4,30,37.5,43,6601.005536999999,0.330738,4.484378761548912,4.453505,9.75183,9.813333333333333,9.813333333333333,24.0,10.0,44.00670357999999,44.00670358,0.2275815217391304,0.7724184782608696,0.2249843646813476,0.7750156353186524,0.5177128869328923,0.5201688057508393,227,27,mu_0p225,0.225,0.225
null,150,1472,0.0658612975391498,4,30,37.5,43,6601.005536999999,0.330738,4.484378761548912,4.453505,9.75183,9.813333333333333,9.813333333333333,24.0,10.0,44.00670358000001,44.00670357999999,0.748641304347826,0.2513586956521739,0.7484624973130054,0.2515375026869946,-0.0033468956758034,-0.003590358046878,227,27,mu_0p225,0.225,0.225
lfr,150,1447,0.0647427293064877,4,31,37.5,51,6437.57632173,0.00015873,4.448912454547339,4.35029,14.3757,9.646666666666668,9.646666666666668,24.0,10.0,42.9171754782,42.9171754782,0.2273669661368348,0.7726330338631652,0.2250162995101738,0.7749837004898262,0.5102791133288662,0.5125006604726468,228,28,mu_0p225,0.225,0.225
null,150,1447,0.0647427293064877,4,31,37.5,51,6437.57632173,0.00015873,4.448912454547339,4.35029,14.3757,9.646666666666668,9.646666666666668,24.0,10.0,42.91717547820001,42.91717547820001,0.7408431237042156,0.2591568762957844,0.7418078076807451,0.2581921923192549,-0.0031970442385145,-0.004184719691917,228,28,mu_0p225,0.225,0.225
lfr,150,1463,0.0654586129753915,5,22,30.0,36,6558.58107672344,2.11314e-06,4.482967243146575,4.40809,17.0602,9.753333333333334,9.753333333333334,25.0,10.0,43.72387384482294,43.72387384482293,0.2221462747778537,0.7778537252221462,0.2252228095442556,0.7747771904557443,0.5740879259604301,0.5718186177793338,229,29,mu_0p225,0.225,0.225
null,150,1463,0.0654586129753915,5,22,30.0,36,6558.58107672344,2.11314e-06,4.482967243146575,4.40809,17.0602,9.753333333333334,9.753333333333334,25.0,10.0,43.72387384482293,43.72387384482293,0.8004101161995899,0.1995898838004101,0.807563241263074,0.192436758736926,-0.0041759154613059,-0.0109718409415905,229,29,mu_0p225,0.225,0.225
lfr,150,1454,0.0650559284116331,5,25,30.0,39,6490.199413077,5.20893e-05,4.463685978732462,4.367115,9.40513,9.693333333333332,9.693333333333332,25.0,10.0,43.26799608718,43.26799608718,0.2221458046767538,0.7778541953232462,0.2250252496301342,0.7749747503698657,0.5726497505340293,0.5703832188914694,230,30,mu_0p225,0.225,0.225
null,150,1454,0.0650559284116331,5,25,30.0,39,6490.199413077,5.20893e-05,4.463685978732462,4.367115,9.40513,9.693333333333332,9.693333333333332,25.0,10.0,43.26799608718,43.26799608718,0.812242090784044,0.187757909215956,0.8158911032781043,0.1841088967218956,-0.0174465355732608,-0.0212594492045492,230,30,mu_0p225,0.225,0.225
lfr,150,1467,0.0656375838926174,5,26,30.0,33,6602.540119204739,5.36774e-06,4.500709011046175,4.47121,14.3997,9.78,9.78,25.0,10.0,44.01693412803161,44.01693412803159,0.2331288343558282,0.7668711656441718,0.225025442084507,0.774974557915493,0.5651815515064665,0.5734341452825588,231,31,mu_0p225,0.225,0.225
null,150,1467,0.0656375838926174,5,26,30.0,33,6602.54011920474,5.36774e-06,4.500709011046176,4.47121,14.3997,9.78,9.78,25.0,10.0,44.01693412803159,44.01693412803159,0.7989093387866394,0.2010906612133606,0.802029881739281,0.1979701182607189,-0.0005989529243446,-0.003837188620141,231,31,mu_0p225,0.225,0.225
lfr,150,1521,0.0680536912751677,4,23,37.5,62,6960.875174073053,3.63169e-08,4.576512277497076,4.58793,19.4106,10.14,10.14,24.0,11.0,46.40583449382036,46.40583449382036,0.2268244575936883,0.7731755424063116,0.2250292233234368,0.7749707766765632,0.4791546445316739,0.4808695970022555,232,32,mu_0p225,0.225,0.225
null,150,1521,0.0680536912751677,4,23,37.5,62,6960.875174073053,3.63169e-08,4.576512277497076,4.58793,19.4106,10.14,10.14,24.0,11.0,46.40583449382036,46.40583449382035,0.722550953320184,0.2774490466798159,0.7242764623606597,0.2757235376393403,-0.0165718511948218,-0.0168901254519245,232,32,mu_0p225,0.225,0.225
lfr,150,1581,0.070738255033557,4,29,37.5,51,7375.66083083279,3.42515e-06,4.665187116276274,4.67643,10.9397,10.54,10.54,25.0,11.0,49.17107220555192,49.17107220555194,0.228336495888678,0.771663504111322,0.2250124726309303,0.7749875273690696,0.5081108242607402,0.5109725550823547,233,33,mu_0p225,0.225,0.225
null,150,1581,0.070738255033557,4,29,37.5,51,7375.66083083279,3.42515e-06,4.665187116276274,4.67643,10.9397,10.54,10.54,25.0,11.0,49.17107220555194,49.17107220555194,0.736875395319418,0.2631246046805819,0.7346579155479119,0.265342084452088,-0.0004280751699998,0.0013691059812368,233,33,mu_0p225,0.225,0.225
lfr,150,1396,0.0624608501118568,5,23,30.0,35,6104.8876333881,3.24421e-05,4.373128677212106,4.276820000000001,12.2533,9.306666666666668,9.306666666666668,20.0,10.0,40.699250889254,40.699250889254,0.2242120343839541,0.7757879656160458,0.2250355233198054,0.7749644766801945,0.5708661053685931,0.5694991250763668,234,34,mu_0p225,0.225,0.225
null,150,1396,0.0624608501118568,5,23,30.0,35,6104.8876333881,3.24421e-05,4.373128677212106,4.276820000000001,12.2533,9.306666666666668,9.306666666666668,20.0,10.0,40.699250889254,40.699250889254,0.7865329512893983,0.2134670487106017,0.7907436987686193,0.2092563012313807,0.0085451884631489,0.0047553427551764,234,34,mu_0p225,0.225,0.225
lfr,150,1504,0.0672930648769574,3,38,50.0,70,6845.93158641313,2.78861e-06,4.551816214370432,4.4760100000000005,14.3991,10.026666666666667,10.026666666666667,25.0,11.0,45.63954390942088,45.63954390942087,0.2267287234042553,0.7732712765957447,0.2250451829625044,0.7749548170374956,0.4114400605477591,0.4130999510616076,235,35,mu_0p225,0.225,0.225
null,150,1504,0.0672930648769574,3,38,50.0,70,6845.93158641313,2.78861e-06,4.551816214370432,4.4760100000000005,14.3991,10.026666666666667,10.026666666666667,25.0,11.0,45.63954390942087,45.63954390942087,0.648936170212766,0.351063829787234,0.6474372694217536,0.3525627305782464,-0.0107673862607515,-0.0094412057708892,235,35,mu_0p225,0.225,0.225
lfr,150,1453,0.0650111856823266,4,34,37.5,42,6491.153233226663,5.70657e-08,4.467414475723787,4.44805,17.1826,9.686666666666667,9.686666666666667,25.0,10.0,43.27435488817776,43.27435488817776,0.2284927735719201,0.7715072264280798,0.2250167621602441,0.7749832378397559,0.5205775458516897,0.5247697481755847,236,36,mu_0p225,0.225,0.225
null,150,1453,0.0650111856823266,4,34,37.5,42,6491.153233226663,5.70657e-08,4.467414475723787,4.44805,17.1826,9.686666666666667,9.686666666666667,25.0,10.0,43.27435488817776,43.27435488817776,0.7501720578114246,0.2498279421885754,0.7520584177135798,0.2479415822864201,-0.0011017383878147,-0.0025872315554804,236,36,mu_0p225,0.225,0.225
lfr,150,1499,0.067069351230425,6,24,25.0,27,6815.7342609149,3.12869e-05,4.546854076661041,4.55843,15.6805,9.993333333333334,9.993333333333334,25.0,10.0,45.43822840609933,45.43822840609933,0.2274849899933289,0.7725150100066711,0.2250832298014171,0.7749167701985828,0.6052867800236849,0.6072084732762599,237,37,mu_0p225,0.225,0.225
null,150,1499,0.067069351230425,6,24,25.0,27,6815.7342609149,3.12869e-05,4.546854076661041,4.55843,15.6805,9.993333333333334,9.993333333333334,25.0,10.0,45.43822840609934,45.43822840609933,0.837891927951968,0.162108072048032,0.839757079719919,0.160242920280081,-0.0051201579349541,-0.0068974700675822,237,37,mu_0p225,0.225,0.225
lfr,150,1453,0.0650111856823266,5,23,30.0,33,6481.14646491489,5.60509e-06,4.460527505103159,4.37874,11.392,9.686666666666667,9.686666666666667,25.0,10.0,43.2076430994326,43.2076430994326,0.2291810048176187,0.7708189951823813,0.2250359335050211,0.7749640664949788,0.5672479607656087,0.5714321810038508,238,38,mu_0p225,0.225,0.225
null,150,1453,0.0650111856823266,5,23,30.0,33,6481.146464914889,5.60509e-06,4.460527505103158,4.37874,11.392,9.686666666666667,9.686666666666667,25.0,10.0,43.2076430994326,43.2076430994326,0.7928423950447351,0.2071576049552649,0.79847418711951,0.2015258128804899,0.0035865705384923,-0.0021773430086296,238,38,mu_0p225,0.225,0.225
lfr,150,1474,0.0659507829977628,6,22,25.0,28,6639.037700254967,4.98066e-07,4.504096133144482,4.542165,14.4009,9.826666666666666,9.826666666666666,25.0,10.0,44.260251335033104,44.26025133503311,0.228629579375848,0.771370420624152,0.2250326896317509,0.7749673103682491,0.6035446610539261,0.6072346705925523,239,39,mu_0p225,0.225,0.225
null,150,1474,0.0659507829977628,6,22,25.0,28,6639.037700254966,4.98066e-07,4.504096133144482,4.542165,14.4009,9.826666666666666,9.826666666666666,25.0,10.0,44.260251335033104,44.260251335033104,0.8331071913161465,0.1668928086838534,0.8321072751231109,0.1678927248768891,-0.0009329508863723,-2.121837725811357e-05,239,39,mu_0p225,0.225,0.225
lfr,150,1450,0.0648769574944071,4,32,37.5,43,6474.565809948001,0.000299838,4.4652177999641385,4.40152,9.54317,9.666666666666666,9.666666666666666,25.0,10.0,43.16377206632001,43.16377206632001,0.3006896551724138,0.6993103448275861,0.3000180192721831,0.6999819807278169,0.4471334126040427,0.4484455879018312,240,0,mu_0p300,0.3,0.3
null,150,1450,0.0648769574944071,4,32,37.5,43,6474.565809948001,0.000299838,4.4652177999641385,4.40152,9.54317,9.666666666666666,9.666666666666666,25.0,10.0,43.16377206631999,43.16377206632001,0.76,0.24,0.7628540887489527,0.2371459112510473,-0.0121769322235433,-0.0144747083465106,240,0,mu_0p300,0.3,0.3
lfr,150,1485,0.0664429530201342,4,24,37.5,50,6739.051533,0.659283,4.538081840404041,4.43916,7.94872,9.9,9.9,25.0,10.0,44.92701022000001,44.92701022,0.3023569023569024,0.6976430976430976,0.300020513732433,0.699979486267567,0.4324057635842147,0.4356164662425517,241,1,mu_0p300,0.3,0.3
null,150,1485,0.0664429530201342,4,24,37.5,50,6739.051533,0.659283,4.538081840404041,4.43916,7.94872,9.9,9.9,25.0,10.0,44.92701022,44.92701022,0.7367003367003367,0.2632996632996632,0.7450385839036437,0.2549614160963562,-0.0019376707592195,-0.0101321008135975,241,1,mu_0p300,0.3,0.3
lfr,150,1451,0.0649217002237136,4,23,37.5,49,6479.906154032999,0.000118043,4.465820919388697,4.39497,10.4959,9.673333333333334,9.673333333333334,25.0,10.0,43.19937436022,43.199374360220006,0.2984148862853205,0.7015851137146796,0.3000180400487786,0.6999819599512214,0.4364926206456632,0.4382374886745047,242,2,mu_0p300,0.3,0.3
null,150,1451,0.0649217002237136,4,23,37.5,49,6479.906154033,0.000118043,4.4658209193886975,4.39497,10.4959,9.673333333333334,9.673333333333334,25.0,10.0,43.199374360220006,43.199374360220006,0.7525844245348036,0.2474155754651964,0.7562610708073287,0.2437389291926712,-0.0176769176038198,-0.0214296402049543,242,2,mu_0p300,0.3,0.3
lfr,150,1486,0.0664876957494407,4,28,37.5,44,6730.3023524813,5.56943e-05,4.529140210283512,4.562625,10.7255,9.906666666666666,9.906666666666666,25.0,10.0,44.86868234987534,44.86868234987533,0.300807537012113,0.699192462987887,0.3000174162661302,0.6999825837338698,0.4412941604821311,0.441567720984815,243,3,mu_0p300,0.3,0.3
null,150,1486,0.0664876957494407,4,28,37.5,44,6730.3023524813,5.56943e-05,4.529140210283512,4.562625,10.7255,9.906666666666666,9.906666666666666,25.0,10.0,44.86868234987533,44.86868234987533,0.7429340511440108,0.2570659488559892,0.7413220684508406,0.2586779315491594,-0.0008323536497666,0.0010104907345952,243,3,mu_0p300,0.3,0.3
lfr,150,1514,0.0677404921700223,6,20,25.0,29,6922.24931248,0.00142879,4.572159387371203,4.47903,13.8574,10.093333333333334,10.093333333333334,25.0,11.0,46.14832874986667,46.14832874986667,0.2978863936591809,0.7021136063408191,0.3000350072245392,0.6999649927754608,0.5324570848217168,0.530487665209839,244,4,mu_0p300,0.3,0.3
null,150,1514,0.0677404921700223,6,20,25.0,29,6922.24931248,0.00142879,4.572159387371203,4.47903,13.8574,10.093333333333334,10.093333333333334,25.0,11.0,46.14832874986667,46.14832874986667,0.8361955085865258,0.1638044914134742,0.8391399061151312,0.1608600938848687,-0.0058520301056279,-0.008892937224527,244,4,mu_0p300,0.3,0.3
lfr,150,1503,0.067248322147651,4,36,37.5,40,6831.454127649,0.000543119,4.545212327111776,4.54224,11.4668,10.02,10.02,22.0,11.0,45.54302751766,45.54302751766,0.2967398536260812,0.7032601463739188,0.3000313124190407,0.6999686875809592,0.4536201493663814,0.4510760312185652,245,5,mu_0p300,0.3,0.3
null,150,1503,0.067248322147651,4,36,37.5,40,6831.454127649,0.000543119,4.545212327111776,4.54224,11.4668,10.02,10.02,22.0,11.0,45.54302751766,45.54302751766,0.7538256819693946,0.2461743180306054,0.7567919268790024,0.2432080731209975,-0.0034656789769319,-0.006350620820902,245,5,mu_0p300,0.3,0.3
lfr,150,1426,0.0638031319910514,5,25,30.0,43,6300.715626643199,3.71432e-05,4.418454156131276,4.355705,9.42972,9.506666666666666,9.506666666666666,24.0,10.0,42.004770844288,42.004770844288,0.2994389901823281,0.7005610098176718,0.3000164471238477,0.6999835528761523,0.4900569271533079,0.488752104312122,246,6,mu_0p300,0.3,0.3
null,150,1426,0.0638031319910514,5,25,30.0,43,6300.715626643199,3.71432e-05,4.418454156131276,4.355705,9.42972,9.506666666666666,9.506666666666666,24.0,10.0,42.004770844288,42.004770844288,0.7917251051893408,0.2082748948106592,0.7904302883602005,0.2095697116397995,-0.0022291878537047,-0.0007842488153926,246,6,mu_0p300,0.3,0.3
lfr,150,1492,0.0667561521252796,4,35,37.5,40,6763.3284525697,7.33967e-05,4.533061965529289,4.497645,11.8498,9.946666666666667,9.946666666666667,25.0,10.0,45.08885635046467,45.088856350464674,0.2989276139410187,0.7010723860589813,0.3000129872147135,0.6999870127852865,0.4498783503079875,0.4486984472903229,247,7,mu_0p300,0.3,0.3
null,150,1492,0.0667561521252796,4,35,37.5,40,6763.3284525697,7.33967e-05,4.533061965529289,4.497645,11.8498,9.946666666666667,9.946666666666667,25.0,10.0,45.088856350464674,45.08885635046467,0.7493297587131368,0.2506702412868632,0.7442382629897601,0.2557617370102398,-0.0005237944641304,0.0044582930410031,247,7,mu_0p300,0.3,0.3
lfr,150,1413,0.0632214765100671,4,27,37.5,41,6206.4780575871,1.34811e-05,4.3924119303518045,4.36206,11.244,9.42,9.42,24.0,10.0,41.376520383914006,41.376520383914006,0.3007784854918613,0.6992215145081386,0.300032533799217,0.699967466200783,0.4436014983704545,0.4462510429999698,248,8,mu_0p300,0.3,0.3
null,150,1413,0.0632214765100671,4,27,37.5,41,6206.4780575871,1.34811e-05,4.3924119303518045,4.36206,11.244,9.42,9.42,24.0,10.0,41.37652038391399,41.376520383914006,0.7501769285208776,0.2498230714791224,0.7483329379565646,0.2516670620434353,-0.0057969446585617,-0.0040960775896673,248,8,mu_0p300,0.3,0.3
lfr,150,1428,0.0638926174496644,5,27,30.0,37,6326.97769,0.250722,4.430656645658263,4.409875,8.44388,9.52,9.52,25.0,10.0,42.17985126666665,42.17985126666666,0.2976190476190476,0.7023809523809523,0.3000086175426359,0.699991382457364,0.4989481086552267,0.4962370465920379,249,9,mu_0p300,0.3,0.3
null,150,1428,0.0638926174496644,5,27,30.0,37,6326.97769,0.250722,4.430656645658263,4.409875,8.44388,9.52,9.52,25.0,10.0,42.17985126666667,42.179851266666674,0.8046218487394958,0.1953781512605041,0.8080234411258053,0.1919765588741947,-0.0080546924652214,-0.0118648440427329,249,9,mu_0p300,0.3,0.3
lfr,150,1398,0.0625503355704698,5,23,30.0,39,6131.290661334922,2.41922e-07,4.3857586990950805,4.29433,12.0093,9.32,9.32,25.0,10.0,40.87527107556615,40.87527107556615,0.2954220314735336,0.7045779685264664,0.3000171192233811,0.6999828807766189,0.4923388408947178,0.4858623379228924,250,10,mu_0p300,0.3,0.3
null,150,1398,0.0625503355704698,5,23,30.0,39,6131.290661334922,2.41922e-07,4.3857586990950805,4.29433,12.0093,9.32,9.32,25.0,10.0,40.87527107556615,40.87527107556614,0.7975679542203148,0.2024320457796852,0.7976751143045779,0.202324885695422,-0.0098070818520633,-0.010694545196346,250,10,mu_0p300,0.3,0.3
lfr,150,1503,0.067248322147651,4,22,37.5,62,6861.841148,0.31255,4.565429905522288,4.52558,10.6781,10.02,10.02,25.0,11.0,45.745607653333344,45.74560765333333,0.2974051896207584,0.7025948103792415,0.3000119637861371,0.6999880362138629,0.4130293416272356,0.4118964470845203,251,11,mu_0p300,0.3,0.3
null,150,1503,0.067248322147651,4,22,37.5,62,6861.841148,0.31255,4.565429905522288,4.52558,10.6781,10.02,10.02,25.0,11.0,45.74560765333333,45.74560765333333,0.7065868263473054,0.2934131736526946,0.7038886792661754,0.2961113207338246,0.0038477049006887,0.0063265221843624,251,11,mu_0p300,0.3,0.3
lfr,150,1553,0.0694854586129753,5,22,30.0,41,7186.397837,0.28049,4.627429386349002,4.58448,11.8037,10.353333333333332,10.353333333333332,25.0,11.0,47.90931891333334,47.90931891333334,0.2994204764971024,0.7005795235028975,0.3000166002359885,0.6999833997640115,0.4902622885974801,0.4889338734981778,252,12,mu_0p300,0.3,0.3
null,150,1553,0.0694854586129753,5,22,30.0,41,7186.397837,0.28049,4.627429386349002,4.58448,11.8037,10.353333333333332,10.353333333333332,25.0,11.0,47.90931891333332,47.90931891333334,0.7920154539600772,0.2079845460399227,0.7886626298114873,0.2113373701885127,-0.0023326888654947,0.0013518875968653,252,12,mu_0p300,0.3,0.3
lfr,150,1463,0.0654586129753915,6,21,25.0,30,6567.797144042,0.000141839,4.48926667398633,4.35652,11.9119,9.753333333333334,9.753333333333334,24.0,10.0,43.78531429361333,43.785314293613325,0.2987012987012987,0.7012987012987013,0.3000229240986128,0.6999770759013872,0.5332080589842219,0.5328666515571132,253,13,mu_0p300,0.3,0.3
null,150,1463,0.0654586129753915,6,21,25.0,30,6567.797144042,0.000141839,4.48926667398633,4.35652,11.9119,9.753333333333334,9.753333333333334,24.0,10.0,43.78531429361334,43.785314293613325,0.8215994531784006,0.1784005468215994,0.8208117170201253,0.1791882829798746,0.01030990450712,0.0107135906426573,253,13,mu_0p300,0.3,0.3
lfr,150,1457,0.0651901565995525,6,22,25.0,28,6516.634494628999,0.000245356,4.472638637356897,4.43113,13.2948,9.713333333333331,9.713333333333331,25.0,10.0,43.44422996419334,43.444229964193326,0.2971859986273164,0.7028140013726836,0.3000210609081136,0.6999789390918864,0.5345919563756065,0.5321651208583451,254,14,mu_0p300,0.3,0.3
null,150,1457,0.0651901565995525,6,22,25.0,28,6516.634494629,0.000245356,4.472638637356898,4.43113,13.2948,9.713333333333331,9.713333333333331,25.0,10.0,43.444229964193326,43.44422996419334,0.8579272477693891,0.1420727522306109,0.8590301594921194,0.1409698405078806,-0.0261492927664662,-0.0269607838062264,254,14,mu_0p300,0.3,0.3
lfr,150,1479,0.0661744966442953,4,32,37.5,43,6684.684446128,0.000127268,4.519732553162948,4.4207,8.80425,9.86,9.86,25.0,10.0,44.56456297418666,44.56456297418666,0.3008789722785666,0.6991210277214335,0.3000250142382861,0.6999749857617139,0.445951685096878,0.4472723210092937,255,15,mu_0p300,0.3,0.3
null,150,1479,0.0661744966442953,4,32,37.5,43,6684.684446128,0.000127268,4.519732553162948,4.4207,8.80425,9.86,9.86,25.0,10.0,44.56456297418668,44.56456297418666,0.7484787018255578,0.2515212981744422,0.7474716829785754,0.2525283170214246,-0.0016480444501131,-0.0007514746392437,255,15,mu_0p300,0.3,0.3
lfr,150,1405,0.0628635346756152,4,24,37.5,44,6179.0358511800005,0.00139431,4.397890285537367,4.30587,9.1782,9.366666666666667,9.366666666666667,24.0,10.0,41.1935723412,41.1935723412,0.302491103202847,0.697508896797153,0.3000255534730339,0.6999744465269662,0.436154557313104,0.4391955947344506,256,16,mu_0p300,0.3,0.3
null,150,1405,0.0628635346756152,4,24,37.5,44,6179.0358511800005,0.00139431,4.397890285537367,4.30587,9.1782,9.366666666666667,9.366666666666667,24.0,10.0,41.1935723412,41.1935723412,0.7359430604982207,0.2640569395017793,0.7419086165853122,0.2580913834146878,0.0027026000177303,-0.0029563622537072,256,16,mu_0p300,0.3,0.3
lfr,150,1386,0.0620134228187919,4,29,37.5,43,6061.825325259701,4.16911e-05,4.37361134578622,4.27406,9.53164,9.24,9.24,24.0,10.0,40.41216883506466,40.41216883506466,0.3015873015873015,0.6984126984126984,0.3000267522855063,0.6999732477144937,0.4446146686406427,0.4471580158421741,257,17,mu_0p300,0.3,0.3
null,150,1386,0.0620134228187919,4,29,37.5,43,6061.825325259701,4.16911e-05,4.37361134578622,4.27406,9.53164,9.24,9.24,24.0,10.0,40.41216883506467,40.41216883506466,0.7741702741702742,0.2258297258297258,0.7716567987234612,0.2283432012765388,-0.0279683039423298,-0.0252660856780912,257,17,mu_0p300,0.3,0.3
lfr,150,1472,0.0658612975391498,5,22,30.0,45,6621.3869029219,6.57979e-05,4.498224798180639,4.4677,10.7287,9.813333333333333,9.813333333333333,25.0,10.0,44.14257935281266,44.14257935281267,0.3029891304347826,0.6970108695652174,0.3000171507943865,0.6999828492056135,0.4805398230741965,0.4818799315918428,258,18,mu_0p300,0.3,0.3
null,150,1472,0.0658612975391498,5,22,30.0,45,6621.3869029219,6.57979e-05,4.498224798180639,4.4677,10.7287,9.813333333333333,9.813333333333333,25.0,10.0,44.14257935281266,44.14257935281267,0.7649456521739131,0.2350543478260869,0.7588872456032596,0.2411127543967404,0.0185833013350661,0.0233432075272951,258,18,mu_0p300,0.3,0.3
lfr,150,1525,0.0682326621923937,4,28,37.5,45,7015.240599631,3.7484e-05,4.600157770249836,4.55207,10.9842,10.166666666666666,10.166666666666666,25.0,11.0,46.76827066420668,46.76827066420668,0.300327868852459,0.699672131147541,0.3000217853884738,0.6999782146115261,0.4419203439935501,0.4426752248928457,259,19,mu_0p300,0.3,0.3
null,150,1525,0.0682326621923937,4,28,37.5,45,7015.240599631,3.7484e-05,4.600157770249836,4.55207,10.9842,10.166666666666666,10.166666666666666,25.0,11.0,46.76827066420668,46.76827066420668,0.7547540983606558,0.2452459016393442,0.7519020625574051,0.2480979374425949,-0.0125058855146466,-0.0100667357584236,259,19,mu_0p300,0.3,0.3
lfr,150,1444,0.0646085011185682,4,27,37.5,51,6411.9271425518,1.64839e-05,4.440392757999861,4.390174999999999,12.6664,9.626666666666669,9.626666666666669,23.0,10.0,42.74618095034533,42.74618095034533,0.299168975069252,0.7008310249307479,0.3000546231699885,0.6999453768300115,0.4368022037891054,0.441213709604357,260,20,mu_0p300,0.3,0.3
null,150,1444,0.0646085011185682,4,27,37.5,51,6411.9271425518,1.64839e-05,4.440392757999861,4.390174999999999,12.6664,9.626666666666669,9.626666666666669,23.0,10.0,42.74618095034533,42.74618095034533,0.75,0.25,0.7460209853727691,0.2539790146272309,-0.0140288211416425,-0.0100319386139111,260,20,mu_0p300,0.3,0.3
lfr,150,1428,0.0638926174496644,5,22,30.0,39,6325.4283080000005,0.570438,4.429571644257703,4.3232800000000005,8.44984,9.52,9.52,23.0,10.0,42.16952205333334,42.16952205333334,0.3032212885154061,0.6967787114845938,0.3000089220203368,0.6999910779796632,0.4842613515994633,0.4873960239499978,261,21,mu_0p300,0.3,0.3
null,150,1428,0.0638926174496644,5,22,30.0,39,6325.428308,0.570438,4.4295716442577024,4.3232800000000005,8.44984,9.52,9.52,23.0,10.0,42.16952205333334,42.16952205333333,0.7878151260504201,0.2121848739495798,0.7894623770669101,0.2105376229330898,-0.0003324859355507,-0.0014884324365926,261,21,mu_0p300,0.3,0.3
lfr,150,1472,0.0658612975391498,4,26,37.5,48,6627.6893740000005,0.647134,4.5025063682065225,4.39442,10.7615,9.813333333333333,9.813333333333333,24.0,10.0,44.18459582666667,44.184595826666666,0.2934782608695652,0.7065217391304348,0.3000174678977041,0.6999825321022959,0.4439704188327033,0.4380923049179514,262,22,mu_0p300,0.3,0.3
null,150,1472,0.0658612975391498,4,26,37.5,48,6627.689374,0.647134,4.502506368206522,4.39442,10.7615,9.813333333333333,9.813333333333333,24.0,10.0,44.18459582666667,44.184595826666666,0.7126358695652174,0.2873641304347826,0.7118460051112229,0.2881539948887771,0.024812810137051,0.0256817108111116,262,22,mu_0p300,0.3,0.3
lfr,150,1514,0.0677404921700223,4,27,37.5,45,6918.4529618633005,4.19662e-05,4.569651890266381,4.53461,19.1472,10.093333333333334,10.093333333333334,24.0,11.0,46.12301974575533,46.123019745755336,0.3031704095112285,0.6968295904887715,0.3000157063009471,0.6999842936990529,0.4367562808765045,0.43916769322653,263,23,mu_0p300,0.3,0.3
null,150,1514,0.0677404921700223,4,27,37.5,45,6918.4529618633005,4.19662e-05,4.569651890266381,4.53461,19.1472,10.093333333333334,10.093333333333334,24.0,11.0,46.12301974575533,46.12301974575532,0.7384412153236459,0.2615587846763541,0.735746985058966,0.264253014941034,0.001485475064087,0.0045945130394428,263,23,mu_0p300,0.3,0.3
lfr,150,1449,0.0648322147651006,5,22,30.0,41,6473.420461503,0.000111556,4.467508945136646,4.43488,10.4855,9.66,9.66,25.0,10.0,43.15613641002,43.15613641002,0.2967563837129054,0.7032436162870945,0.3000371245856074,0.6999628754143926,0.4942177108888784,0.4912860220942162,264,24,mu_0p300,0.3,0.3
null,150,1449,0.0648322147651006,5,22,30.0,41,6473.420461502999,0.000111556,4.467508945136646,4.43488,10.4855,9.66,9.66,25.0,10.0,43.15613641002,43.15613641002,0.8074534161490683,0.1925465838509317,0.8092279212729723,0.1907720787270277,-0.0164793215472844,-0.017106066885502,264,24,mu_0p300,0.3,0.3
lfr,150,1489,0.0666219239373601,5,25,30.0,35,6739.807547,0.638192,4.526398621222297,4.50838,8.99737,9.926666666666666,9.926666666666666,24.0,10.0,44.932050313333335,44.932050313333335,0.2995298858294157,0.7004701141705842,0.300026585759126,0.699973414240874,0.4981942798791766,0.49776087861847,265,25,mu_0p300,0.3,0.3
null,150,1489,0.0666219239373601,5,25,30.0,35,6739.807547,0.638192,4.526398621222297,4.50838,8.99737,9.926666666666666,9.926666666666666,24.0,10.0,44.932050313333335,44.932050313333335,0.7877770315648086,0.2122229684351914,0.7892221927564783,0.2107778072435217,0.0099471341437837,0.008422947736656,265,25,mu_0p300,0.3,0.3
lfr,150,1449,0.0648322147651006,4,22,37.5,57,6473.932340700001,0.0254671,4.467862208902692,4.38202,8.32179,9.66,9.66,25.0,10.0,43.15954893799999,43.15954893799999,0.302967563837129,0.697032436162871,0.3000084444024321,0.699991555597568,0.4159161669288593,0.4177420228882309,266,26,mu_0p300,0.3,0.3
null,150,1449,0.0648322147651006,4,22,37.5,57,6473.932340699999,0.0254671,4.467862208902691,4.38202,8.32179,9.66,9.66,25.0,10.0,43.159548938,43.159548938,0.7198067632850241,0.2801932367149758,0.7185504753355232,0.2814495246644768,-0.0009230325190357,8.869609988690699e-05,266,26,mu_0p300,0.3,0.3
lfr,150,1587,0.0710067114093959,4,27,37.5,51,7414.179330204,0.000213804,4.671820623947069,4.72352,12.7493,10.58,10.58,25.0,11.0,49.42786220136,49.42786220136,0.3011972274732199,0.69880277252678,0.3000285616429503,0.6999714383570497,0.4362616231677591,0.4382901955070883,267,27,mu_0p300,0.3,0.3
null,150,1587,0.0710067114093959,4,27,37.5,51,7414.179330204,0.000213804,4.671820623947069,4.72352,12.7493,10.58,10.58,25.0,11.0,49.42786220136,49.42786220136,0.7441713925645873,0.2558286074354127,0.746133746913535,0.253866253086465,-0.0067125419236081,-0.0079748339053684,267,27,mu_0p300,0.3,0.3
lfr,150,1444,0.0646085011185682,4,25,37.5,53,6423.9661175771,1.59562e-06,4.448729998322091,4.49273,12.4853,9.626666666666669,9.626666666666669,24.0,10.0,42.82644078384735,42.82644078384734,0.3033240997229917,0.6966759002770083,0.3000387100895946,0.6999612899104054,0.4325482846202837,0.4419498733084651,268,28,mu_0p300,0.3,0.3
null,150,1444,0.0646085011185682,4,25,37.5,53,6423.9661175771,1.59562e-06,4.448729998322091,4.49273,12.4853,9.626666666666669,9.626666666666669,24.0,10.0,42.82644078384733,42.82644078384734,0.747229916897507,0.252770083102493,0.7516784609854792,0.2483215390145208,-0.0113575325542314,-0.0155327450766805,268,28,mu_0p300,0.3,0.3
lfr,150,1480,0.0662192393736017,4,32,37.5,44,6688.98057219,0.00352805,4.5195814676959465,4.440855,8.80055,9.866666666666667,9.866666666666667,25.0,10.0,44.5932038146,44.5932038146,0.2945945945945946,0.7054054054054054,0.3000264600160054,0.6999735399839946,0.449986303871439,0.4443287346723754,269,29,mu_0p300,0.3,0.3
null,150,1480,0.0662192393736017,4,32,37.5,44,6688.98057219,0.00352805,4.5195814676959465,4.440855,8.80055,9.866666666666667,9.866666666666667,25.0,10.0,44.59320381459999,44.59320381460001,0.7425675675675676,0.2574324324324324,0.7444821043275339,0.2555178956724661,0.002013330898466,0.0001451876641445,269,29,mu_0p300,0.3,0.3
lfr,150,1472,0.0658612975391498,5,23,30.0,45,6625.57328999708,9.04808e-06,4.50106881113932,4.488695,12.0909,9.813333333333333,9.813333333333333,23.0,10.0,44.170488599980544,44.17048859998053,0.3023097826086957,0.6976902173913043,0.3000384913103803,0.6999615086896196,0.4853169489898393,0.4903104341585867,270,30,mu_0p300,0.3,0.3
null,150,1472,0.0658612975391498,5,23,30.0,45,6625.57328999708,9.04808e-06,4.50106881113932,4.488695,12.0909,9.813333333333333,9.813333333333333,23.0,10.0,44.17048859998054,44.17048859998053,0.8023097826086957,0.1976902173913043,0.8046776657144714,0.1953223342855286,-0.0146830510101606,-0.0168312045079987,270,30,mu_0p300,0.3,0.3
lfr,150,1472,0.0658612975391498,4,30,37.5,43,6601.252411,0.663321,4.48454647486413,4.444925,8.26957,9.813333333333333,9.813333333333333,24.0,10.0,44.00834940666666,44.00834940666666,0.2995923913043478,0.7004076086956521,0.3000150301327419,0.6999849698672581,0.4457020173676749,0.4451776718708118,271,31,mu_0p300,0.3,0.3
null,150,1472,0.0658612975391498,4,30,37.5,43,6601.252411,0.663321,4.48454647486413,4.444925,8.26957,9.813333333333333,9.813333333333333,24.0,10.0,44.00834940666666,44.00834940666666,0.7445652173913043,0.2554347826086957,0.7412141373122848,0.2587858626877152,0.0007291912807183,0.0044042504959202,271,31,mu_0p300,0.3,0.3
lfr,150,1447,0.0647427293064877,4,31,37.5,51,6437.579425,0.736117,4.448914599170698,4.32355,8.26745,9.646666666666668,9.646666666666668,24.0,10.0,42.91719616666666,42.91719616666666,0.304077401520387,0.695922598479613,0.3000165943583681,0.6999834056416319,0.433568677945314,0.4374793167898415,272,32,mu_0p300,0.3,0.3
null,150,1447,0.0647427293064877,4,31,37.5,51,6437.579425,0.736117,4.448914599170698,4.32355,8.26745,9.646666666666668,9.646666666666668,24.0,10.0,42.91719616666666,42.91719616666666,0.7346233586731168,0.2653766413268832,0.734576629786591,0.265423370213409,0.0030227207925842,0.0018853817260056,272,32,mu_0p300,0.3,0.3
lfr,150,1463,0.0654586129753915,5,22,30.0,36,6557.074463999999,0.19368,4.481937432672591,4.44398,7.91179,9.753333333333334,9.753333333333334,25.0,10.0,43.71382976000001,43.71382976,0.3007518796992481,0.6992481203007519,0.300011522638704,0.699988477361296,0.4954823210390358,0.4968384433120651,273,33,mu_0p300,0.3,0.3
null,150,1463,0.0654586129753915,5,22,30.0,36,6557.074464,0.19368,4.481937432672591,4.44398,7.91179,9.753333333333334,9.753333333333334,25.0,10.0,43.71382976,43.71382976,0.7942583732057417,0.2057416267942583,0.7926218777191553,0.2073781222808447,0.0019758275325422,0.0035544081619753,273,33,mu_0p300,0.3,0.3
lfr,150,1454,0.0650559284116331,5,25,30.0,39,6490.220498,0.933008,4.463700480055021,4.36228,8.34637,9.693333333333332,9.693333333333332,25.0,10.0,43.268136653333336,43.26813665333332,0.3005502063273728,0.6994497936726272,0.3000286012778845,0.6999713987221154,0.4942453488834104,0.495326738069096,274,34,mu_0p300,0.3,0.3
null,150,1454,0.0650559284116331,5,25,30.0,39,6490.220498000001,0.933008,4.463700480055021,4.36228,8.34637,9.693333333333332,9.693333333333332,25.0,10.0,43.268136653333336,43.268136653333336,0.8026134800550206,0.1973865199449793,0.8036620684316232,0.1963379315683767,-0.0078179248442375,-0.0086434297195361,274,34,mu_0p300,0.3,0.3
lfr,150,1467,0.0656375838926174,5,26,30.0,33,6602.538527000001,0.347242,4.5007079256987055,4.47636,10.0168,9.78,9.78,25.0,10.0,44.01692351333334,44.01692351333334,0.305385139740968,0.6946148602590321,0.3000242753449063,0.6999757246550937,0.4929252461213267,0.4984372325455358,275,35,mu_0p300,0.3,0.3
null,150,1467,0.0656375838926174,5,26,30.0,33,6602.538527000001,0.347242,4.5007079256987055,4.47636,10.0168,9.78,9.78,25.0,10.0,44.01692351333334,44.01692351333334,0.8275391956373551,0.1724608043626448,0.8268606822474054,0.1731393177525946,-0.0292288097750604,-0.0285272834595315,275,35,mu_0p300,0.3,0.3
lfr,150,1521,0.0680536912751677,4,23,37.5,62,6960.835370778,0.000339773,4.576486108335305,4.60136,10.9829,10.14,10.14,24.0,11.0,46.40556913852,46.40556913851999,0.301775147928994,0.6982248520710059,0.3000190795411084,0.6999809204588916,0.4042039541963681,0.4048186814928438,276,36,mu_0p300,0.3,0.3
null,150,1521,0.0680536912751677,4,23,37.5,62,6960.835370778,0.000339773,4.576486108335305,4.60136,10.9829,10.14,10.14,24.0,11.0,46.40556913852,46.40556913852,0.7264957264957265,0.2735042735042735,0.7240111375044231,0.2759888624955768,-0.0205166243703643,-0.016130872413124,276,36,mu_0p300,0.3,0.3
lfr,150,1581,0.070738255033557,4,29,37.5,51,7375.779787592,0.000311492,4.665262357743201,4.63178,9.99336,10.54,10.54,25.0,11.0,49.17186525061334,49.17186525061334,0.3010752688172043,0.6989247311827957,0.3000234010937652,0.6999765989062348,0.4353720513322139,0.4360055793908715,277,37,mu_0p300,0.3,0.3
null,150,1581,0.070738255033557,4,29,37.5,51,7375.779787592,0.000311492,4.665262357743201,4.63178,9.99336,10.54,10.54,25.0,11.0,49.17186525061334,49.17186525061333,0.7469955724225174,0.2530044275774826,0.7436949214264449,0.2563050785735551,-0.0105482522730991,-0.0076475313519647,277,37,mu_0p300,0.3,0.3
lfr,150,1396,0.0624608501118568,5,23,30.0,35,6104.794103892,0.000342292,4.373061679005731,4.276714999999999,8.69412,9.306666666666668,9.306666666666668,20.0,10.0,40.69862735928,40.69862735928,0.3030085959885387,0.6969914040114613,0.3000203385605292,0.6999796614394708,0.4920695437640085,0.4946135039899165,278,38,mu_0p300,0.3,0.3
null,150,1396,0.0624608501118568,5,23,30.0,35,6104.794103892,0.000342292,4.373061679005731,4.276714999999999,8.69412,9.306666666666668,9.306666666666668,20.0,10.0,40.69862735928,40.69862735928,0.7965616045845272,0.2034383954154728,0.8059666560192712,0.1940333439807288,-0.00148346483198,-0.010700181430111,278,38,mu_0p300,0.3,0.3
lfr,150,1504,0.0672930648769574,3,38,50.0,70,6845.69794234659,9.72459e-06,4.551660865921935,4.506679999999999,9.73692,10.026666666666667,10.026666666666667,25.0,11.0,45.63798628231061,45.63798628231059,0.2992021276595745,0.7007978723404256,0.3000125435920981,0.6999874564079018,0.33896665629244,0.3386236901046819,279,39,mu_0p300,0.3,0.3
null,150,1504,0.0672930648769574,3,38,50.0,70,6845.69794234659,9.72459e-06,4.551660865921935,4.506679999999999,9.73692,10.026666666666667,10.026666666666667,25.0,11.0,45.63798628231059,45.6379862823106,0.6502659574468085,0.3497340425531915,0.6483305917901245,0.3516694082098754,-0.012097173494794,-0.0107520975800472,279,39,mu_0p300,0.3,0.3
