family,filename,path,outcome,attack_family,ranking_metric,scale,graph_type
dashboard_panel,01_Y1_weighted_directed_community_assortativity_node_removal_raw.png,01_dashboard_panels/standard_groundtruth/raw/01_Y1_weighted_directed_community_assortativity_node_removal_raw.png,weighted_directed_community_assortativity,node_removal,ALL,raw,
dashboard_panel,02_Y1_weighted_directed_community_assortativity_node_redistribution_raw.png,01_dashboard_panels/standard_groundtruth/raw/02_Y1_weighted_directed_community_assortativity_node_redistribution_raw.png,weighted_directed_community_assortativity,node_redistribution,ALL,raw,
dashboard_panel,03_Y1_weighted_directed_community_assortativity_edge_weakening_raw.png,01_dashboard_panels/standard_groundtruth/raw/03_Y1_weighted_directed_community_assortativity_edge_weakening_raw.png,weighted_directed_community_assortativity,edge_weakening,ALL,raw,
dashboard_panel,04_Y1_weighted_directed_community_assortativity_edge_weakening_random_subset_raw.png,01_dashboard_panels/standard_groundtruth/raw/04_Y1_weighted_directed_community_assortativity_edge_weakening_random_subset_raw.png,weighted_directed_community_assortativity,edge_weakening_random_subset,ALL,raw,
dashboard_panel,05_Y2_community_assortativity_node_removal_raw.png,01_dashboard_panels/standard_groundtruth/raw/05_Y2_community_assortativity_node_removal_raw.png,community_assortativity,node_removal,ALL,raw,
dashboard_panel,06_Y3_yuan_out_in_strength_assortativity_node_removal_raw.png,01_dashboard_panels/standard_groundtruth/raw/06_Y3_yuan_out_in_strength_assortativity_node_removal_raw.png,yuan_out_in_strength_assortativity,node_removal,ALL,raw,
dashboard_panel,07_Y3_yuan_out_in_strength_assortativity_node_redistribution_raw.png,01_dashboard_panels/standard_groundtruth/raw/07_Y3_yuan_out_in_strength_assortativity_node_redistribution_raw.png,yuan_out_in_strength_assortativity,node_redistribution,ALL,raw,
dashboard_panel,08_Y3_yuan_out_in_strength_assortativity_edge_weakening_raw.png,01_dashboard_panels/standard_groundtruth/raw/08_Y3_yuan_out_in_strength_assortativity_edge_weakening_raw.png,yuan_out_in_strength_assortativity,edge_weakening,ALL,raw,
dashboard_panel,09_Y3_yuan_out_in_strength_assortativity_edge_weakening_random_subset_raw.png,01_dashboard_panels/standard_groundtruth/raw/09_Y3_yuan_out_in_strength_assortativity_edge_weakening_random_subset_raw.png,yuan_out_in_strength_assortativity,edge_weakening_random_subset,ALL,raw,
dashboard_panel,10_Y4_spectral_kappa_node_removal_raw.png,01_dashboard_panels/standard_groundtruth/raw/10_Y4_spectral_kappa_node_removal_raw.png,spectral_kappa,node_removal,ALL,raw,
dashboard_panel,11_Y4_spectral_kappa_node_redistribution_raw.png,01_dashboard_panels/standard_groundtruth/raw/11_Y4_spectral_kappa_node_redistribution_raw.png,spectral_kappa,node_redistribution,ALL,raw,
dashboard_panel,12_Y4_spectral_kappa_edge_weakening_raw.png,01_dashboard_panels/standard_groundtruth/raw/12_Y4_spectral_kappa_edge_weakening_raw.png,spectral_kappa,edge_weakening,ALL,raw,
dashboard_panel,13_Y4_spectral_kappa_edge_weakening_random_subset_raw.png,01_dashboard_panels/standard_groundtruth/raw/13_Y4_spectral_kappa_edge_weakening_random_subset_raw.png,spectral_kappa,edge_weakening_random_subset,ALL,raw,
dashboard_panel,01_Y1_weighted_directed_community_assortativity_node_removal_signed_delta.png,01_dashboard_panels/standard_groundtruth/signed_delta/01_Y1_weighted_directed_community_assortativity_node_removal_signed_delta.png,weighted_directed_community_assortativity,node_removal,ALL,signed_delta,
dashboard_panel,02_Y1_weighted_directed_community_assortativity_node_redistribution_signed_delta.png,01_dashboard_panels/standard_groundtruth/signed_delta/02_Y1_weighted_directed_community_assortativity_node_redistribution_signed_delta.png,weighted_directed_community_assortativity,node_redistribution,ALL,signed_delta,
dashboard_panel,03_Y1_weighted_directed_community_assortativity_edge_weakening_signed_delta.png,01_dashboard_panels/standard_groundtruth/signed_delta/03_Y1_weighted_directed_community_assortativity_edge_weakening_signed_delta.png,weighted_directed_community_assortativity,edge_weakening,ALL,signed_delta,
dashboard_panel,04_Y1_weighted_directed_community_assortativity_edge_weakening_random_subset_signed_delta.png,01_dashboard_panels/standard_groundtruth/signed_delta/04_Y1_weighted_directed_community_assortativity_edge_weakening_random_subset_signed_delta.png,weighted_directed_community_assortativity,edge_weakening_random_subset,ALL,signed_delta,
dashboard_panel,05_Y2_community_assortativity_node_removal_signed_delta.png,01_dashboard_panels/standard_groundtruth/signed_delta/05_Y2_community_assortativity_node_removal_signed_delta.png,community_assortativity,node_removal,ALL,signed_delta,
dashboard_panel,06_Y3_yuan_out_in_strength_assortativity_node_removal_signed_delta.png,01_dashboard_panels/standard_groundtruth/signed_delta/06_Y3_yuan_out_in_strength_assortativity_node_removal_signed_delta.png,yuan_out_in_strength_assortativity,node_removal,ALL,signed_delta,
dashboard_panel,07_Y3_yuan_out_in_strength_assortativity_node_redistribution_signed_delta.png,01_dashboard_panels/standard_groundtruth/signed_delta/07_Y3_yuan_out_in_strength_assortativity_node_redistribution_signed_delta.png,yuan_out_in_strength_assortativity,node_redistribution,ALL,signed_delta,
dashboard_panel,08_Y3_yuan_out_in_strength_assortativity_edge_weakening_signed_delta.png,01_dashboard_panels/standard_groundtruth/signed_delta/08_Y3_yuan_out_in_strength_assortativity_edge_weakening_signed_delta.png,yuan_out_in_strength_assortativity,edge_weakening,ALL,signed_delta,
dashboard_panel,09_Y3_yuan_out_in_strength_assortativity_edge_weakening_random_subset_signed_delta.png,01_dashboard_panels/standard_groundtruth/signed_delta/09_Y3_yuan_out_in_strength_assortativity_edge_weakening_random_subset_signed_delta.png,yuan_out_in_strength_assortativity,edge_weakening_random_subset,ALL,signed_delta,
dashboard_panel,10_Y4_spectral_kappa_node_removal_signed_delta.png,01_dashboard_panels/standard_groundtruth/signed_delta/10_Y4_spectral_kappa_node_removal_signed_delta.png,spectral_kappa,node_removal,ALL,signed_delta,
dashboard_panel,11_Y4_spectral_kappa_node_redistribution_signed_delta.png,01_dashboard_panels/standard_groundtruth/signed_delta/11_Y4_spectral_kappa_node_redistribution_signed_delta.png,spectral_kappa,node_redistribution,ALL,signed_delta,
dashboard_panel,12_Y4_spectral_kappa_edge_weakening_signed_delta.png,01_dashboard_panels/standard_groundtruth/signed_delta/12_Y4_spectral_kappa_edge_weakening_signed_delta.png,spectral_kappa,edge_weakening,ALL,signed_delta,
dashboard_panel,13_Y4_spectral_kappa_edge_weakening_random_subset_signed_delta.png,01_dashboard_panels/standard_groundtruth/signed_delta/13_Y4_spectral_kappa_edge_weakening_random_subset_signed_delta.png,spectral_kappa,edge_weakening_random_subset,ALL,signed_delta,
dashboard_panel,01_Y1_weighted_directed_community_assortativity_node_removal_absolute_delta.png,01_dashboard_panels/standard_groundtruth/absolute_delta/01_Y1_weighted_directed_community_assortativity_node_removal_absolute_delta.png,weighted_directed_community_assortativity,node_removal,ALL,absolute_delta,
dashboard_panel,02_Y1_weighted_directed_community_assortativity_node_redistribution_absolute_delta.png,01_dashboard_panels/standard_groundtruth/absolute_delta/02_Y1_weighted_directed_community_assortativity_node_redistribution_absolute_delta.png,weighted_directed_community_assortativity,node_redistribution,ALL,absolute_delta,
dashboard_panel,03_Y1_weighted_directed_community_assortativity_edge_weakening_absolute_delta.png,01_dashboard_panels/standard_groundtruth/absolute_delta/03_Y1_weighted_directed_community_assortativity_edge_weakening_absolute_delta.png,weighted_directed_community_assortativity,edge_weakening,ALL,absolute_delta,
dashboard_panel,04_Y1_weighted_directed_community_assortativity_edge_weakening_random_subset_absolute_delta.png,01_dashboard_panels/standard_groundtruth/absolute_delta/04_Y1_weighted_directed_community_assortativity_edge_weakening_random_subset_absolute_delta.png,weighted_directed_community_assortativity,edge_weakening_random_subset,ALL,absolute_delta,
dashboard_panel,05_Y2_community_assortativity_node_removal_absolute_delta.png,01_dashboard_panels/standard_groundtruth/absolute_delta/05_Y2_community_assortativity_node_removal_absolute_delta.png,community_assortativity,node_removal,ALL,absolute_delta,
dashboard_panel,06_Y3_yuan_out_in_strength_assortativity_node_removal_absolute_delta.png,01_dashboard_panels/standard_groundtruth/absolute_delta/06_Y3_yuan_out_in_strength_assortativity_node_removal_absolute_delta.png,yuan_out_in_strength_assortativity,node_removal,ALL,absolute_delta,
dashboard_panel,07_Y3_yuan_out_in_strength_assortativity_node_redistribution_absolute_delta.png,01_dashboard_panels/standard_groundtruth/absolute_delta/07_Y3_yuan_out_in_strength_assortativity_node_redistribution_absolute_delta.png,yuan_out_in_strength_assortativity,node_redistribution,ALL,absolute_delta,
dashboard_panel,08_Y3_yuan_out_in_strength_assortativity_edge_weakening_absolute_delta.png,01_dashboard_panels/standard_groundtruth/absolute_delta/08_Y3_yuan_out_in_strength_assortativity_edge_weakening_absolute_delta.png,yuan_out_in_strength_assortativity,edge_weakening,ALL,absolute_delta,
dashboard_panel,09_Y3_yuan_out_in_strength_assortativity_edge_weakening_random_subset_absolute_delta.png,01_dashboard_panels/standard_groundtruth/absolute_delta/09_Y3_yuan_out_in_strength_assortativity_edge_weakening_random_subset_absolute_delta.png,yuan_out_in_strength_assortativity,edge_weakening_random_subset,ALL,absolute_delta,
dashboard_panel,10_Y4_spectral_kappa_node_removal_absolute_delta.png,01_dashboard_panels/standard_groundtruth/absolute_delta/10_Y4_spectral_kappa_node_removal_absolute_delta.png,spectral_kappa,node_removal,ALL,absolute_delta,
dashboard_panel,11_Y4_spectral_kappa_node_redistribution_absolute_delta.png,01_dashboard_panels/standard_groundtruth/absolute_delta/11_Y4_spectral_kappa_node_redistribution_absolute_delta.png,spectral_kappa,node_redistribution,ALL,absolute_delta,
dashboard_panel,12_Y4_spectral_kappa_edge_weakening_absolute_delta.png,01_dashboard_panels/standard_groundtruth/absolute_delta/12_Y4_spectral_kappa_edge_weakening_absolute_delta.png,spectral_kappa,edge_weakening,ALL,absolute_delta,
dashboard_panel,13_Y4_spectral_kappa_edge_weakening_random_subset_absolute_delta.png,01_dashboard_panels/standard_groundtruth/absolute_delta/13_Y4_spectral_kappa_edge_weakening_random_subset_absolute_delta.png,spectral_kappa,edge_weakening_random_subset,ALL,absolute_delta,
dashboard_panel,01_Y1L_weighted_directed_community_assortativity_louvain_dynamic_node_removal_raw.png,01_dashboard_panels/louvain_dynamic/raw/01_Y1L_weighted_directed_community_assortativity_louvain_dynamic_node_removal_raw.png,weighted_directed_community_assortativity_louvain_dynamic,node_removal,ALL,raw,
dashboard_panel,02_Y1L_weighted_directed_community_assortativity_louvain_dynamic_node_redistribution_raw.png,01_dashboard_panels/louvain_dynamic/raw/02_Y1L_weighted_directed_community_assortativity_louvain_dynamic_node_redistribution_raw.png,weighted_directed_community_assortativity_louvain_dynamic,node_redistribution,ALL,raw,
dashboard_panel,03_Y1L_weighted_directed_community_assortativity_louvain_dynamic_edge_weakening_raw.png,01_dashboard_panels/louvain_dynamic/raw/03_Y1L_weighted_directed_community_assortativity_louvain_dynamic_edge_weakening_raw.png,weighted_directed_community_assortativity_louvain_dynamic,edge_weakening,ALL,raw,
dashboard_panel,04_Y1L_weighted_directed_community_assortativity_louvain_dynamic_edge_weakening_random_subset_raw.png,01_dashboard_panels/louvain_dynamic/raw/04_Y1L_weighted_directed_community_assortativity_louvain_dynamic_edge_weakening_random_subset_raw.png,weighted_directed_community_assortativity_louvain_dynamic,edge_weakening_random_subset,ALL,raw,
dashboard_panel,05_Y2L_community_assortativity_louvain_dynamic_node_removal_raw.png,01_dashboard_panels/louvain_dynamic/raw/05_Y2L_community_assortativity_louvain_dynamic_node_removal_raw.png,community_assortativity_louvain_dynamic,node_removal,ALL,raw,
dashboard_panel,06_Y2L_community_assortativity_louvain_dynamic_node_redistribution_raw.png,01_dashboard_panels/louvain_dynamic/raw/06_Y2L_community_assortativity_louvain_dynamic_node_redistribution_raw.png,community_assortativity_louvain_dynamic,node_redistribution,ALL,raw,
dashboard_panel,07_Y2L_community_assortativity_louvain_dynamic_edge_weakening_raw.png,01_dashboard_panels/louvain_dynamic/raw/07_Y2L_community_assortativity_louvain_dynamic_edge_weakening_raw.png,community_assortativity_louvain_dynamic,edge_weakening,ALL,raw,
dashboard_panel,08_Y2L_community_assortativity_louvain_dynamic_edge_weakening_random_subset_raw.png,01_dashboard_panels/louvain_dynamic/raw/08_Y2L_community_assortativity_louvain_dynamic_edge_weakening_random_subset_raw.png,community_assortativity_louvain_dynamic,edge_weakening_random_subset,ALL,raw,
dashboard_panel,01_Y1L_weighted_directed_community_assortativity_louvain_dynamic_node_removal_signed_delta.png,01_dashboard_panels/louvain_dynamic/signed_delta/01_Y1L_weighted_directed_community_assortativity_louvain_dynamic_node_removal_signed_delta.png,weighted_directed_community_assortativity_louvain_dynamic,node_removal,ALL,signed_delta,
dashboard_panel,02_Y1L_weighted_directed_community_assortativity_louvain_dynamic_node_redistribution_signed_delta.png,01_dashboard_panels/louvain_dynamic/signed_delta/02_Y1L_weighted_directed_community_assortativity_louvain_dynamic_node_redistribution_signed_delta.png,weighted_directed_community_assortativity_louvain_dynamic,node_redistribution,ALL,signed_delta,
dashboard_panel,03_Y1L_weighted_directed_community_assortativity_louvain_dynamic_edge_weakening_signed_delta.png,01_dashboard_panels/louvain_dynamic/signed_delta/03_Y1L_weighted_directed_community_assortativity_louvain_dynamic_edge_weakening_signed_delta.png,weighted_directed_community_assortativity_louvain_dynamic,edge_weakening,ALL,signed_delta,
dashboard_panel,04_Y1L_weighted_directed_community_assortativity_louvain_dynamic_edge_weakening_random_subset_signed_delta.png,01_dashboard_panels/louvain_dynamic/signed_delta/04_Y1L_weighted_directed_community_assortativity_louvain_dynamic_edge_weakening_random_subset_signed_delta.png,weighted_directed_community_assortativity_louvain_dynamic,edge_weakening_random_subset,ALL,signed_delta,
dashboard_panel,05_Y2L_community_assortativity_louvain_dynamic_node_removal_signed_delta.png,01_dashboard_panels/louvain_dynamic/signed_delta/05_Y2L_community_assortativity_louvain_dynamic_node_removal_signed_delta.png,community_assortativity_louvain_dynamic,node_removal,ALL,signed_delta,
dashboard_panel,06_Y2L_community_assortativity_louvain_dynamic_node_redistribution_signed_delta.png,01_dashboard_panels/louvain_dynamic/signed_delta/06_Y2L_community_assortativity_louvain_dynamic_node_redistribution_signed_delta.png,community_assortativity_louvain_dynamic,node_redistribution,ALL,signed_delta,
dashboard_panel,07_Y2L_community_assortativity_louvain_dynamic_edge_weakening_signed_delta.png,01_dashboard_panels/louvain_dynamic/signed_delta/07_Y2L_community_assortativity_louvain_dynamic_edge_weakening_signed_delta.png,community_assortativity_louvain_dynamic,edge_weakening,ALL,signed_delta,
dashboard_panel,08_Y2L_community_assortativity_louvain_dynamic_edge_weakening_random_subset_signed_delta.png,01_dashboard_panels/louvain_dynamic/signed_delta/08_Y2L_community_assortativity_louvain_dynamic_edge_weakening_random_subset_signed_delta.png,community_assortativity_louvain_dynamic,edge_weakening_random_subset,ALL,signed_delta,
dashboard_panel,01_Y1L_weighted_directed_community_assortativity_louvain_dynamic_node_removal_absolute_delta.png,01_dashboard_panels/louvain_dynamic/absolute_delta/01_Y1L_weighted_directed_community_assortativity_louvain_dynamic_node_removal_absolute_delta.png,weighted_directed_community_assortativity_louvain_dynamic,node_removal,ALL,absolute_delta,
dashboard_panel,02_Y1L_weighted_directed_community_assortativity_louvain_dynamic_node_redistribution_absolute_delta.png,01_dashboard_panels/louvain_dynamic/absolute_delta/02_Y1L_weighted_directed_community_assortativity_louvain_dynamic_node_redistribution_absolute_delta.png,weighted_directed_community_assortativity_louvain_dynamic,node_redistribution,ALL,absolute_delta,
dashboard_panel,03_Y1L_weighted_directed_community_assortativity_louvain_dynamic_edge_weakening_absolute_delta.png,01_dashboard_panels/louvain_dynamic/absolute_delta/03_Y1L_weighted_directed_community_assortativity_louvain_dynamic_edge_weakening_absolute_delta.png,weighted_directed_community_assortativity_louvain_dynamic,edge_weakening,ALL,absolute_delta,
dashboard_panel,04_Y1L_weighted_directed_community_assortativity_louvain_dynamic_edge_weakening_random_subset_absolute_delta.png,01_dashboard_panels/louvain_dynamic/absolute_delta/04_Y1L_weighted_directed_community_assortativity_louvain_dynamic_edge_weakening_random_subset_absolute_delta.png,weighted_directed_community_assortativity_louvain_dynamic,edge_weakening_random_subset,ALL,absolute_delta,
dashboard_panel,05_Y2L_community_assortativity_louvain_dynamic_node_removal_absolute_delta.png,01_dashboard_panels/louvain_dynamic/absolute_delta/05_Y2L_community_assortativity_louvain_dynamic_node_removal_absolute_delta.png,community_assortativity_louvain_dynamic,node_removal,ALL,absolute_delta,
dashboard_panel,06_Y2L_community_assortativity_louvain_dynamic_node_redistribution_absolute_delta.png,01_dashboard_panels/louvain_dynamic/absolute_delta/06_Y2L_community_assortativity_louvain_dynamic_node_redistribution_absolute_delta.png,community_assortativity_louvain_dynamic,node_redistribution,ALL,absolute_delta,
dashboard_panel,07_Y2L_community_assortativity_louvain_dynamic_edge_weakening_absolute_delta.png,01_dashboard_panels/louvain_dynamic/absolute_delta/07_Y2L_community_assortativity_louvain_dynamic_edge_weakening_absolute_delta.png,community_assortativity_louvain_dynamic,edge_weakening,ALL,absolute_delta,
dashboard_panel,08_Y2L_community_assortativity_louvain_dynamic_edge_weakening_random_subset_absolute_delta.png,01_dashboard_panels/louvain_dynamic/absolute_delta/08_Y2L_community_assortativity_louvain_dynamic_edge_weakening_random_subset_absolute_delta.png,community_assortativity_louvain_dynamic,edge_weakening_random_subset,ALL,absolute_delta,
luisa_style,001_community_assortativity_node_removal_random_raw_signed_delta.png,02_luisa_style/standard_groundtruth/community_assortativity/001_community_assortativity_node_removal_random_raw_signed_delta.png,community_assortativity,node_removal,random,raw_signed_delta,
luisa_style,002_community_assortativity_node_removal_weighted_slack_raw_signed_delta.png,02_luisa_style/standard_groundtruth/community_assortativity/002_community_assortativity_node_removal_weighted_slack_raw_signed_delta.png,community_assortativity,node_removal,weighted_slack,raw_signed_delta,
luisa_style,003_community_assortativity_node_removal_out_strength_raw_signed_delta.png,02_luisa_style/standard_groundtruth/community_assortativity/003_community_assortativity_node_removal_out_strength_raw_signed_delta.png,community_assortativity,node_removal,out_strength,raw_signed_delta,
luisa_style,004_community_assortativity_node_redistribution_random_raw_signed_delta.png,02_luisa_style/standard_groundtruth/community_assortativity/004_community_assortativity_node_redistribution_random_raw_signed_delta.png,community_assortativity,node_redistribution,random,raw_signed_delta,
luisa_style,005_community_assortativity_node_redistribution_weighted_slack_raw_signed_delta.png,02_luisa_style/standard_groundtruth/community_assortativity/005_community_assortativity_node_redistribution_weighted_slack_raw_signed_delta.png,community_assortativity,node_redistribution,weighted_slack,raw_signed_delta,
luisa_style,006_community_assortativity_node_redistribution_out_strength_raw_signed_delta.png,02_luisa_style/standard_groundtruth/community_assortativity/006_community_assortativity_node_redistribution_out_strength_raw_signed_delta.png,community_assortativity,node_redistribution,out_strength,raw_signed_delta,
luisa_style,007_community_assortativity_edge_weakening_random_edge_raw_signed_delta.png,02_luisa_style/standard_groundtruth/community_assortativity/007_community_assortativity_edge_weakening_random_edge_raw_signed_delta.png,community_assortativity,edge_weakening,random_edge,raw_signed_delta,
luisa_style,008_community_assortativity_edge_weakening_weighted_edge_betweenness_raw_signed_delta.png,02_luisa_style/standard_groundtruth/community_assortativity/008_community_assortativity_edge_weakening_weighted_edge_betweenness_raw_signed_delta.png,community_assortativity,edge_weakening,weighted_edge_betweenness,raw_signed_delta,
luisa_style,009_community_assortativity_edge_weakening_random_subset_random_fixed_10pct_raw_signed_delta.png,02_luisa_style/standard_groundtruth/community_assortativity/009_community_assortativity_edge_weakening_random_subset_random_fixed_10pct_raw_signed_delta.png,community_assortativity,edge_weakening_random_subset,random_fixed_10pct,raw_signed_delta,
luisa_style,010_community_assortativity_edge_weakening_random_subset_weighted_edge_betweenness_fixed_10pct_raw_signed_delta.png,02_luisa_style/standard_groundtruth/community_assortativity/010_community_assortativity_edge_weakening_random_subset_weighted_edge_betweenness_fixed_10pct_raw_signed_delta.png,community_assortativity,edge_weakening_random_subset,weighted_edge_betweenness_fixed_10pct,raw_signed_delta,
luisa_style,011_weighted_directed_community_assortativity_node_removal_random_raw_signed_delta.png,02_luisa_style/standard_groundtruth/weighted_directed_community_assortativity/011_weighted_directed_community_assortativity_node_removal_random_raw_signed_delta.png,weighted_directed_community_assortativity,node_removal,random,raw_signed_delta,
luisa_style,012_weighted_directed_community_assortativity_node_removal_weighted_slack_raw_signed_delta.png,02_luisa_style/standard_groundtruth/weighted_directed_community_assortativity/012_weighted_directed_community_assortativity_node_removal_weighted_slack_raw_signed_delta.png,weighted_directed_community_assortativity,node_removal,weighted_slack,raw_signed_delta,
luisa_style,013_weighted_directed_community_assortativity_node_removal_out_strength_raw_signed_delta.png,02_luisa_style/standard_groundtruth/weighted_directed_community_assortativity/013_weighted_directed_community_assortativity_node_removal_out_strength_raw_signed_delta.png,weighted_directed_community_assortativity,node_removal,out_strength,raw_signed_delta,
luisa_style,014_weighted_directed_community_assortativity_node_redistribution_random_raw_signed_delta.png,02_luisa_style/standard_groundtruth/weighted_directed_community_assortativity/014_weighted_directed_community_assortativity_node_redistribution_random_raw_signed_delta.png,weighted_directed_community_assortativity,node_redistribution,random,raw_signed_delta,
luisa_style,015_weighted_directed_community_assortativity_node_redistribution_weighted_slack_raw_signed_delta.png,02_luisa_style/standard_groundtruth/weighted_directed_community_assortativity/015_weighted_directed_community_assortativity_node_redistribution_weighted_slack_raw_signed_delta.png,weighted_directed_community_assortativity,node_redistribution,weighted_slack,raw_signed_delta,
luisa_style,016_weighted_directed_community_assortativity_node_redistribution_out_strength_raw_signed_delta.png,02_luisa_style/standard_groundtruth/weighted_directed_community_assortativity/016_weighted_directed_community_assortativity_node_redistribution_out_strength_raw_signed_delta.png,weighted_directed_community_assortativity,node_redistribution,out_strength,raw_signed_delta,
luisa_style,017_weighted_directed_community_assortativity_edge_weakening_random_edge_raw_signed_delta.png,02_luisa_style/standard_groundtruth/weighted_directed_community_assortativity/017_weighted_directed_community_assortativity_edge_weakening_random_edge_raw_signed_delta.png,weighted_directed_community_assortativity,edge_weakening,random_edge,raw_signed_delta,
luisa_style,018_weighted_directed_community_assortativity_edge_weakening_weighted_edge_betweenness_raw_signed_delta.png,02_luisa_style/standard_groundtruth/weighted_directed_community_assortativity/018_weighted_directed_community_assortativity_edge_weakening_weighted_edge_betweenness_raw_signed_delta.png,weighted_directed_community_assortativity,edge_weakening,weighted_edge_betweenness,raw_signed_delta,
luisa_style,019_weighted_directed_community_assortativity_edge_weakening_random_subset_random_fixed_10pct_raw_signed_delta.png,02_luisa_style/standard_groundtruth/weighted_directed_community_assortativity/019_weighted_directed_community_assortativity_edge_weakening_random_subset_random_fixed_10pct_raw_signed_delta.png,weighted_directed_community_assortativity,edge_weakening_random_subset,random_fixed_10pct,raw_signed_delta,
luisa_style,020_weighted_directed_community_assortativity_edge_weakening_random_subset_weighted_edge_betweenness_fixed_10pct_raw_signed_delta.png,02_luisa_style/standard_groundtruth/weighted_directed_community_assortativity/020_weighted_directed_community_assortativity_edge_weakening_random_subset_weighted_edge_betweenness_fixed_10pct_raw_signed_delta.png,weighted_directed_community_assortativity,edge_weakening_random_subset,weighted_edge_betweenness_fixed_10pct,raw_signed_delta,
luisa_style,021_yuan_out_in_strength_assortativity_node_removal_random_raw_signed_delta.png,02_luisa_style/standard_groundtruth/yuan_out_in_strength_assortativity/021_yuan_out_in_strength_assortativity_node_removal_random_raw_signed_delta.png,yuan_out_in_strength_assortativity,node_removal,random,raw_signed_delta,
luisa_style,022_yuan_out_in_strength_assortativity_node_removal_weighted_slack_raw_signed_delta.png,02_luisa_style/standard_groundtruth/yuan_out_in_strength_assortativity/022_yuan_out_in_strength_assortativity_node_removal_weighted_slack_raw_signed_delta.png,yuan_out_in_strength_assortativity,node_removal,weighted_slack,raw_signed_delta,
luisa_style,023_yuan_out_in_strength_assortativity_node_removal_out_strength_raw_signed_delta.png,02_luisa_style/standard_groundtruth/yuan_out_in_strength_assortativity/023_yuan_out_in_strength_assortativity_node_removal_out_strength_raw_signed_delta.png,yuan_out_in_strength_assortativity,node_removal,out_strength,raw_signed_delta,
luisa_style,024_yuan_out_in_strength_assortativity_node_redistribution_random_raw_signed_delta.png,02_luisa_style/standard_groundtruth/yuan_out_in_strength_assortativity/024_yuan_out_in_strength_assortativity_node_redistribution_random_raw_signed_delta.png,yuan_out_in_strength_assortativity,node_redistribution,random,raw_signed_delta,
luisa_style,025_yuan_out_in_strength_assortativity_node_redistribution_weighted_slack_raw_signed_delta.png,02_luisa_style/standard_groundtruth/yuan_out_in_strength_assortativity/025_yuan_out_in_strength_assortativity_node_redistribution_weighted_slack_raw_signed_delta.png,yuan_out_in_strength_assortativity,node_redistribution,weighted_slack,raw_signed_delta,
luisa_style,026_yuan_out_in_strength_assortativity_node_redistribution_out_strength_raw_signed_delta.png,02_luisa_style/standard_groundtruth/yuan_out_in_strength_assortativity/026_yuan_out_in_strength_assortativity_node_redistribution_out_strength_raw_signed_delta.png,yuan_out_in_strength_assortativity,node_redistribution,out_strength,raw_signed_delta,
luisa_style,027_yuan_out_in_strength_assortativity_edge_weakening_random_edge_raw_signed_delta.png,02_luisa_style/standard_groundtruth/yuan_out_in_strength_assortativity/027_yuan_out_in_strength_assortativity_edge_weakening_random_edge_raw_signed_delta.png,yuan_out_in_strength_assortativity,edge_weakening,random_edge,raw_signed_delta,
luisa_style,028_yuan_out_in_strength_assortativity_edge_weakening_weighted_edge_betweenness_raw_signed_delta.png,02_luisa_style/standard_groundtruth/yuan_out_in_strength_assortativity/028_yuan_out_in_strength_assortativity_edge_weakening_weighted_edge_betweenness_raw_signed_delta.png,yuan_out_in_strength_assortativity,edge_weakening,weighted_edge_betweenness,raw_signed_delta,
luisa_style,029_yuan_out_in_strength_assortativity_edge_weakening_random_subset_random_fixed_10pct_raw_signed_delta.png,02_luisa_style/standard_groundtruth/yuan_out_in_strength_assortativity/029_yuan_out_in_strength_assortativity_edge_weakening_random_subset_random_fixed_10pct_raw_signed_delta.png,yuan_out_in_strength_assortativity,edge_weakening_random_subset,random_fixed_10pct,raw_signed_delta,
luisa_style,030_yuan_out_in_strength_assortativity_edge_weakening_random_subset_weighted_edge_betweenness_fixed_10pct_raw_signed_delta.png,02_luisa_style/standard_groundtruth/yuan_out_in_strength_assortativity/030_yuan_out_in_strength_assortativity_edge_weakening_random_subset_weighted_edge_betweenness_fixed_10pct_raw_signed_delta.png,yuan_out_in_strength_assortativity,edge_weakening_random_subset,weighted_edge_betweenness_fixed_10pct,raw_signed_delta,
luisa_style,031_spectral_kappa_node_removal_random_raw_signed_delta.png,02_luisa_style/standard_groundtruth/spectral_kappa/031_spectral_kappa_node_removal_random_raw_signed_delta.png,spectral_kappa,node_removal,random,raw_signed_delta,
luisa_style,032_spectral_kappa_node_removal_weighted_slack_raw_signed_delta.png,02_luisa_style/standard_groundtruth/spectral_kappa/032_spectral_kappa_node_removal_weighted_slack_raw_signed_delta.png,spectral_kappa,node_removal,weighted_slack,raw_signed_delta,
luisa_style,033_spectral_kappa_node_removal_out_strength_raw_signed_delta.png,02_luisa_style/standard_groundtruth/spectral_kappa/033_spectral_kappa_node_removal_out_strength_raw_signed_delta.png,spectral_kappa,node_removal,out_strength,raw_signed_delta,
luisa_style,034_spectral_kappa_node_redistribution_random_raw_signed_delta.png,02_luisa_style/standard_groundtruth/spectral_kappa/034_spectral_kappa_node_redistribution_random_raw_signed_delta.png,spectral_kappa,node_redistribution,random,raw_signed_delta,
luisa_style,035_spectral_kappa_node_redistribution_weighted_slack_raw_signed_delta.png,02_luisa_style/standard_groundtruth/spectral_kappa/035_spectral_kappa_node_redistribution_weighted_slack_raw_signed_delta.png,spectral_kappa,node_redistribution,weighted_slack,raw_signed_delta,
luisa_style,036_spectral_kappa_node_redistribution_out_strength_raw_signed_delta.png,02_luisa_style/standard_groundtruth/spectral_kappa/036_spectral_kappa_node_redistribution_out_strength_raw_signed_delta.png,spectral_kappa,node_redistribution,out_strength,raw_signed_delta,
luisa_style,037_spectral_kappa_edge_weakening_random_edge_raw_signed_delta.png,02_luisa_style/standard_groundtruth/spectral_kappa/037_spectral_kappa_edge_weakening_random_edge_raw_signed_delta.png,spectral_kappa,edge_weakening,random_edge,raw_signed_delta,
luisa_style,038_spectral_kappa_edge_weakening_weighted_edge_betweenness_raw_signed_delta.png,02_luisa_style/standard_groundtruth/spectral_kappa/038_spectral_kappa_edge_weakening_weighted_edge_betweenness_raw_signed_delta.png,spectral_kappa,edge_weakening,weighted_edge_betweenness,raw_signed_delta,
luisa_style,039_spectral_kappa_edge_weakening_random_subset_random_fixed_10pct_raw_signed_delta.png,02_luisa_style/standard_groundtruth/spectral_kappa/039_spectral_kappa_edge_weakening_random_subset_random_fixed_10pct_raw_signed_delta.png,spectral_kappa,edge_weakening_random_subset,random_fixed_10pct,raw_signed_delta,
luisa_style,040_spectral_kappa_edge_weakening_random_subset_weighted_edge_betweenness_fixed_10pct_raw_signed_delta.png,02_luisa_style/standard_groundtruth/spectral_kappa/040_spectral_kappa_edge_weakening_random_subset_weighted_edge_betweenness_fixed_10pct_raw_signed_delta.png,spectral_kappa,edge_weakening_random_subset,weighted_edge_betweenness_fixed_10pct,raw_signed_delta,
luisa_style,041_gscc_ratio_node_removal_random_raw_signed_delta.png,02_luisa_style/standard_groundtruth/gscc_ratio/041_gscc_ratio_node_removal_random_raw_signed_delta.png,gscc_ratio,node_removal,random,raw_signed_delta,
luisa_style,042_gscc_ratio_node_removal_weighted_slack_raw_signed_delta.png,02_luisa_style/standard_groundtruth/gscc_ratio/042_gscc_ratio_node_removal_weighted_slack_raw_signed_delta.png,gscc_ratio,node_removal,weighted_slack,raw_signed_delta,
luisa_style,043_gscc_ratio_node_removal_out_strength_raw_signed_delta.png,02_luisa_style/standard_groundtruth/gscc_ratio/043_gscc_ratio_node_removal_out_strength_raw_signed_delta.png,gscc_ratio,node_removal,out_strength,raw_signed_delta,
luisa_style,044_gscc_ratio_node_redistribution_random_raw_signed_delta.png,02_luisa_style/standard_groundtruth/gscc_ratio/044_gscc_ratio_node_redistribution_random_raw_signed_delta.png,gscc_ratio,node_redistribution,random,raw_signed_delta,
luisa_style,045_gscc_ratio_node_redistribution_weighted_slack_raw_signed_delta.png,02_luisa_style/standard_groundtruth/gscc_ratio/045_gscc_ratio_node_redistribution_weighted_slack_raw_signed_delta.png,gscc_ratio,node_redistribution,weighted_slack,raw_signed_delta,
luisa_style,046_gscc_ratio_node_redistribution_out_strength_raw_signed_delta.png,02_luisa_style/standard_groundtruth/gscc_ratio/046_gscc_ratio_node_redistribution_out_strength_raw_signed_delta.png,gscc_ratio,node_redistribution,out_strength,raw_signed_delta,
luisa_style,047_gscc_ratio_edge_weakening_random_edge_raw_signed_delta.png,02_luisa_style/standard_groundtruth/gscc_ratio/047_gscc_ratio_edge_weakening_random_edge_raw_signed_delta.png,gscc_ratio,edge_weakening,random_edge,raw_signed_delta,
luisa_style,048_gscc_ratio_edge_weakening_weighted_edge_betweenness_raw_signed_delta.png,02_luisa_style/standard_groundtruth/gscc_ratio/048_gscc_ratio_edge_weakening_weighted_edge_betweenness_raw_signed_delta.png,gscc_ratio,edge_weakening,weighted_edge_betweenness,raw_signed_delta,
luisa_style,049_gscc_ratio_edge_weakening_random_subset_random_fixed_10pct_raw_signed_delta.png,02_luisa_style/standard_groundtruth/gscc_ratio/049_gscc_ratio_edge_weakening_random_subset_random_fixed_10pct_raw_signed_delta.png,gscc_ratio,edge_weakening_random_subset,random_fixed_10pct,raw_signed_delta,
luisa_style,050_gscc_ratio_edge_weakening_random_subset_weighted_edge_betweenness_fixed_10pct_raw_signed_delta.png,02_luisa_style/standard_groundtruth/gscc_ratio/050_gscc_ratio_edge_weakening_random_subset_weighted_edge_betweenness_fixed_10pct_raw_signed_delta.png,gscc_ratio,edge_weakening_random_subset,weighted_edge_betweenness_fixed_10pct,raw_signed_delta,
luisa_style,051_reachability_node_removal_random_raw_signed_delta.png,02_luisa_style/standard_groundtruth/reachability/051_reachability_node_removal_random_raw_signed_delta.png,reachability,node_removal,random,raw_signed_delta,
luisa_style,052_reachability_node_removal_weighted_slack_raw_signed_delta.png,02_luisa_style/standard_groundtruth/reachability/052_reachability_node_removal_weighted_slack_raw_signed_delta.png,reachability,node_removal,weighted_slack,raw_signed_delta,
luisa_style,053_reachability_node_removal_out_strength_raw_signed_delta.png,02_luisa_style/standard_groundtruth/reachability/053_reachability_node_removal_out_strength_raw_signed_delta.png,reachability,node_removal,out_strength,raw_signed_delta,
luisa_style,054_reachability_node_redistribution_random_raw_signed_delta.png,02_luisa_style/standard_groundtruth/reachability/054_reachability_node_redistribution_random_raw_signed_delta.png,reachability,node_redistribution,random,raw_signed_delta,
luisa_style,055_reachability_node_redistribution_weighted_slack_raw_signed_delta.png,02_luisa_style/standard_groundtruth/reachability/055_reachability_node_redistribution_weighted_slack_raw_signed_delta.png,reachability,node_redistribution,weighted_slack,raw_signed_delta,
luisa_style,056_reachability_node_redistribution_out_strength_raw_signed_delta.png,02_luisa_style/standard_groundtruth/reachability/056_reachability_node_redistribution_out_strength_raw_signed_delta.png,reachability,node_redistribution,out_strength,raw_signed_delta,
luisa_style,057_reachability_edge_weakening_random_edge_raw_signed_delta.png,02_luisa_style/standard_groundtruth/reachability/057_reachability_edge_weakening_random_edge_raw_signed_delta.png,reachability,edge_weakening,random_edge,raw_signed_delta,
luisa_style,058_reachability_edge_weakening_weighted_edge_betweenness_raw_signed_delta.png,02_luisa_style/standard_groundtruth/reachability/058_reachability_edge_weakening_weighted_edge_betweenness_raw_signed_delta.png,reachability,edge_weakening,weighted_edge_betweenness,raw_signed_delta,
luisa_style,059_reachability_edge_weakening_random_subset_random_fixed_10pct_raw_signed_delta.png,02_luisa_style/standard_groundtruth/reachability/059_reachability_edge_weakening_random_subset_random_fixed_10pct_raw_signed_delta.png,reachability,edge_weakening_random_subset,random_fixed_10pct,raw_signed_delta,
luisa_style,060_reachability_edge_weakening_random_subset_weighted_edge_betweenness_fixed_10pct_raw_signed_delta.png,02_luisa_style/standard_groundtruth/reachability/060_reachability_edge_weakening_random_subset_weighted_edge_betweenness_fixed_10pct_raw_signed_delta.png,reachability,edge_weakening_random_subset,weighted_edge_betweenness_fixed_10pct,raw_signed_delta,
luisa_style,061_weighted_efficiency_node_removal_random_raw_signed_delta.png,02_luisa_style/standard_groundtruth/weighted_efficiency/061_weighted_efficiency_node_removal_random_raw_signed_delta.png,weighted_efficiency,node_removal,random,raw_signed_delta,
luisa_style,062_weighted_efficiency_node_removal_weighted_slack_raw_signed_delta.png,02_luisa_style/standard_groundtruth/weighted_efficiency/062_weighted_efficiency_node_removal_weighted_slack_raw_signed_delta.png,weighted_efficiency,node_removal,weighted_slack,raw_signed_delta,
luisa_style,063_weighted_efficiency_node_removal_out_strength_raw_signed_delta.png,02_luisa_style/standard_groundtruth/weighted_efficiency/063_weighted_efficiency_node_removal_out_strength_raw_signed_delta.png,weighted_efficiency,node_removal,out_strength,raw_signed_delta,
luisa_style,064_weighted_efficiency_node_redistribution_random_raw_signed_delta.png,02_luisa_style/standard_groundtruth/weighted_efficiency/064_weighted_efficiency_node_redistribution_random_raw_signed_delta.png,weighted_efficiency,node_redistribution,random,raw_signed_delta,
luisa_style,065_weighted_efficiency_node_redistribution_weighted_slack_raw_signed_delta.png,02_luisa_style/standard_groundtruth/weighted_efficiency/065_weighted_efficiency_node_redistribution_weighted_slack_raw_signed_delta.png,weighted_efficiency,node_redistribution,weighted_slack,raw_signed_delta,
luisa_style,066_weighted_efficiency_node_redistribution_out_strength_raw_signed_delta.png,02_luisa_style/standard_groundtruth/weighted_efficiency/066_weighted_efficiency_node_redistribution_out_strength_raw_signed_delta.png,weighted_efficiency,node_redistribution,out_strength,raw_signed_delta,
luisa_style,067_weighted_efficiency_edge_weakening_random_edge_raw_signed_delta.png,02_luisa_style/standard_groundtruth/weighted_efficiency/067_weighted_efficiency_edge_weakening_random_edge_raw_signed_delta.png,weighted_efficiency,edge_weakening,random_edge,raw_signed_delta,
luisa_style,068_weighted_efficiency_edge_weakening_weighted_edge_betweenness_raw_signed_delta.png,02_luisa_style/standard_groundtruth/weighted_efficiency/068_weighted_efficiency_edge_weakening_weighted_edge_betweenness_raw_signed_delta.png,weighted_efficiency,edge_weakening,weighted_edge_betweenness,raw_signed_delta,
luisa_style,069_weighted_efficiency_edge_weakening_random_subset_random_fixed_10pct_raw_signed_delta.png,02_luisa_style/standard_groundtruth/weighted_efficiency/069_weighted_efficiency_edge_weakening_random_subset_random_fixed_10pct_raw_signed_delta.png,weighted_efficiency,edge_weakening_random_subset,random_fixed_10pct,raw_signed_delta,
luisa_style,070_weighted_efficiency_edge_weakening_random_subset_weighted_edge_betweenness_fixed_10pct_raw_signed_delta.png,02_luisa_style/standard_groundtruth/weighted_efficiency/070_weighted_efficiency_edge_weakening_random_subset_weighted_edge_betweenness_fixed_10pct_raw_signed_delta.png,weighted_efficiency,edge_weakening_random_subset,weighted_edge_betweenness_fixed_10pct,raw_signed_delta,
luisa_style,071_community_assortativity_louvain_dynamic_node_removal_random_raw_signed_delta.png,02_luisa_style/louvain_dynamic/community_assortativity_louvain_dynamic/071_community_assortativity_louvain_dynamic_node_removal_random_raw_signed_delta.png,community_assortativity_louvain_dynamic,node_removal,random,raw_signed_delta,
luisa_style,072_community_assortativity_louvain_dynamic_node_removal_weighted_slack_raw_signed_delta.png,02_luisa_style/louvain_dynamic/community_assortativity_louvain_dynamic/072_community_assortativity_louvain_dynamic_node_removal_weighted_slack_raw_signed_delta.png,community_assortativity_louvain_dynamic,node_removal,weighted_slack,raw_signed_delta,
luisa_style,073_community_assortativity_louvain_dynamic_node_removal_out_strength_raw_signed_delta.png,02_luisa_style/louvain_dynamic/community_assortativity_louvain_dynamic/073_community_assortativity_louvain_dynamic_node_removal_out_strength_raw_signed_delta.png,community_assortativity_louvain_dynamic,node_removal,out_strength,raw_signed_delta,
luisa_style,074_community_assortativity_louvain_dynamic_node_redistribution_random_raw_signed_delta.png,02_luisa_style/louvain_dynamic/community_assortativity_louvain_dynamic/074_community_assortativity_louvain_dynamic_node_redistribution_random_raw_signed_delta.png,community_assortativity_louvain_dynamic,node_redistribution,random,raw_signed_delta,
luisa_style,075_community_assortativity_louvain_dynamic_node_redistribution_weighted_slack_raw_signed_delta.png,02_luisa_style/louvain_dynamic/community_assortativity_louvain_dynamic/075_community_assortativity_louvain_dynamic_node_redistribution_weighted_slack_raw_signed_delta.png,community_assortativity_louvain_dynamic,node_redistribution,weighted_slack,raw_signed_delta,
luisa_style,076_community_assortativity_louvain_dynamic_node_redistribution_out_strength_raw_signed_delta.png,02_luisa_style/louvain_dynamic/community_assortativity_louvain_dynamic/076_community_assortativity_louvain_dynamic_node_redistribution_out_strength_raw_signed_delta.png,community_assortativity_louvain_dynamic,node_redistribution,out_strength,raw_signed_delta,
luisa_style,077_community_assortativity_louvain_dynamic_edge_weakening_random_edge_raw_signed_delta.png,02_luisa_style/louvain_dynamic/community_assortativity_louvain_dynamic/077_community_assortativity_louvain_dynamic_edge_weakening_random_edge_raw_signed_delta.png,community_assortativity_louvain_dynamic,edge_weakening,random_edge,raw_signed_delta,
luisa_style,078_community_assortativity_louvain_dynamic_edge_weakening_weighted_edge_betweenness_raw_signed_delta.png,02_luisa_style/louvain_dynamic/community_assortativity_louvain_dynamic/078_community_assortativity_louvain_dynamic_edge_weakening_weighted_edge_betweenness_raw_signed_delta.png,community_assortativity_louvain_dynamic,edge_weakening,weighted_edge_betweenness,raw_signed_delta,
luisa_style,079_community_assortativity_louvain_dynamic_edge_weakening_random_subset_random_fixed_10pct_raw_signed_delta.png,02_luisa_style/louvain_dynamic/community_assortativity_louvain_dynamic/079_community_assortativity_louvain_dynamic_edge_weakening_random_subset_random_fixed_10pct_raw_signed_delta.png,community_assortativity_louvain_dynamic,edge_weakening_random_subset,random_fixed_10pct,raw_signed_delta,
luisa_style,080_community_assortativity_louvain_dynamic_edge_weakening_random_subset_weighted_edge_betweenness_fixed_10pct_raw_signed_delta.png,02_luisa_style/louvain_dynamic/community_assortativity_louvain_dynamic/080_community_assortativity_louvain_dynamic_edge_weakening_random_subset_weighted_edge_betweenness_fixed_10pct_raw_signed_delta.png,community_assortativity_louvain_dynamic,edge_weakening_random_subset,weighted_edge_betweenness_fixed_10pct,raw_signed_delta,
luisa_style,081_weighted_directed_community_assortativity_louvain_dynamic_node_removal_random_raw_signed_delta.png,02_luisa_style/louvain_dynamic/weighted_directed_community_assortativity_louvain_dynamic/081_weighted_directed_community_assortativity_louvain_dynamic_node_removal_random_raw_signed_delta.png,weighted_directed_community_assortativity_louvain_dynamic,node_removal,random,raw_signed_delta,
luisa_style,082_weighted_directed_community_assortativity_louvain_dynamic_node_removal_weighted_slack_raw_signed_delta.png,02_luisa_style/louvain_dynamic/weighted_directed_community_assortativity_louvain_dynamic/082_weighted_directed_community_assortativity_louvain_dynamic_node_removal_weighted_slack_raw_signed_delta.png,weighted_directed_community_assortativity_louvain_dynamic,node_removal,weighted_slack,raw_signed_delta,
luisa_style,083_weighted_directed_community_assortativity_louvain_dynamic_node_removal_out_strength_raw_signed_delta.png,02_luisa_style/louvain_dynamic/weighted_directed_community_assortativity_louvain_dynamic/083_weighted_directed_community_assortativity_louvain_dynamic_node_removal_out_strength_raw_signed_delta.png,weighted_directed_community_assortativity_louvain_dynamic,node_removal,out_strength,raw_signed_delta,
luisa_style,084_weighted_directed_community_assortativity_louvain_dynamic_node_redistribution_random_raw_signed_delta.png,02_luisa_style/louvain_dynamic/weighted_directed_community_assortativity_louvain_dynamic/084_weighted_directed_community_assortativity_louvain_dynamic_node_redistribution_random_raw_signed_delta.png,weighted_directed_community_assortativity_louvain_dynamic,node_redistribution,random,raw_signed_delta,
luisa_style,085_weighted_directed_community_assortativity_louvain_dynamic_node_redistribution_weighted_slack_raw_signed_delta.png,02_luisa_style/louvain_dynamic/weighted_directed_community_assortativity_louvain_dynamic/085_weighted_directed_community_assortativity_louvain_dynamic_node_redistribution_weighted_slack_raw_signed_delta.png,weighted_directed_community_assortativity_louvain_dynamic,node_redistribution,weighted_slack,raw_signed_delta,
luisa_style,086_weighted_directed_community_assortativity_louvain_dynamic_node_redistribution_out_strength_raw_signed_delta.png,02_luisa_style/louvain_dynamic/weighted_directed_community_assortativity_louvain_dynamic/086_weighted_directed_community_assortativity_louvain_dynamic_node_redistribution_out_strength_raw_signed_delta.png,weighted_directed_community_assortativity_louvain_dynamic,node_redistribution,out_strength,raw_signed_delta,
luisa_style,087_weighted_directed_community_assortativity_louvain_dynamic_edge_weakening_random_edge_raw_signed_delta.png,02_luisa_style/louvain_dynamic/weighted_directed_community_assortativity_louvain_dynamic/087_weighted_directed_community_assortativity_louvain_dynamic_edge_weakening_random_edge_raw_signed_delta.png,weighted_directed_community_assortativity_louvain_dynamic,edge_weakening,random_edge,raw_signed_delta,
luisa_style,088_weighted_directed_community_assortativity_louvain_dynamic_edge_weakening_weighted_edge_betweenness_raw_signed_delta.png,02_luisa_style/louvain_dynamic/weighted_directed_community_assortativity_louvain_dynamic/088_weighted_directed_community_assortativity_louvain_dynamic_edge_weakening_weighted_edge_betweenness_raw_signed_delta.png,weighted_directed_community_assortativity_louvain_dynamic,edge_weakening,weighted_edge_betweenness,raw_signed_delta,
luisa_style,089_weighted_directed_community_assortativity_louvain_dynamic_edge_weakening_random_subset_random_fixed_10pct_raw_signed_delta.png,02_luisa_style/louvain_dynamic/weighted_directed_community_assortativity_louvain_dynamic/089_weighted_directed_community_assortativity_louvain_dynamic_edge_weakening_random_subset_random_fixed_10pct_raw_signed_delta.png,weighted_directed_community_assortativity_louvain_dynamic,edge_weakening_random_subset,random_fixed_10pct,raw_signed_delta,
luisa_style,090_weighted_directed_community_assortativity_louvain_dynamic_edge_weakening_random_subset_weighted_edge_betweenness_fixed_10pct_raw_signed_delta.png,02_luisa_style/louvain_dynamic/weighted_directed_community_assortativity_louvain_dynamic/090_weighted_directed_community_assortativity_louvain_dynamic_edge_weakening_random_subset_weighted_edge_betweenness_fixed_10pct_raw_signed_delta.png,weighted_directed_community_assortativity_louvain_dynamic,edge_weakening_random_subset,weighted_edge_betweenness_fixed_10pct,raw_signed_delta,
paired_delta_auc,001_community_assortativity_node_removal_random_paired_delta_auc.png,03_paired_delta_auc/community_assortativity/001_community_assortativity_node_removal_random_paired_delta_auc.png,community_assortativity,node_removal,random,auc_abs_delta,
paired_delta_auc,002_community_assortativity_node_removal_weighted_slack_paired_delta_auc.png,03_paired_delta_auc/community_assortativity/002_community_assortativity_node_removal_weighted_slack_paired_delta_auc.png,community_assortativity,node_removal,weighted_slack,auc_abs_delta,
paired_delta_auc,003_community_assortativity_node_removal_out_strength_paired_delta_auc.png,03_paired_delta_auc/community_assortativity/003_community_assortativity_node_removal_out_strength_paired_delta_auc.png,community_assortativity,node_removal,out_strength,auc_abs_delta,
paired_delta_auc,004_community_assortativity_node_redistribution_random_paired_delta_auc.png,03_paired_delta_auc/community_assortativity/004_community_assortativity_node_redistribution_random_paired_delta_auc.png,community_assortativity,node_redistribution,random,auc_abs_delta,
paired_delta_auc,005_community_assortativity_node_redistribution_weighted_slack_paired_delta_auc.png,03_paired_delta_auc/community_assortativity/005_community_assortativity_node_redistribution_weighted_slack_paired_delta_auc.png,community_assortativity,node_redistribution,weighted_slack,auc_abs_delta,
paired_delta_auc,006_community_assortativity_node_redistribution_out_strength_paired_delta_auc.png,03_paired_delta_auc/community_assortativity/006_community_assortativity_node_redistribution_out_strength_paired_delta_auc.png,community_assortativity,node_redistribution,out_strength,auc_abs_delta,
paired_delta_auc,007_community_assortativity_edge_weakening_random_edge_paired_delta_auc.png,03_paired_delta_auc/community_assortativity/007_community_assortativity_edge_weakening_random_edge_paired_delta_auc.png,community_assortativity,edge_weakening,random_edge,auc_abs_delta,
paired_delta_auc,008_community_assortativity_edge_weakening_weighted_edge_betweenness_paired_delta_auc.png,03_paired_delta_auc/community_assortativity/008_community_assortativity_edge_weakening_weighted_edge_betweenness_paired_delta_auc.png,community_assortativity,edge_weakening,weighted_edge_betweenness,auc_abs_delta,
paired_delta_auc,009_community_assortativity_edge_weakening_random_subset_random_fixed_10pct_paired_delta_auc.png,03_paired_delta_auc/community_assortativity/009_community_assortativity_edge_weakening_random_subset_random_fixed_10pct_paired_delta_auc.png,community_assortativity,edge_weakening_random_subset,random_fixed_10pct,auc_abs_delta,
paired_delta_auc,010_community_assortativity_edge_weakening_random_subset_weighted_edge_betweenness_fixed_10pct_paired_delta_auc.png,03_paired_delta_auc/community_assortativity/010_community_assortativity_edge_weakening_random_subset_weighted_edge_betweenness_fixed_10pct_paired_delta_auc.png,community_assortativity,edge_weakening_random_subset,weighted_edge_betweenness_fixed_10pct,auc_abs_delta,
paired_delta_auc,011_weighted_directed_community_assortativity_node_removal_random_paired_delta_auc.png,03_paired_delta_auc/weighted_directed_community_assortativity/011_weighted_directed_community_assortativity_node_removal_random_paired_delta_auc.png,weighted_directed_community_assortativity,node_removal,random,auc_abs_delta,
paired_delta_auc,012_weighted_directed_community_assortativity_node_removal_weighted_slack_paired_delta_auc.png,03_paired_delta_auc/weighted_directed_community_assortativity/012_weighted_directed_community_assortativity_node_removal_weighted_slack_paired_delta_auc.png,weighted_directed_community_assortativity,node_removal,weighted_slack,auc_abs_delta,
paired_delta_auc,013_weighted_directed_community_assortativity_node_removal_out_strength_paired_delta_auc.png,03_paired_delta_auc/weighted_directed_community_assortativity/013_weighted_directed_community_assortativity_node_removal_out_strength_paired_delta_auc.png,weighted_directed_community_assortativity,node_removal,out_strength,auc_abs_delta,
paired_delta_auc,014_weighted_directed_community_assortativity_node_redistribution_random_paired_delta_auc.png,03_paired_delta_auc/weighted_directed_community_assortativity/014_weighted_directed_community_assortativity_node_redistribution_random_paired_delta_auc.png,weighted_directed_community_assortativity,node_redistribution,random,auc_abs_delta,
paired_delta_auc,015_weighted_directed_community_assortativity_node_redistribution_weighted_slack_paired_delta_auc.png,03_paired_delta_auc/weighted_directed_community_assortativity/015_weighted_directed_community_assortativity_node_redistribution_weighted_slack_paired_delta_auc.png,weighted_directed_community_assortativity,node_redistribution,weighted_slack,auc_abs_delta,
paired_delta_auc,016_weighted_directed_community_assortativity_node_redistribution_out_strength_paired_delta_auc.png,03_paired_delta_auc/weighted_directed_community_assortativity/016_weighted_directed_community_assortativity_node_redistribution_out_strength_paired_delta_auc.png,weighted_directed_community_assortativity,node_redistribution,out_strength,auc_abs_delta,
paired_delta_auc,017_weighted_directed_community_assortativity_edge_weakening_random_edge_paired_delta_auc.png,03_paired_delta_auc/weighted_directed_community_assortativity/017_weighted_directed_community_assortativity_edge_weakening_random_edge_paired_delta_auc.png,weighted_directed_community_assortativity,edge_weakening,random_edge,auc_abs_delta,
paired_delta_auc,018_weighted_directed_community_assortativity_edge_weakening_weighted_edge_betweenness_paired_delta_auc.png,03_paired_delta_auc/weighted_directed_community_assortativity/018_weighted_directed_community_assortativity_edge_weakening_weighted_edge_betweenness_paired_delta_auc.png,weighted_directed_community_assortativity,edge_weakening,weighted_edge_betweenness,auc_abs_delta,
paired_delta_auc,019_weighted_directed_community_assortativity_edge_weakening_random_subset_random_fixed_10pct_paired_delta_auc.png,03_paired_delta_auc/weighted_directed_community_assortativity/019_weighted_directed_community_assortativity_edge_weakening_random_subset_random_fixed_10pct_paired_delta_auc.png,weighted_directed_community_assortativity,edge_weakening_random_subset,random_fixed_10pct,auc_abs_delta,
paired_delta_auc,020_weighted_directed_community_assortativity_edge_weakening_random_subset_weighted_edge_betweenness_fixed_10pct_paired_delta_auc.png,03_paired_delta_auc/weighted_directed_community_assortativity/020_weighted_directed_community_assortativity_edge_weakening_random_subset_weighted_edge_betweenness_fixed_10pct_paired_delta_auc.png,weighted_directed_community_assortativity,edge_weakening_random_subset,weighted_edge_betweenness_fixed_10pct,auc_abs_delta,
paired_delta_auc,021_yuan_out_in_strength_assortativity_node_removal_random_paired_delta_auc.png,03_paired_delta_auc/yuan_out_in_strength_assortativity/021_yuan_out_in_strength_assortativity_node_removal_random_paired_delta_auc.png,yuan_out_in_strength_assortativity,node_removal,random,auc_abs_delta,
paired_delta_auc,022_yuan_out_in_strength_assortativity_node_removal_weighted_slack_paired_delta_auc.png,03_paired_delta_auc/yuan_out_in_strength_assortativity/022_yuan_out_in_strength_assortativity_node_removal_weighted_slack_paired_delta_auc.png,yuan_out_in_strength_assortativity,node_removal,weighted_slack,auc_abs_delta,
paired_delta_auc,023_yuan_out_in_strength_assortativity_node_removal_out_strength_paired_delta_auc.png,03_paired_delta_auc/yuan_out_in_strength_assortativity/023_yuan_out_in_strength_assortativity_node_removal_out_strength_paired_delta_auc.png,yuan_out_in_strength_assortativity,node_removal,out_strength,auc_abs_delta,
paired_delta_auc,024_yuan_out_in_strength_assortativity_node_redistribution_random_paired_delta_auc.png,03_paired_delta_auc/yuan_out_in_strength_assortativity/024_yuan_out_in_strength_assortativity_node_redistribution_random_paired_delta_auc.png,yuan_out_in_strength_assortativity,node_redistribution,random,auc_abs_delta,
paired_delta_auc,025_yuan_out_in_strength_assortativity_node_redistribution_weighted_slack_paired_delta_auc.png,03_paired_delta_auc/yuan_out_in_strength_assortativity/025_yuan_out_in_strength_assortativity_node_redistribution_weighted_slack_paired_delta_auc.png,yuan_out_in_strength_assortativity,node_redistribution,weighted_slack,auc_abs_delta,
paired_delta_auc,026_yuan_out_in_strength_assortativity_node_redistribution_out_strength_paired_delta_auc.png,03_paired_delta_auc/yuan_out_in_strength_assortativity/026_yuan_out_in_strength_assortativity_node_redistribution_out_strength_paired_delta_auc.png,yuan_out_in_strength_assortativity,node_redistribution,out_strength,auc_abs_delta,
paired_delta_auc,027_yuan_out_in_strength_assortativity_edge_weakening_random_edge_paired_delta_auc.png,03_paired_delta_auc/yuan_out_in_strength_assortativity/027_yuan_out_in_strength_assortativity_edge_weakening_random_edge_paired_delta_auc.png,yuan_out_in_strength_assortativity,edge_weakening,random_edge,auc_abs_delta,
paired_delta_auc,028_yuan_out_in_strength_assortativity_edge_weakening_weighted_edge_betweenness_paired_delta_auc.png,03_paired_delta_auc/yuan_out_in_strength_assortativity/028_yuan_out_in_strength_assortativity_edge_weakening_weighted_edge_betweenness_paired_delta_auc.png,yuan_out_in_strength_assortativity,edge_weakening,weighted_edge_betweenness,auc_abs_delta,
paired_delta_auc,029_yuan_out_in_strength_assortativity_edge_weakening_random_subset_random_fixed_10pct_paired_delta_auc.png,03_paired_delta_auc/yuan_out_in_strength_assortativity/029_yuan_out_in_strength_assortativity_edge_weakening_random_subset_random_fixed_10pct_paired_delta_auc.png,yuan_out_in_strength_assortativity,edge_weakening_random_subset,random_fixed_10pct,auc_abs_delta,
paired_delta_auc,030_yuan_out_in_strength_assortativity_edge_weakening_random_subset_weighted_edge_betweenness_fixed_10pct_paired_delta_auc.png,03_paired_delta_auc/yuan_out_in_strength_assortativity/030_yuan_out_in_strength_assortativity_edge_weakening_random_subset_weighted_edge_betweenness_fixed_10pct_paired_delta_auc.png,yuan_out_in_strength_assortativity,edge_weakening_random_subset,weighted_edge_betweenness_fixed_10pct,auc_abs_delta,
paired_delta_auc,031_spectral_kappa_node_removal_random_paired_delta_auc.png,03_paired_delta_auc/spectral_kappa/031_spectral_kappa_node_removal_random_paired_delta_auc.png,spectral_kappa,node_removal,random,auc_abs_delta,
paired_delta_auc,032_spectral_kappa_node_removal_weighted_slack_paired_delta_auc.png,03_paired_delta_auc/spectral_kappa/032_spectral_kappa_node_removal_weighted_slack_paired_delta_auc.png,spectral_kappa,node_removal,weighted_slack,auc_abs_delta,
paired_delta_auc,033_spectral_kappa_node_removal_out_strength_paired_delta_auc.png,03_paired_delta_auc/spectral_kappa/033_spectral_kappa_node_removal_out_strength_paired_delta_auc.png,spectral_kappa,node_removal,out_strength,auc_abs_delta,
paired_delta_auc,034_spectral_kappa_node_redistribution_random_paired_delta_auc.png,03_paired_delta_auc/spectral_kappa/034_spectral_kappa_node_redistribution_random_paired_delta_auc.png,spectral_kappa,node_redistribution,random,auc_abs_delta,
paired_delta_auc,035_spectral_kappa_node_redistribution_weighted_slack_paired_delta_auc.png,03_paired_delta_auc/spectral_kappa/035_spectral_kappa_node_redistribution_weighted_slack_paired_delta_auc.png,spectral_kappa,node_redistribution,weighted_slack,auc_abs_delta,
paired_delta_auc,036_spectral_kappa_node_redistribution_out_strength_paired_delta_auc.png,03_paired_delta_auc/spectral_kappa/036_spectral_kappa_node_redistribution_out_strength_paired_delta_auc.png,spectral_kappa,node_redistribution,out_strength,auc_abs_delta,
paired_delta_auc,037_spectral_kappa_edge_weakening_random_edge_paired_delta_auc.png,03_paired_delta_auc/spectral_kappa/037_spectral_kappa_edge_weakening_random_edge_paired_delta_auc.png,spectral_kappa,edge_weakening,random_edge,auc_abs_delta,
paired_delta_auc,038_spectral_kappa_edge_weakening_weighted_edge_betweenness_paired_delta_auc.png,03_paired_delta_auc/spectral_kappa/038_spectral_kappa_edge_weakening_weighted_edge_betweenness_paired_delta_auc.png,spectral_kappa,edge_weakening,weighted_edge_betweenness,auc_abs_delta,
paired_delta_auc,039_spectral_kappa_edge_weakening_random_subset_random_fixed_10pct_paired_delta_auc.png,03_paired_delta_auc/spectral_kappa/039_spectral_kappa_edge_weakening_random_subset_random_fixed_10pct_paired_delta_auc.png,spectral_kappa,edge_weakening_random_subset,random_fixed_10pct,auc_abs_delta,
paired_delta_auc,040_spectral_kappa_edge_weakening_random_subset_weighted_edge_betweenness_fixed_10pct_paired_delta_auc.png,03_paired_delta_auc/spectral_kappa/040_spectral_kappa_edge_weakening_random_subset_weighted_edge_betweenness_fixed_10pct_paired_delta_auc.png,spectral_kappa,edge_weakening_random_subset,weighted_edge_betweenness_fixed_10pct,auc_abs_delta,
paired_delta_auc,041_gscc_ratio_node_removal_random_paired_delta_auc.png,03_paired_delta_auc/gscc_ratio/041_gscc_ratio_node_removal_random_paired_delta_auc.png,gscc_ratio,node_removal,random,auc_abs_delta,
paired_delta_auc,042_gscc_ratio_node_removal_weighted_slack_paired_delta_auc.png,03_paired_delta_auc/gscc_ratio/042_gscc_ratio_node_removal_weighted_slack_paired_delta_auc.png,gscc_ratio,node_removal,weighted_slack,auc_abs_delta,
paired_delta_auc,043_gscc_ratio_node_removal_out_strength_paired_delta_auc.png,03_paired_delta_auc/gscc_ratio/043_gscc_ratio_node_removal_out_strength_paired_delta_auc.png,gscc_ratio,node_removal,out_strength,auc_abs_delta,
paired_delta_auc,044_gscc_ratio_node_redistribution_random_paired_delta_auc.png,03_paired_delta_auc/gscc_ratio/044_gscc_ratio_node_redistribution_random_paired_delta_auc.png,gscc_ratio,node_redistribution,random,auc_abs_delta,
paired_delta_auc,045_gscc_ratio_node_redistribution_weighted_slack_paired_delta_auc.png,03_paired_delta_auc/gscc_ratio/045_gscc_ratio_node_redistribution_weighted_slack_paired_delta_auc.png,gscc_ratio,node_redistribution,weighted_slack,auc_abs_delta,
paired_delta_auc,046_gscc_ratio_node_redistribution_out_strength_paired_delta_auc.png,03_paired_delta_auc/gscc_ratio/046_gscc_ratio_node_redistribution_out_strength_paired_delta_auc.png,gscc_ratio,node_redistribution,out_strength,auc_abs_delta,
paired_delta_auc,047_gscc_ratio_edge_weakening_random_edge_paired_delta_auc.png,03_paired_delta_auc/gscc_ratio/047_gscc_ratio_edge_weakening_random_edge_paired_delta_auc.png,gscc_ratio,edge_weakening,random_edge,auc_abs_delta,
paired_delta_auc,048_gscc_ratio_edge_weakening_weighted_edge_betweenness_paired_delta_auc.png,03_paired_delta_auc/gscc_ratio/048_gscc_ratio_edge_weakening_weighted_edge_betweenness_paired_delta_auc.png,gscc_ratio,edge_weakening,weighted_edge_betweenness,auc_abs_delta,
paired_delta_auc,049_gscc_ratio_edge_weakening_random_subset_random_fixed_10pct_paired_delta_auc.png,03_paired_delta_auc/gscc_ratio/049_gscc_ratio_edge_weakening_random_subset_random_fixed_10pct_paired_delta_auc.png,gscc_ratio,edge_weakening_random_subset,random_fixed_10pct,auc_abs_delta,
paired_delta_auc,050_gscc_ratio_edge_weakening_random_subset_weighted_edge_betweenness_fixed_10pct_paired_delta_auc.png,03_paired_delta_auc/gscc_ratio/050_gscc_ratio_edge_weakening_random_subset_weighted_edge_betweenness_fixed_10pct_paired_delta_auc.png,gscc_ratio,edge_weakening_random_subset,weighted_edge_betweenness_fixed_10pct,auc_abs_delta,
paired_delta_auc,051_reachability_node_removal_random_paired_delta_auc.png,03_paired_delta_auc/reachability/051_reachability_node_removal_random_paired_delta_auc.png,reachability,node_removal,random,auc_abs_delta,
paired_delta_auc,052_reachability_node_removal_weighted_slack_paired_delta_auc.png,03_paired_delta_auc/reachability/052_reachability_node_removal_weighted_slack_paired_delta_auc.png,reachability,node_removal,weighted_slack,auc_abs_delta,
paired_delta_auc,053_reachability_node_removal_out_strength_paired_delta_auc.png,03_paired_delta_auc/reachability/053_reachability_node_removal_out_strength_paired_delta_auc.png,reachability,node_removal,out_strength,auc_abs_delta,
paired_delta_auc,054_reachability_node_redistribution_random_paired_delta_auc.png,03_paired_delta_auc/reachability/054_reachability_node_redistribution_random_paired_delta_auc.png,reachability,node_redistribution,random,auc_abs_delta,
paired_delta_auc,055_reachability_node_redistribution_weighted_slack_paired_delta_auc.png,03_paired_delta_auc/reachability/055_reachability_node_redistribution_weighted_slack_paired_delta_auc.png,reachability,node_redistribution,weighted_slack,auc_abs_delta,
paired_delta_auc,056_reachability_node_redistribution_out_strength_paired_delta_auc.png,03_paired_delta_auc/reachability/056_reachability_node_redistribution_out_strength_paired_delta_auc.png,reachability,node_redistribution,out_strength,auc_abs_delta,
paired_delta_auc,057_reachability_edge_weakening_random_edge_paired_delta_auc.png,03_paired_delta_auc/reachability/057_reachability_edge_weakening_random_edge_paired_delta_auc.png,reachability,edge_weakening,random_edge,auc_abs_delta,
paired_delta_auc,058_reachability_edge_weakening_weighted_edge_betweenness_paired_delta_auc.png,03_paired_delta_auc/reachability/058_reachability_edge_weakening_weighted_edge_betweenness_paired_delta_auc.png,reachability,edge_weakening,weighted_edge_betweenness,auc_abs_delta,
paired_delta_auc,059_reachability_edge_weakening_random_subset_random_fixed_10pct_paired_delta_auc.png,03_paired_delta_auc/reachability/059_reachability_edge_weakening_random_subset_random_fixed_10pct_paired_delta_auc.png,reachability,edge_weakening_random_subset,random_fixed_10pct,auc_abs_delta,
paired_delta_auc,060_reachability_edge_weakening_random_subset_weighted_edge_betweenness_fixed_10pct_paired_delta_auc.png,03_paired_delta_auc/reachability/060_reachability_edge_weakening_random_subset_weighted_edge_betweenness_fixed_10pct_paired_delta_auc.png,reachability,edge_weakening_random_subset,weighted_edge_betweenness_fixed_10pct,auc_abs_delta,
paired_delta_auc,061_weighted_efficiency_node_removal_random_paired_delta_auc.png,03_paired_delta_auc/weighted_efficiency/061_weighted_efficiency_node_removal_random_paired_delta_auc.png,weighted_efficiency,node_removal,random,auc_abs_delta,
paired_delta_auc,062_weighted_efficiency_node_removal_weighted_slack_paired_delta_auc.png,03_paired_delta_auc/weighted_efficiency/062_weighted_efficiency_node_removal_weighted_slack_paired_delta_auc.png,weighted_efficiency,node_removal,weighted_slack,auc_abs_delta,
paired_delta_auc,063_weighted_efficiency_node_removal_out_strength_paired_delta_auc.png,03_paired_delta_auc/weighted_efficiency/063_weighted_efficiency_node_removal_out_strength_paired_delta_auc.png,weighted_efficiency,node_removal,out_strength,auc_abs_delta,
paired_delta_auc,064_weighted_efficiency_node_redistribution_random_paired_delta_auc.png,03_paired_delta_auc/weighted_efficiency/064_weighted_efficiency_node_redistribution_random_paired_delta_auc.png,weighted_efficiency,node_redistribution,random,auc_abs_delta,
paired_delta_auc,065_weighted_efficiency_node_redistribution_weighted_slack_paired_delta_auc.png,03_paired_delta_auc/weighted_efficiency/065_weighted_efficiency_node_redistribution_weighted_slack_paired_delta_auc.png,weighted_efficiency,node_redistribution,weighted_slack,auc_abs_delta,
paired_delta_auc,066_weighted_efficiency_node_redistribution_out_strength_paired_delta_auc.png,03_paired_delta_auc/weighted_efficiency/066_weighted_efficiency_node_redistribution_out_strength_paired_delta_auc.png,weighted_efficiency,node_redistribution,out_strength,auc_abs_delta,
paired_delta_auc,067_weighted_efficiency_edge_weakening_random_edge_paired_delta_auc.png,03_paired_delta_auc/weighted_efficiency/067_weighted_efficiency_edge_weakening_random_edge_paired_delta_auc.png,weighted_efficiency,edge_weakening,random_edge,auc_abs_delta,
paired_delta_auc,068_weighted_efficiency_edge_weakening_weighted_edge_betweenness_paired_delta_auc.png,03_paired_delta_auc/weighted_efficiency/068_weighted_efficiency_edge_weakening_weighted_edge_betweenness_paired_delta_auc.png,weighted_efficiency,edge_weakening,weighted_edge_betweenness,auc_abs_delta,
paired_delta_auc,069_weighted_efficiency_edge_weakening_random_subset_random_fixed_10pct_paired_delta_auc.png,03_paired_delta_auc/weighted_efficiency/069_weighted_efficiency_edge_weakening_random_subset_random_fixed_10pct_paired_delta_auc.png,weighted_efficiency,edge_weakening_random_subset,random_fixed_10pct,auc_abs_delta,
paired_delta_auc,070_weighted_efficiency_edge_weakening_random_subset_weighted_edge_betweenness_fixed_10pct_paired_delta_auc.png,03_paired_delta_auc/weighted_efficiency/070_weighted_efficiency_edge_weakening_random_subset_weighted_edge_betweenness_fixed_10pct_paired_delta_auc.png,weighted_efficiency,edge_weakening_random_subset,weighted_edge_betweenness_fixed_10pct,auc_abs_delta,
paired_delta_auc,071_community_assortativity_louvain_dynamic_node_removal_random_paired_delta_auc.png,03_paired_delta_auc/community_assortativity_louvain_dynamic/071_community_assortativity_louvain_dynamic_node_removal_random_paired_delta_auc.png,community_assortativity_louvain_dynamic,node_removal,random,auc_abs_delta,
paired_delta_auc,072_community_assortativity_louvain_dynamic_node_removal_weighted_slack_paired_delta_auc.png,03_paired_delta_auc/community_assortativity_louvain_dynamic/072_community_assortativity_louvain_dynamic_node_removal_weighted_slack_paired_delta_auc.png,community_assortativity_louvain_dynamic,node_removal,weighted_slack,auc_abs_delta,
paired_delta_auc,073_community_assortativity_louvain_dynamic_node_removal_out_strength_paired_delta_auc.png,03_paired_delta_auc/community_assortativity_louvain_dynamic/073_community_assortativity_louvain_dynamic_node_removal_out_strength_paired_delta_auc.png,community_assortativity_louvain_dynamic,node_removal,out_strength,auc_abs_delta,
paired_delta_auc,074_community_assortativity_louvain_dynamic_node_redistribution_random_paired_delta_auc.png,03_paired_delta_auc/community_assortativity_louvain_dynamic/074_community_assortativity_louvain_dynamic_node_redistribution_random_paired_delta_auc.png,community_assortativity_louvain_dynamic,node_redistribution,random,auc_abs_delta,
paired_delta_auc,075_community_assortativity_louvain_dynamic_node_redistribution_weighted_slack_paired_delta_auc.png,03_paired_delta_auc/community_assortativity_louvain_dynamic/075_community_assortativity_louvain_dynamic_node_redistribution_weighted_slack_paired_delta_auc.png,community_assortativity_louvain_dynamic,node_redistribution,weighted_slack,auc_abs_delta,
paired_delta_auc,076_community_assortativity_louvain_dynamic_node_redistribution_out_strength_paired_delta_auc.png,03_paired_delta_auc/community_assortativity_louvain_dynamic/076_community_assortativity_louvain_dynamic_node_redistribution_out_strength_paired_delta_auc.png,community_assortativity_louvain_dynamic,node_redistribution,out_strength,auc_abs_delta,
paired_delta_auc,077_community_assortativity_louvain_dynamic_edge_weakening_random_edge_paired_delta_auc.png,03_paired_delta_auc/community_assortativity_louvain_dynamic/077_community_assortativity_louvain_dynamic_edge_weakening_random_edge_paired_delta_auc.png,community_assortativity_louvain_dynamic,edge_weakening,random_edge,auc_abs_delta,
paired_delta_auc,078_community_assortativity_louvain_dynamic_edge_weakening_weighted_edge_betweenness_paired_delta_auc.png,03_paired_delta_auc/community_assortativity_louvain_dynamic/078_community_assortativity_louvain_dynamic_edge_weakening_weighted_edge_betweenness_paired_delta_auc.png,community_assortativity_louvain_dynamic,edge_weakening,weighted_edge_betweenness,auc_abs_delta,
paired_delta_auc,079_community_assortativity_louvain_dynamic_edge_weakening_random_subset_random_fixed_10pct_paired_delta_auc.png,03_paired_delta_auc/community_assortativity_louvain_dynamic/079_community_assortativity_louvain_dynamic_edge_weakening_random_subset_random_fixed_10pct_paired_delta_auc.png,community_assortativity_louvain_dynamic,edge_weakening_random_subset,random_fixed_10pct,auc_abs_delta,
paired_delta_auc,080_community_assortativity_louvain_dynamic_edge_weakening_random_subset_weighted_edge_betweenness_fixed_10pct_paired_delta_auc.png,03_paired_delta_auc/community_assortativity_louvain_dynamic/080_community_assortativity_louvain_dynamic_edge_weakening_random_subset_weighted_edge_betweenness_fixed_10pct_paired_delta_auc.png,community_assortativity_louvain_dynamic,edge_weakening_random_subset,weighted_edge_betweenness_fixed_10pct,auc_abs_delta,
paired_delta_auc,081_weighted_directed_community_assortativity_louvain_dynamic_node_removal_random_paired_delta_auc.png,03_paired_delta_auc/weighted_directed_community_assortativity_louvain_dynamic/081_weighted_directed_community_assortativity_louvain_dynamic_node_removal_random_paired_delta_auc.png,weighted_directed_community_assortativity_louvain_dynamic,node_removal,random,auc_abs_delta,
paired_delta_auc,082_weighted_directed_community_assortativity_louvain_dynamic_node_removal_weighted_slack_paired_delta_auc.png,03_paired_delta_auc/weighted_directed_community_assortativity_louvain_dynamic/082_weighted_directed_community_assortativity_louvain_dynamic_node_removal_weighted_slack_paired_delta_auc.png,weighted_directed_community_assortativity_louvain_dynamic,node_removal,weighted_slack,auc_abs_delta,
paired_delta_auc,083_weighted_directed_community_assortativity_louvain_dynamic_node_removal_out_strength_paired_delta_auc.png,03_paired_delta_auc/weighted_directed_community_assortativity_louvain_dynamic/083_weighted_directed_community_assortativity_louvain_dynamic_node_removal_out_strength_paired_delta_auc.png,weighted_directed_community_assortativity_louvain_dynamic,node_removal,out_strength,auc_abs_delta,
paired_delta_auc,084_weighted_directed_community_assortativity_louvain_dynamic_node_redistribution_random_paired_delta_auc.png,03_paired_delta_auc/weighted_directed_community_assortativity_louvain_dynamic/084_weighted_directed_community_assortativity_louvain_dynamic_node_redistribution_random_paired_delta_auc.png,weighted_directed_community_assortativity_louvain_dynamic,node_redistribution,random,auc_abs_delta,
paired_delta_auc,085_weighted_directed_community_assortativity_louvain_dynamic_node_redistribution_weighted_slack_paired_delta_auc.png,03_paired_delta_auc/weighted_directed_community_assortativity_louvain_dynamic/085_weighted_directed_community_assortativity_louvain_dynamic_node_redistribution_weighted_slack_paired_delta_auc.png,weighted_directed_community_assortativity_louvain_dynamic,node_redistribution,weighted_slack,auc_abs_delta,
paired_delta_auc,086_weighted_directed_community_assortativity_louvain_dynamic_node_redistribution_out_strength_paired_delta_auc.png,03_paired_delta_auc/weighted_directed_community_assortativity_louvain_dynamic/086_weighted_directed_community_assortativity_louvain_dynamic_node_redistribution_out_strength_paired_delta_auc.png,weighted_directed_community_assortativity_louvain_dynamic,node_redistribution,out_strength,auc_abs_delta,
paired_delta_auc,087_weighted_directed_community_assortativity_louvain_dynamic_edge_weakening_random_edge_paired_delta_auc.png,03_paired_delta_auc/weighted_directed_community_assortativity_louvain_dynamic/087_weighted_directed_community_assortativity_louvain_dynamic_edge_weakening_random_edge_paired_delta_auc.png,weighted_directed_community_assortativity_louvain_dynamic,edge_weakening,random_edge,auc_abs_delta,
paired_delta_auc,088_weighted_directed_community_assortativity_louvain_dynamic_edge_weakening_weighted_edge_betweenness_paired_delta_auc.png,03_paired_delta_auc/weighted_directed_community_assortativity_louvain_dynamic/088_weighted_directed_community_assortativity_louvain_dynamic_edge_weakening_weighted_edge_betweenness_paired_delta_auc.png,weighted_directed_community_assortativity_louvain_dynamic,edge_weakening,weighted_edge_betweenness,auc_abs_delta,
paired_delta_auc,089_weighted_directed_community_assortativity_louvain_dynamic_edge_weakening_random_subset_random_fixed_10pct_paired_delta_auc.png,03_paired_delta_auc/weighted_directed_community_assortativity_louvain_dynamic/089_weighted_directed_community_assortativity_louvain_dynamic_edge_weakening_random_subset_random_fixed_10pct_paired_delta_auc.png,weighted_directed_community_assortativity_louvain_dynamic,edge_weakening_random_subset,random_fixed_10pct,auc_abs_delta,
paired_delta_auc,090_weighted_directed_community_assortativity_louvain_dynamic_edge_weakening_random_subset_weighted_edge_betweenness_fixed_10pct_paired_delta_auc.png,03_paired_delta_auc/weighted_directed_community_assortativity_louvain_dynamic/090_weighted_directed_community_assortativity_louvain_dynamic_edge_weakening_random_subset_weighted_edge_betweenness_fixed_10pct_paired_delta_auc.png,weighted_directed_community_assortativity_louvain_dynamic,edge_weakening_random_subset,weighted_edge_betweenness_fixed_10pct,auc_abs_delta,
anova_boxplot_posthoc,001_community_assortativity_node_removal_random_anova_boxplot_posthoc.png,04_anova_boxplots_posthoc/community_assortativity/001_community_assortativity_node_removal_random_anova_boxplot_posthoc.png,community_assortativity,node_removal,random,auc_abs_delta,
anova_boxplot_posthoc,002_community_assortativity_node_removal_weighted_slack_anova_boxplot_posthoc.png,04_anova_boxplots_posthoc/community_assortativity/002_community_assortativity_node_removal_weighted_slack_anova_boxplot_posthoc.png,community_assortativity,node_removal,weighted_slack,auc_abs_delta,
anova_boxplot_posthoc,003_community_assortativity_node_removal_out_strength_anova_boxplot_posthoc.png,04_anova_boxplots_posthoc/community_assortativity/003_community_assortativity_node_removal_out_strength_anova_boxplot_posthoc.png,community_assortativity,node_removal,out_strength,auc_abs_delta,
anova_boxplot_posthoc,004_community_assortativity_node_redistribution_random_anova_boxplot_posthoc.png,04_anova_boxplots_posthoc/community_assortativity/004_community_assortativity_node_redistribution_random_anova_boxplot_posthoc.png,community_assortativity,node_redistribution,random,auc_abs_delta,
anova_boxplot_posthoc,005_community_assortativity_node_redistribution_weighted_slack_anova_boxplot_posthoc.png,04_anova_boxplots_posthoc/community_assortativity/005_community_assortativity_node_redistribution_weighted_slack_anova_boxplot_posthoc.png,community_assortativity,node_redistribution,weighted_slack,auc_abs_delta,
anova_boxplot_posthoc,006_community_assortativity_node_redistribution_out_strength_anova_boxplot_posthoc.png,04_anova_boxplots_posthoc/community_assortativity/006_community_assortativity_node_redistribution_out_strength_anova_boxplot_posthoc.png,community_assortativity,node_redistribution,out_strength,auc_abs_delta,
anova_boxplot_posthoc,007_community_assortativity_edge_weakening_random_edge_anova_boxplot_posthoc.png,04_anova_boxplots_posthoc/community_assortativity/007_community_assortativity_edge_weakening_random_edge_anova_boxplot_posthoc.png,community_assortativity,edge_weakening,random_edge,auc_abs_delta,
anova_boxplot_posthoc,008_community_assortativity_edge_weakening_weighted_edge_betweenness_anova_boxplot_posthoc.png,04_anova_boxplots_posthoc/community_assortativity/008_community_assortativity_edge_weakening_weighted_edge_betweenness_anova_boxplot_posthoc.png,community_assortativity,edge_weakening,weighted_edge_betweenness,auc_abs_delta,
anova_boxplot_posthoc,009_community_assortativity_edge_weakening_random_subset_random_fixed_10pct_anova_boxplot_posthoc.png,04_anova_boxplots_posthoc/community_assortativity/009_community_assortativity_edge_weakening_random_subset_random_fixed_10pct_anova_boxplot_posthoc.png,community_assortativity,edge_weakening_random_subset,random_fixed_10pct,auc_abs_delta,
anova_boxplot_posthoc,010_community_assortativity_edge_weakening_random_subset_weighted_edge_betweenness_fixed_10pct_anova_boxplot_posthoc.png,04_anova_boxplots_posthoc/community_assortativity/010_community_assortativity_edge_weakening_random_subset_weighted_edge_betweenness_fixed_10pct_anova_boxplot_posthoc.png,community_assortativity,edge_weakening_random_subset,weighted_edge_betweenness_fixed_10pct,auc_abs_delta,
anova_boxplot_posthoc,011_weighted_directed_community_assortativity_node_removal_random_anova_boxplot_posthoc.png,04_anova_boxplots_posthoc/weighted_directed_community_assortativity/011_weighted_directed_community_assortativity_node_removal_random_anova_boxplot_posthoc.png,weighted_directed_community_assortativity,node_removal,random,auc_abs_delta,
anova_boxplot_posthoc,012_weighted_directed_community_assortativity_node_removal_weighted_slack_anova_boxplot_posthoc.png,04_anova_boxplots_posthoc/weighted_directed_community_assortativity/012_weighted_directed_community_assortativity_node_removal_weighted_slack_anova_boxplot_posthoc.png,weighted_directed_community_assortativity,node_removal,weighted_slack,auc_abs_delta,
anova_boxplot_posthoc,013_weighted_directed_community_assortativity_node_removal_out_strength_anova_boxplot_posthoc.png,04_anova_boxplots_posthoc/weighted_directed_community_assortativity/013_weighted_directed_community_assortativity_node_removal_out_strength_anova_boxplot_posthoc.png,weighted_directed_community_assortativity,node_removal,out_strength,auc_abs_delta,
anova_boxplot_posthoc,014_weighted_directed_community_assortativity_node_redistribution_random_anova_boxplot_posthoc.png,04_anova_boxplots_posthoc/weighted_directed_community_assortativity/014_weighted_directed_community_assortativity_node_redistribution_random_anova_boxplot_posthoc.png,weighted_directed_community_assortativity,node_redistribution,random,auc_abs_delta,
anova_boxplot_posthoc,015_weighted_directed_community_assortativity_node_redistribution_weighted_slack_anova_boxplot_posthoc.png,04_anova_boxplots_posthoc/weighted_directed_community_assortativity/015_weighted_directed_community_assortativity_node_redistribution_weighted_slack_anova_boxplot_posthoc.png,weighted_directed_community_assortativity,node_redistribution,weighted_slack,auc_abs_delta,
anova_boxplot_posthoc,016_weighted_directed_community_assortativity_node_redistribution_out_strength_anova_boxplot_posthoc.png,04_anova_boxplots_posthoc/weighted_directed_community_assortativity/016_weighted_directed_community_assortativity_node_redistribution_out_strength_anova_boxplot_posthoc.png,weighted_directed_community_assortativity,node_redistribution,out_strength,auc_abs_delta,
anova_boxplot_posthoc,017_weighted_directed_community_assortativity_edge_weakening_random_edge_anova_boxplot_posthoc.png,04_anova_boxplots_posthoc/weighted_directed_community_assortativity/017_weighted_directed_community_assortativity_edge_weakening_random_edge_anova_boxplot_posthoc.png,weighted_directed_community_assortativity,edge_weakening,random_edge,auc_abs_delta,
anova_boxplot_posthoc,018_weighted_directed_community_assortativity_edge_weakening_weighted_edge_betweenness_anova_boxplot_posthoc.png,04_anova_boxplots_posthoc/weighted_directed_community_assortativity/018_weighted_directed_community_assortativity_edge_weakening_weighted_edge_betweenness_anova_boxplot_posthoc.png,weighted_directed_community_assortativity,edge_weakening,weighted_edge_betweenness,auc_abs_delta,
anova_boxplot_posthoc,019_weighted_directed_community_assortativity_edge_weakening_random_subset_random_fixed_10pct_anova_boxplot_posthoc.png,04_anova_boxplots_posthoc/weighted_directed_community_assortativity/019_weighted_directed_community_assortativity_edge_weakening_random_subset_random_fixed_10pct_anova_boxplot_posthoc.png,weighted_directed_community_assortativity,edge_weakening_random_subset,random_fixed_10pct,auc_abs_delta,
anova_boxplot_posthoc,020_weighted_directed_community_assortativity_edge_weakening_random_subset_weighted_edge_betweenness_fixed_10pct_anova_boxplot_posthoc.png,04_anova_boxplots_posthoc/weighted_directed_community_assortativity/020_weighted_directed_community_assortativity_edge_weakening_random_subset_weighted_edge_betweenness_fixed_10pct_anova_boxplot_posthoc.png,weighted_directed_community_assortativity,edge_weakening_random_subset,weighted_edge_betweenness_fixed_10pct,auc_abs_delta,
anova_boxplot_posthoc,021_yuan_out_in_strength_assortativity_node_removal_random_anova_boxplot_posthoc.png,04_anova_boxplots_posthoc/yuan_out_in_strength_assortativity/021_yuan_out_in_strength_assortativity_node_removal_random_anova_boxplot_posthoc.png,yuan_out_in_strength_assortativity,node_removal,random,auc_abs_delta,
anova_boxplot_posthoc,022_yuan_out_in_strength_assortativity_node_removal_weighted_slack_anova_boxplot_posthoc.png,04_anova_boxplots_posthoc/yuan_out_in_strength_assortativity/022_yuan_out_in_strength_assortativity_node_removal_weighted_slack_anova_boxplot_posthoc.png,yuan_out_in_strength_assortativity,node_removal,weighted_slack,auc_abs_delta,
anova_boxplot_posthoc,023_yuan_out_in_strength_assortativity_node_removal_out_strength_anova_boxplot_posthoc.png,04_anova_boxplots_posthoc/yuan_out_in_strength_assortativity/023_yuan_out_in_strength_assortativity_node_removal_out_strength_anova_boxplot_posthoc.png,yuan_out_in_strength_assortativity,node_removal,out_strength,auc_abs_delta,
anova_boxplot_posthoc,024_yuan_out_in_strength_assortativity_node_redistribution_random_anova_boxplot_posthoc.png,04_anova_boxplots_posthoc/yuan_out_in_strength_assortativity/024_yuan_out_in_strength_assortativity_node_redistribution_random_anova_boxplot_posthoc.png,yuan_out_in_strength_assortativity,node_redistribution,random,auc_abs_delta,
anova_boxplot_posthoc,025_yuan_out_in_strength_assortativity_node_redistribution_weighted_slack_anova_boxplot_posthoc.png,04_anova_boxplots_posthoc/yuan_out_in_strength_assortativity/025_yuan_out_in_strength_assortativity_node_redistribution_weighted_slack_anova_boxplot_posthoc.png,yuan_out_in_strength_assortativity,node_redistribution,weighted_slack,auc_abs_delta,
anova_boxplot_posthoc,026_yuan_out_in_strength_assortativity_node_redistribution_out_strength_anova_boxplot_posthoc.png,04_anova_boxplots_posthoc/yuan_out_in_strength_assortativity/026_yuan_out_in_strength_assortativity_node_redistribution_out_strength_anova_boxplot_posthoc.png,yuan_out_in_strength_assortativity,node_redistribution,out_strength,auc_abs_delta,
anova_boxplot_posthoc,027_yuan_out_in_strength_assortativity_edge_weakening_random_edge_anova_boxplot_posthoc.png,04_anova_boxplots_posthoc/yuan_out_in_strength_assortativity/027_yuan_out_in_strength_assortativity_edge_weakening_random_edge_anova_boxplot_posthoc.png,yuan_out_in_strength_assortativity,edge_weakening,random_edge,auc_abs_delta,
anova_boxplot_posthoc,028_yuan_out_in_strength_assortativity_edge_weakening_weighted_edge_betweenness_anova_boxplot_posthoc.png,04_anova_boxplots_posthoc/yuan_out_in_strength_assortativity/028_yuan_out_in_strength_assortativity_edge_weakening_weighted_edge_betweenness_anova_boxplot_posthoc.png,yuan_out_in_strength_assortativity,edge_weakening,weighted_edge_betweenness,auc_abs_delta,
anova_boxplot_posthoc,029_yuan_out_in_strength_assortativity_edge_weakening_random_subset_random_fixed_10pct_anova_boxplot_posthoc.png,04_anova_boxplots_posthoc/yuan_out_in_strength_assortativity/029_yuan_out_in_strength_assortativity_edge_weakening_random_subset_random_fixed_10pct_anova_boxplot_posthoc.png,yuan_out_in_strength_assortativity,edge_weakening_random_subset,random_fixed_10pct,auc_abs_delta,
anova_boxplot_posthoc,030_yuan_out_in_strength_assortativity_edge_weakening_random_subset_weighted_edge_betweenness_fixed_10pct_anova_boxplot_posthoc.png,04_anova_boxplots_posthoc/yuan_out_in_strength_assortativity/030_yuan_out_in_strength_assortativity_edge_weakening_random_subset_weighted_edge_betweenness_fixed_10pct_anova_boxplot_posthoc.png,yuan_out_in_strength_assortativity,edge_weakening_random_subset,weighted_edge_betweenness_fixed_10pct,auc_abs_delta,
anova_boxplot_posthoc,031_spectral_kappa_node_removal_random_anova_boxplot_posthoc.png,04_anova_boxplots_posthoc/spectral_kappa/031_spectral_kappa_node_removal_random_anova_boxplot_posthoc.png,spectral_kappa,node_removal,random,auc_abs_delta,
anova_boxplot_posthoc,032_spectral_kappa_node_removal_weighted_slack_anova_boxplot_posthoc.png,04_anova_boxplots_posthoc/spectral_kappa/032_spectral_kappa_node_removal_weighted_slack_anova_boxplot_posthoc.png,spectral_kappa,node_removal,weighted_slack,auc_abs_delta,
anova_boxplot_posthoc,033_spectral_kappa_node_removal_out_strength_anova_boxplot_posthoc.png,04_anova_boxplots_posthoc/spectral_kappa/033_spectral_kappa_node_removal_out_strength_anova_boxplot_posthoc.png,spectral_kappa,node_removal,out_strength,auc_abs_delta,
anova_boxplot_posthoc,034_spectral_kappa_node_redistribution_random_anova_boxplot_posthoc.png,04_anova_boxplots_posthoc/spectral_kappa/034_spectral_kappa_node_redistribution_random_anova_boxplot_posthoc.png,spectral_kappa,node_redistribution,random,auc_abs_delta,
anova_boxplot_posthoc,035_spectral_kappa_node_redistribution_weighted_slack_anova_boxplot_posthoc.png,04_anova_boxplots_posthoc/spectral_kappa/035_spectral_kappa_node_redistribution_weighted_slack_anova_boxplot_posthoc.png,spectral_kappa,node_redistribution,weighted_slack,auc_abs_delta,
anova_boxplot_posthoc,036_spectral_kappa_node_redistribution_out_strength_anova_boxplot_posthoc.png,04_anova_boxplots_posthoc/spectral_kappa/036_spectral_kappa_node_redistribution_out_strength_anova_boxplot_posthoc.png,spectral_kappa,node_redistribution,out_strength,auc_abs_delta,
anova_boxplot_posthoc,037_spectral_kappa_edge_weakening_random_edge_anova_boxplot_posthoc.png,04_anova_boxplots_posthoc/spectral_kappa/037_spectral_kappa_edge_weakening_random_edge_anova_boxplot_posthoc.png,spectral_kappa,edge_weakening,random_edge,auc_abs_delta,
anova_boxplot_posthoc,038_spectral_kappa_edge_weakening_weighted_edge_betweenness_anova_boxplot_posthoc.png,04_anova_boxplots_posthoc/spectral_kappa/038_spectral_kappa_edge_weakening_weighted_edge_betweenness_anova_boxplot_posthoc.png,spectral_kappa,edge_weakening,weighted_edge_betweenness,auc_abs_delta,
anova_boxplot_posthoc,039_spectral_kappa_edge_weakening_random_subset_random_fixed_10pct_anova_boxplot_posthoc.png,04_anova_boxplots_posthoc/spectral_kappa/039_spectral_kappa_edge_weakening_random_subset_random_fixed_10pct_anova_boxplot_posthoc.png,spectral_kappa,edge_weakening_random_subset,random_fixed_10pct,auc_abs_delta,
anova_boxplot_posthoc,040_spectral_kappa_edge_weakening_random_subset_weighted_edge_betweenness_fixed_10pct_anova_boxplot_posthoc.png,04_anova_boxplots_posthoc/spectral_kappa/040_spectral_kappa_edge_weakening_random_subset_weighted_edge_betweenness_fixed_10pct_anova_boxplot_posthoc.png,spectral_kappa,edge_weakening_random_subset,weighted_edge_betweenness_fixed_10pct,auc_abs_delta,
anova_boxplot_posthoc,041_gscc_ratio_node_removal_random_anova_boxplot_posthoc.png,04_anova_boxplots_posthoc/gscc_ratio/041_gscc_ratio_node_removal_random_anova_boxplot_posthoc.png,gscc_ratio,node_removal,random,auc_abs_delta,
anova_boxplot_posthoc,042_gscc_ratio_node_removal_weighted_slack_anova_boxplot_posthoc.png,04_anova_boxplots_posthoc/gscc_ratio/042_gscc_ratio_node_removal_weighted_slack_anova_boxplot_posthoc.png,gscc_ratio,node_removal,weighted_slack,auc_abs_delta,
anova_boxplot_posthoc,043_gscc_ratio_node_removal_out_strength_anova_boxplot_posthoc.png,04_anova_boxplots_posthoc/gscc_ratio/043_gscc_ratio_node_removal_out_strength_anova_boxplot_posthoc.png,gscc_ratio,node_removal,out_strength,auc_abs_delta,
anova_boxplot_posthoc,044_gscc_ratio_node_redistribution_random_anova_boxplot_posthoc.png,04_anova_boxplots_posthoc/gscc_ratio/044_gscc_ratio_node_redistribution_random_anova_boxplot_posthoc.png,gscc_ratio,node_redistribution,random,auc_abs_delta,
anova_boxplot_posthoc,045_gscc_ratio_node_redistribution_weighted_slack_anova_boxplot_posthoc.png,04_anova_boxplots_posthoc/gscc_ratio/045_gscc_ratio_node_redistribution_weighted_slack_anova_boxplot_posthoc.png,gscc_ratio,node_redistribution,weighted_slack,auc_abs_delta,
anova_boxplot_posthoc,046_gscc_ratio_node_redistribution_out_strength_anova_boxplot_posthoc.png,04_anova_boxplots_posthoc/gscc_ratio/046_gscc_ratio_node_redistribution_out_strength_anova_boxplot_posthoc.png,gscc_ratio,node_redistribution,out_strength,auc_abs_delta,
anova_boxplot_posthoc,047_gscc_ratio_edge_weakening_random_edge_anova_boxplot_posthoc.png,04_anova_boxplots_posthoc/gscc_ratio/047_gscc_ratio_edge_weakening_random_edge_anova_boxplot_posthoc.png,gscc_ratio,edge_weakening,random_edge,auc_abs_delta,
anova_boxplot_posthoc,048_gscc_ratio_edge_weakening_weighted_edge_betweenness_anova_boxplot_posthoc.png,04_anova_boxplots_posthoc/gscc_ratio/048_gscc_ratio_edge_weakening_weighted_edge_betweenness_anova_boxplot_posthoc.png,gscc_ratio,edge_weakening,weighted_edge_betweenness,auc_abs_delta,
anova_boxplot_posthoc,049_gscc_ratio_edge_weakening_random_subset_random_fixed_10pct_anova_boxplot_posthoc.png,04_anova_boxplots_posthoc/gscc_ratio/049_gscc_ratio_edge_weakening_random_subset_random_fixed_10pct_anova_boxplot_posthoc.png,gscc_ratio,edge_weakening_random_subset,random_fixed_10pct,auc_abs_delta,
anova_boxplot_posthoc,050_gscc_ratio_edge_weakening_random_subset_weighted_edge_betweenness_fixed_10pct_anova_boxplot_posthoc.png,04_anova_boxplots_posthoc/gscc_ratio/050_gscc_ratio_edge_weakening_random_subset_weighted_edge_betweenness_fixed_10pct_anova_boxplot_posthoc.png,gscc_ratio,edge_weakening_random_subset,weighted_edge_betweenness_fixed_10pct,auc_abs_delta,
anova_boxplot_posthoc,051_reachability_node_removal_random_anova_boxplot_posthoc.png,04_anova_boxplots_posthoc/reachability/051_reachability_node_removal_random_anova_boxplot_posthoc.png,reachability,node_removal,random,auc_abs_delta,
anova_boxplot_posthoc,052_reachability_node_removal_weighted_slack_anova_boxplot_posthoc.png,04_anova_boxplots_posthoc/reachability/052_reachability_node_removal_weighted_slack_anova_boxplot_posthoc.png,reachability,node_removal,weighted_slack,auc_abs_delta,
anova_boxplot_posthoc,053_reachability_node_removal_out_strength_anova_boxplot_posthoc.png,04_anova_boxplots_posthoc/reachability/053_reachability_node_removal_out_strength_anova_boxplot_posthoc.png,reachability,node_removal,out_strength,auc_abs_delta,
anova_boxplot_posthoc,054_reachability_node_redistribution_random_anova_boxplot_posthoc.png,04_anova_boxplots_posthoc/reachability/054_reachability_node_redistribution_random_anova_boxplot_posthoc.png,reachability,node_redistribution,random,auc_abs_delta,
anova_boxplot_posthoc,055_reachability_node_redistribution_weighted_slack_anova_boxplot_posthoc.png,04_anova_boxplots_posthoc/reachability/055_reachability_node_redistribution_weighted_slack_anova_boxplot_posthoc.png,reachability,node_redistribution,weighted_slack,auc_abs_delta,
anova_boxplot_posthoc,056_reachability_node_redistribution_out_strength_anova_boxplot_posthoc.png,04_anova_boxplots_posthoc/reachability/056_reachability_node_redistribution_out_strength_anova_boxplot_posthoc.png,reachability,node_redistribution,out_strength,auc_abs_delta,
anova_boxplot_posthoc,057_reachability_edge_weakening_random_edge_anova_boxplot_posthoc.png,04_anova_boxplots_posthoc/reachability/057_reachability_edge_weakening_random_edge_anova_boxplot_posthoc.png,reachability,edge_weakening,random_edge,auc_abs_delta,
anova_boxplot_posthoc,058_reachability_edge_weakening_weighted_edge_betweenness_anova_boxplot_posthoc.png,04_anova_boxplots_posthoc/reachability/058_reachability_edge_weakening_weighted_edge_betweenness_anova_boxplot_posthoc.png,reachability,edge_weakening,weighted_edge_betweenness,auc_abs_delta,
anova_boxplot_posthoc,059_reachability_edge_weakening_random_subset_random_fixed_10pct_anova_boxplot_posthoc.png,04_anova_boxplots_posthoc/reachability/059_reachability_edge_weakening_random_subset_random_fixed_10pct_anova_boxplot_posthoc.png,reachability,edge_weakening_random_subset,random_fixed_10pct,auc_abs_delta,
anova_boxplot_posthoc,060_reachability_edge_weakening_random_subset_weighted_edge_betweenness_fixed_10pct_anova_boxplot_posthoc.png,04_anova_boxplots_posthoc/reachability/060_reachability_edge_weakening_random_subset_weighted_edge_betweenness_fixed_10pct_anova_boxplot_posthoc.png,reachability,edge_weakening_random_subset,weighted_edge_betweenness_fixed_10pct,auc_abs_delta,
anova_boxplot_posthoc,061_weighted_efficiency_node_removal_random_anova_boxplot_posthoc.png,04_anova_boxplots_posthoc/weighted_efficiency/061_weighted_efficiency_node_removal_random_anova_boxplot_posthoc.png,weighted_efficiency,node_removal,random,auc_abs_delta,
anova_boxplot_posthoc,062_weighted_efficiency_node_removal_weighted_slack_anova_boxplot_posthoc.png,04_anova_boxplots_posthoc/weighted_efficiency/062_weighted_efficiency_node_removal_weighted_slack_anova_boxplot_posthoc.png,weighted_efficiency,node_removal,weighted_slack,auc_abs_delta,
anova_boxplot_posthoc,063_weighted_efficiency_node_removal_out_strength_anova_boxplot_posthoc.png,04_anova_boxplots_posthoc/weighted_efficiency/063_weighted_efficiency_node_removal_out_strength_anova_boxplot_posthoc.png,weighted_efficiency,node_removal,out_strength,auc_abs_delta,
anova_boxplot_posthoc,064_weighted_efficiency_node_redistribution_random_anova_boxplot_posthoc.png,04_anova_boxplots_posthoc/weighted_efficiency/064_weighted_efficiency_node_redistribution_random_anova_boxplot_posthoc.png,weighted_efficiency,node_redistribution,random,auc_abs_delta,
anova_boxplot_posthoc,065_weighted_efficiency_node_redistribution_weighted_slack_anova_boxplot_posthoc.png,04_anova_boxplots_posthoc/weighted_efficiency/065_weighted_efficiency_node_redistribution_weighted_slack_anova_boxplot_posthoc.png,weighted_efficiency,node_redistribution,weighted_slack,auc_abs_delta,
anova_boxplot_posthoc,066_weighted_efficiency_node_redistribution_out_strength_anova_boxplot_posthoc.png,04_anova_boxplots_posthoc/weighted_efficiency/066_weighted_efficiency_node_redistribution_out_strength_anova_boxplot_posthoc.png,weighted_efficiency,node_redistribution,out_strength,auc_abs_delta,
anova_boxplot_posthoc,067_weighted_efficiency_edge_weakening_random_edge_anova_boxplot_posthoc.png,04_anova_boxplots_posthoc/weighted_efficiency/067_weighted_efficiency_edge_weakening_random_edge_anova_boxplot_posthoc.png,weighted_efficiency,edge_weakening,random_edge,auc_abs_delta,
anova_boxplot_posthoc,068_weighted_efficiency_edge_weakening_weighted_edge_betweenness_anova_boxplot_posthoc.png,04_anova_boxplots_posthoc/weighted_efficiency/068_weighted_efficiency_edge_weakening_weighted_edge_betweenness_anova_boxplot_posthoc.png,weighted_efficiency,edge_weakening,weighted_edge_betweenness,auc_abs_delta,
anova_boxplot_posthoc,069_weighted_efficiency_edge_weakening_random_subset_random_fixed_10pct_anova_boxplot_posthoc.png,04_anova_boxplots_posthoc/weighted_efficiency/069_weighted_efficiency_edge_weakening_random_subset_random_fixed_10pct_anova_boxplot_posthoc.png,weighted_efficiency,edge_weakening_random_subset,random_fixed_10pct,auc_abs_delta,
anova_boxplot_posthoc,070_weighted_efficiency_edge_weakening_random_subset_weighted_edge_betweenness_fixed_10pct_anova_boxplot_posthoc.png,04_anova_boxplots_posthoc/weighted_efficiency/070_weighted_efficiency_edge_weakening_random_subset_weighted_edge_betweenness_fixed_10pct_anova_boxplot_posthoc.png,weighted_efficiency,edge_weakening_random_subset,weighted_edge_betweenness_fixed_10pct,auc_abs_delta,
anova_boxplot_posthoc,071_community_assortativity_louvain_dynamic_node_removal_random_anova_boxplot_posthoc.png,04_anova_boxplots_posthoc/community_assortativity_louvain_dynamic/071_community_assortativity_louvain_dynamic_node_removal_random_anova_boxplot_posthoc.png,community_assortativity_louvain_dynamic,node_removal,random,auc_abs_delta,
anova_boxplot_posthoc,072_community_assortativity_louvain_dynamic_node_removal_weighted_slack_anova_boxplot_posthoc.png,04_anova_boxplots_posthoc/community_assortativity_louvain_dynamic/072_community_assortativity_louvain_dynamic_node_removal_weighted_slack_anova_boxplot_posthoc.png,community_assortativity_louvain_dynamic,node_removal,weighted_slack,auc_abs_delta,
anova_boxplot_posthoc,073_community_assortativity_louvain_dynamic_node_removal_out_strength_anova_boxplot_posthoc.png,04_anova_boxplots_posthoc/community_assortativity_louvain_dynamic/073_community_assortativity_louvain_dynamic_node_removal_out_strength_anova_boxplot_posthoc.png,community_assortativity_louvain_dynamic,node_removal,out_strength,auc_abs_delta,
anova_boxplot_posthoc,074_community_assortativity_louvain_dynamic_node_redistribution_random_anova_boxplot_posthoc.png,04_anova_boxplots_posthoc/community_assortativity_louvain_dynamic/074_community_assortativity_louvain_dynamic_node_redistribution_random_anova_boxplot_posthoc.png,community_assortativity_louvain_dynamic,node_redistribution,random,auc_abs_delta,
anova_boxplot_posthoc,075_community_assortativity_louvain_dynamic_node_redistribution_weighted_slack_anova_boxplot_posthoc.png,04_anova_boxplots_posthoc/community_assortativity_louvain_dynamic/075_community_assortativity_louvain_dynamic_node_redistribution_weighted_slack_anova_boxplot_posthoc.png,community_assortativity_louvain_dynamic,node_redistribution,weighted_slack,auc_abs_delta,
anova_boxplot_posthoc,076_community_assortativity_louvain_dynamic_node_redistribution_out_strength_anova_boxplot_posthoc.png,04_anova_boxplots_posthoc/community_assortativity_louvain_dynamic/076_community_assortativity_louvain_dynamic_node_redistribution_out_strength_anova_boxplot_posthoc.png,community_assortativity_louvain_dynamic,node_redistribution,out_strength,auc_abs_delta,
anova_boxplot_posthoc,077_community_assortativity_louvain_dynamic_edge_weakening_random_edge_anova_boxplot_posthoc.png,04_anova_boxplots_posthoc/community_assortativity_louvain_dynamic/077_community_assortativity_louvain_dynamic_edge_weakening_random_edge_anova_boxplot_posthoc.png,community_assortativity_louvain_dynamic,edge_weakening,random_edge,auc_abs_delta,
anova_boxplot_posthoc,078_community_assortativity_louvain_dynamic_edge_weakening_weighted_edge_betweenness_anova_boxplot_posthoc.png,04_anova_boxplots_posthoc/community_assortativity_louvain_dynamic/078_community_assortativity_louvain_dynamic_edge_weakening_weighted_edge_betweenness_anova_boxplot_posthoc.png,community_assortativity_louvain_dynamic,edge_weakening,weighted_edge_betweenness,auc_abs_delta,
anova_boxplot_posthoc,079_community_assortativity_louvain_dynamic_edge_weakening_random_subset_random_fixed_10pct_anova_boxplot_posthoc.png,04_anova_boxplots_posthoc/community_assortativity_louvain_dynamic/079_community_assortativity_louvain_dynamic_edge_weakening_random_subset_random_fixed_10pct_anova_boxplot_posthoc.png,community_assortativity_louvain_dynamic,edge_weakening_random_subset,random_fixed_10pct,auc_abs_delta,
anova_boxplot_posthoc,080_community_assortativity_louvain_dynamic_edge_weakening_random_subset_weighted_edge_betweenness_fixed_10pct_anova_boxplot_posthoc.png,04_anova_boxplots_posthoc/community_assortativity_louvain_dynamic/080_community_assortativity_louvain_dynamic_edge_weakening_random_subset_weighted_edge_betweenness_fixed_10pct_anova_boxplot_posthoc.png,community_assortativity_louvain_dynamic,edge_weakening_random_subset,weighted_edge_betweenness_fixed_10pct,auc_abs_delta,
anova_boxplot_posthoc,081_weighted_directed_community_assortativity_louvain_dynamic_node_removal_random_anova_boxplot_posthoc.png,04_anova_boxplots_posthoc/weighted_directed_community_assortativity_louvain_dynamic/081_weighted_directed_community_assortativity_louvain_dynamic_node_removal_random_anova_boxplot_posthoc.png,weighted_directed_community_assortativity_louvain_dynamic,node_removal,random,auc_abs_delta,
anova_boxplot_posthoc,082_weighted_directed_community_assortativity_louvain_dynamic_node_removal_weighted_slack_anova_boxplot_posthoc.png,04_anova_boxplots_posthoc/weighted_directed_community_assortativity_louvain_dynamic/082_weighted_directed_community_assortativity_louvain_dynamic_node_removal_weighted_slack_anova_boxplot_posthoc.png,weighted_directed_community_assortativity_louvain_dynamic,node_removal,weighted_slack,auc_abs_delta,
anova_boxplot_posthoc,083_weighted_directed_community_assortativity_louvain_dynamic_node_removal_out_strength_anova_boxplot_posthoc.png,04_anova_boxplots_posthoc/weighted_directed_community_assortativity_louvain_dynamic/083_weighted_directed_community_assortativity_louvain_dynamic_node_removal_out_strength_anova_boxplot_posthoc.png,weighted_directed_community_assortativity_louvain_dynamic,node_removal,out_strength,auc_abs_delta,
anova_boxplot_posthoc,084_weighted_directed_community_assortativity_louvain_dynamic_node_redistribution_random_anova_boxplot_posthoc.png,04_anova_boxplots_posthoc/weighted_directed_community_assortativity_louvain_dynamic/084_weighted_directed_community_assortativity_louvain_dynamic_node_redistribution_random_anova_boxplot_posthoc.png,weighted_directed_community_assortativity_louvain_dynamic,node_redistribution,random,auc_abs_delta,
anova_boxplot_posthoc,085_weighted_directed_community_assortativity_louvain_dynamic_node_redistribution_weighted_slack_anova_boxplot_posthoc.png,04_anova_boxplots_posthoc/weighted_directed_community_assortativity_louvain_dynamic/085_weighted_directed_community_assortativity_louvain_dynamic_node_redistribution_weighted_slack_anova_boxplot_posthoc.png,weighted_directed_community_assortativity_louvain_dynamic,node_redistribution,weighted_slack,auc_abs_delta,
anova_boxplot_posthoc,086_weighted_directed_community_assortativity_louvain_dynamic_node_redistribution_out_strength_anova_boxplot_posthoc.png,04_anova_boxplots_posthoc/weighted_directed_community_assortativity_louvain_dynamic/086_weighted_directed_community_assortativity_louvain_dynamic_node_redistribution_out_strength_anova_boxplot_posthoc.png,weighted_directed_community_assortativity_louvain_dynamic,node_redistribution,out_strength,auc_abs_delta,
anova_boxplot_posthoc,087_weighted_directed_community_assortativity_louvain_dynamic_edge_weakening_random_edge_anova_boxplot_posthoc.png,04_anova_boxplots_posthoc/weighted_directed_community_assortativity_louvain_dynamic/087_weighted_directed_community_assortativity_louvain_dynamic_edge_weakening_random_edge_anova_boxplot_posthoc.png,weighted_directed_community_assortativity_louvain_dynamic,edge_weakening,random_edge,auc_abs_delta,
anova_boxplot_posthoc,088_weighted_directed_community_assortativity_louvain_dynamic_edge_weakening_weighted_edge_betweenness_anova_boxplot_posthoc.png,04_anova_boxplots_posthoc/weighted_directed_community_assortativity_louvain_dynamic/088_weighted_directed_community_assortativity_louvain_dynamic_edge_weakening_weighted_edge_betweenness_anova_boxplot_posthoc.png,weighted_directed_community_assortativity_louvain_dynamic,edge_weakening,weighted_edge_betweenness,auc_abs_delta,
anova_boxplot_posthoc,089_weighted_directed_community_assortativity_louvain_dynamic_edge_weakening_random_subset_random_fixed_10pct_anova_boxplot_posthoc.png,04_anova_boxplots_posthoc/weighted_directed_community_assortativity_louvain_dynamic/089_weighted_directed_community_assortativity_louvain_dynamic_edge_weakening_random_subset_random_fixed_10pct_anova_boxplot_posthoc.png,weighted_directed_community_assortativity_louvain_dynamic,edge_weakening_random_subset,random_fixed_10pct,auc_abs_delta,
anova_boxplot_posthoc,090_weighted_directed_community_assortativity_louvain_dynamic_edge_weakening_random_subset_weighted_edge_betweenness_fixed_10pct_anova_boxplot_posthoc.png,04_anova_boxplots_posthoc/weighted_directed_community_assortativity_louvain_dynamic/090_weighted_directed_community_assortativity_louvain_dynamic_edge_weakening_random_subset_weighted_edge_betweenness_fixed_10pct_anova_boxplot_posthoc.png,weighted_directed_community_assortativity_louvain_dynamic,edge_weakening_random_subset,weighted_edge_betweenness_fixed_10pct,auc_abs_delta,
paired_heatmap,node_removal_random_mean_delta_auc.png,05_heatmaps/paired_delta/node_removal_random_mean_delta_auc.png,ALL,node_removal,random,mean_delta_auc,
paired_heatmap,node_removal_random_cohen_dz.png,05_heatmaps/paired_delta/node_removal_random_cohen_dz.png,ALL,node_removal,random,cohen_dz,
paired_heatmap,node_removal_weighted_slack_mean_delta_auc.png,05_heatmaps/paired_delta/node_removal_weighted_slack_mean_delta_auc.png,ALL,node_removal,weighted_slack,mean_delta_auc,
paired_heatmap,node_removal_weighted_slack_cohen_dz.png,05_heatmaps/paired_delta/node_removal_weighted_slack_cohen_dz.png,ALL,node_removal,weighted_slack,cohen_dz,
paired_heatmap,node_removal_out_strength_mean_delta_auc.png,05_heatmaps/paired_delta/node_removal_out_strength_mean_delta_auc.png,ALL,node_removal,out_strength,mean_delta_auc,
paired_heatmap,node_removal_out_strength_cohen_dz.png,05_heatmaps/paired_delta/node_removal_out_strength_cohen_dz.png,ALL,node_removal,out_strength,cohen_dz,
paired_heatmap,node_redistribution_random_mean_delta_auc.png,05_heatmaps/paired_delta/node_redistribution_random_mean_delta_auc.png,ALL,node_redistribution,random,mean_delta_auc,
paired_heatmap,node_redistribution_random_cohen_dz.png,05_heatmaps/paired_delta/node_redistribution_random_cohen_dz.png,ALL,node_redistribution,random,cohen_dz,
paired_heatmap,node_redistribution_weighted_slack_mean_delta_auc.png,05_heatmaps/paired_delta/node_redistribution_weighted_slack_mean_delta_auc.png,ALL,node_redistribution,weighted_slack,mean_delta_auc,
paired_heatmap,node_redistribution_weighted_slack_cohen_dz.png,05_heatmaps/paired_delta/node_redistribution_weighted_slack_cohen_dz.png,ALL,node_redistribution,weighted_slack,cohen_dz,
paired_heatmap,node_redistribution_out_strength_mean_delta_auc.png,05_heatmaps/paired_delta/node_redistribution_out_strength_mean_delta_auc.png,ALL,node_redistribution,out_strength,mean_delta_auc,
paired_heatmap,node_redistribution_out_strength_cohen_dz.png,05_heatmaps/paired_delta/node_redistribution_out_strength_cohen_dz.png,ALL,node_redistribution,out_strength,cohen_dz,
paired_heatmap,edge_weakening_random_edge_mean_delta_auc.png,05_heatmaps/paired_delta/edge_weakening_random_edge_mean_delta_auc.png,ALL,edge_weakening,random_edge,mean_delta_auc,
paired_heatmap,edge_weakening_random_edge_cohen_dz.png,05_heatmaps/paired_delta/edge_weakening_random_edge_cohen_dz.png,ALL,edge_weakening,random_edge,cohen_dz,
paired_heatmap,edge_weakening_weighted_edge_betweenness_mean_delta_auc.png,05_heatmaps/paired_delta/edge_weakening_weighted_edge_betweenness_mean_delta_auc.png,ALL,edge_weakening,weighted_edge_betweenness,mean_delta_auc,
paired_heatmap,edge_weakening_weighted_edge_betweenness_cohen_dz.png,05_heatmaps/paired_delta/edge_weakening_weighted_edge_betweenness_cohen_dz.png,ALL,edge_weakening,weighted_edge_betweenness,cohen_dz,
paired_heatmap,edge_weakening_random_subset_random_fixed_10pct_mean_delta_auc.png,05_heatmaps/paired_delta/edge_weakening_random_subset_random_fixed_10pct_mean_delta_auc.png,ALL,edge_weakening_random_subset,random_fixed_10pct,mean_delta_auc,
paired_heatmap,edge_weakening_random_subset_random_fixed_10pct_cohen_dz.png,05_heatmaps/paired_delta/edge_weakening_random_subset_random_fixed_10pct_cohen_dz.png,ALL,edge_weakening_random_subset,random_fixed_10pct,cohen_dz,
paired_heatmap,edge_weakening_random_subset_weighted_edge_betweenness_fixed_10pct_mean_delta_auc.png,05_heatmaps/paired_delta/edge_weakening_random_subset_weighted_edge_betweenness_fixed_10pct_mean_delta_auc.png,ALL,edge_weakening_random_subset,weighted_edge_betweenness_fixed_10pct,mean_delta_auc,
paired_heatmap,edge_weakening_random_subset_weighted_edge_betweenness_fixed_10pct_cohen_dz.png,05_heatmaps/paired_delta/edge_weakening_random_subset_weighted_edge_betweenness_fixed_10pct_cohen_dz.png,ALL,edge_weakening_random_subset,weighted_edge_betweenness_fixed_10pct,cohen_dz,
anova_effect_heatmap,anova_omega2_lfr.png,05_heatmaps/anova_omega2_lfr.png,ALL,ALL,ALL,omega_squared,lfr
anova_effect_heatmap,anova_omega2_null.png,05_heatmaps/anova_omega2_null.png,ALL,ALL,ALL,omega_squared,null
